"","idx","object_id","filename","filename_prosome_mask","filename_lipid_mask","class","cruise","station","haul","date","width","height","is_valid","IoU","copepod_area_pixels","copepod_mass_annotated","copepod_area_pixels_pred","copepod_mass_pred","whole_image_area_pixels"
"1",0,"20130815 104200 655 000000 0053 0384","20130815 104200 655 000000 0053 0384.bmp","20130815_104200_655_000000_0053_0384-Prosome_mask.png","20130815_104200_655_000000_0053_0384.bmp-Lipid_mask.png","ChypFlat","ArcticNet2013","101",1,"8/15/2013",290,196,"False",0.751566356559711,10252,2.03119172297668,8199,1.49219326962175,56840
"2",1,"20130815 104202 761 000000 0103 0536","20130815 104202 761 000000 0103 0536.bmp","20130815_104202_761_000000_0103_0536-Prosome_mask.png","20130815_104202_761_000000_0103_0536.bmp-Lipid_mask.png","ChypFlat","ArcticNet2013","101",1,"8/15/2013",220,402,"False",0.698049001814882,12820,2.7651616709869,9635,1.8644486461568,88440
"3",2,"20130815 104207 359 000000 0147 0692","20130815 104207 359 000000 0147 0692.bmp","20130815_104207_359_000000_0147_0692-Prosome_mask.png","20130815_104207_359_000000_0147_0692.bmp-Lipid_mask.png","ChypFlat","ArcticNet2013","101",1,"8/15/2013",187,496,"False",0.861978427476582,13734,3.04084982727925,12505,2.67184065689277,92752
"4",3,"20130815 104208 999 000001 0219 0872","20130815 104208 999 000001 0219 0872.bmp","20130815_104208_999_000001_0219_0872-Prosome_mask.png","20130815_104208_999_000001_0219_0872.bmp-Lipid_mask.png","ChypFlat","ArcticNet2013","101",1,"8/15/2013",165,553,"False",0.861465985308208,11503,2.38097260694633,11810,2.46910700890406,91245
"5",4,"20130815 104217 755 000000 0919 0864","20130815 104217 755 000000 0919 0864.bmp","20130815_104217_755_000000_0919_0864-Prosome_mask.png","20130815_104217_755_000000_0919_0864.bmp-Lipid_mask.png","CglacVlat","ArcticNet2013","101",1,"8/15/2013",231,244,"False",0.772739541160594,3668,0.491753573807068,2900,0.355585702719794,56364
"6",5,"20130815 104217 955 000000 0219 0432","20130815 104217 955 000000 0219 0432.bmp","20130815_104217_955_000000_0219_0432-Prosome_mask.png","20130815_104217_955_000000_0219_0432.bmp-Lipid_mask.png","CglacVlat","ArcticNet2013","101",1,"8/15/2013",140,231,"False",0.853189691592733,4556,0.663255073614254,4217,0.596128688990057,32340
"7",6,"20130815 104221 920 000000 1023 0172","20130815 104221 920 000000 1023 0172.bmp","20130815_104221_920_000000_1023_0172-Prosome_mask.png","20130815_104221_920_000000_1023_0172.bmp-Lipid_mask.png","CglacVdorsex","ArcticNet2013","101",1,"8/15/2013",280,329,"False",0.766963292547275,3214,0.409787170509218,3140,0.39682403418413,92120
"8",7,"20130815 104222 120 000000 0307 0732","20130815 104222 120 000000 0307 0732.bmp","20130815_104222_120_000000_0307_0732-Prosome_mask.png","20130815_104222_120_000000_0307_0732.bmp-Lipid_mask.png","ChypVlat","ArcticNet2013","101",1,"8/15/2013",144,282,"False",0.853799758745476,3955,0.545628700875781,3729,0.503074776134736,40608
"9",8,"20130815 104222 187 000000 0979 0860","20130815 104222 187 000000 0979 0860.bmp","20130815_104222_187_000000_0979_0860-Prosome_mask.png","20130815_104222_187_000000_0979_0860.bmp-Lipid_mask.png","ChypVlat","ArcticNet2013","101",1,"8/15/2013",271,177,"False",0.847967887606623,5623,0.886729197533493,5426,0.844145214890696,47967
"10",9,"20130815 104222 999 000000 0703 0192","20130815 104222 999 000000 0703 0192.bmp","20130815_104222_999_000000_0703_0192-Prosome_mask.png","20130815_104222_999_000000_0703_0192.bmp-Lipid_mask.png","ChypVlat","ArcticNet2013","101",1,"8/15/2013",136,324,"False",0.874018436326391,5179,0.791579267197508,5799,0.925256923778028,44064
"11",10,"20130815 104223 853 000000 1067 0284","20130815 104223 853 000000 1067 0284.bmp","20130815_104223_853_000000_1067_0284-Prosome_mask.png","20130815_104223_853_000000_1067_0284.bmp-Lipid_mask.png","MlongFdors","ArcticNet2013","101",1,"8/15/2013",165,271,"False",0.77504816955684,1847,0.190791652372087,1838,0.189509878553806,44715
"12",11,"20130815 104223 886 000000 0871 0344","20130815 104223 886 000000 0871 0344.bmp","20130815_104223_886_000000_0871_0344-Prosome_mask.png","20130815_104223_886_000000_0871_0344.bmp-Lipid_mask.png","ChypVlat","ArcticNet2013","101",1,"8/15/2013",293,261,"False",0.89304614241946,10718,2.15969305796649,9672,1.87433636310984,76473
"13",12,"20130815 104223 919 000000 0375 0288","20130815 104223 919 000000 0375 0288.bmp","20130815_104223_919_000000_0375_0288-Prosome_mask.png","20130815_104223_919_000000_0375_0288.bmp-Lipid_mask.png","ChypFlat","ArcticNet2013","101",1,"8/15/2013",178,569,"False",0.937142432573,13170,2.86987792053282,12902,2.78959891467152,101282
"14",13,"20130815 104226 352 000000 0135 0592","20130815 104226 352 000000 0135 0592.bmp","20130815_104226_352_000000_0135_0592-Prosome_mask.png","20130815_104226_352_000000_0135_0592.bmp-Lipid_mask.png","CglacVdors","ArcticNet2013","101",1,"8/15/2013",165,220,"False",0.772249294690946,3723,0.501958073187062,3187,0.405044091307836,36300
"15",14,"20130815 104228 617 000000 0559 0144","20130815 104228 617 000000 0559 0144.bmp","20130815_104228_617_000000_0559_0144-Prosome_mask.png","20130815_104228_617_000000_0559_0144.bmp-Lipid_mask.png","ChypVdors","ArcticNet2013","101",1,"8/15/2013",119,304,"False",0.85644959298685,6283,1.03348837516022,5576,0.876517253825277,36176
"16",15,"20130815 104229 217 000000 0779 0184","20130815 104229 217 000000 0779 0184.bmp","20130815_104229_217_000000_0779_0184-Prosome_mask.png","20130815_104229_217_000000_0779_0184.bmp-Lipid_mask.png","CglacVlat","ArcticNet2013","101",1,"8/15/2013",199,245,"False",0.80835734870317,3692,0.496199347702572,3838,0.523479781807202,48755
"17",16,"20130815 104229 684 000000 0327 0856","20130815 104229 684 000000 0327 0856.bmp","20130815_104229_684_000000_0327_0856-Prosome_mask.png","20130815_104229_684_000000_0327_0856.bmp-Lipid_mask.png","ChypVlat","ArcticNet2013","101",1,"8/15/2013",165,496,"False",0.855639361515524,11229,2.30306261979247,9929,1.94341100786226,81840
"18",17,"20130815 104230 417 000000 1072 0472","20130815 104230 417 000000 1072 0472.bmp","20130815_104230_417_000000_1072_0472-Prosome_mask.png","20130815_104230_417_000000_1072_0472.bmp-Lipid_mask.png","CglacVlat","ArcticNet2013","101",1,"8/15/2013",165,319,"False",0.813737373737374,4727,0.697851770623384,4251,0.602771594981853,52635
"19",18,"20130815 104231 683 000000 0335 0396","20130815 104231 683 000000 0335 0396.bmp","20130815_104231_683_000000_0335_0396-Prosome_mask.png","20130815_104231_683_000000_0335_0396.bmp-Lipid_mask.png","ChypFlat","ArcticNet2013","101",1,"8/15/2013",170,476,"False",0.796809403862301,10511,2.10234421111255,8749,1.63206581563463,80920
"20",19,"20130815 104232 482 000000 0227 0860","20130815 104232 482 000000 0227 0860.bmp","20130815_104232_482_000000_0227_0860-Prosome_mask.png","20130815_104232_482_000000_0227_0860.bmp-Lipid_mask.png","ChypVlat","ArcticNet2013","101",1,"8/15/2013",140,459,"False",0.897104725002691,9145,1.73487653532028,8481,1.56347881439488,64260
"21",20,"20130815 104234 248 000000 1072 0684","20130815 104234 248 000000 1072 0684.bmp","20130815_104234_248_000000_1072_0684-Prosome_mask.png","20130815_104234_248_000000_1072_0684.bmp-Lipid_mask.png","ChypVlat","ArcticNet2013","101",1,"8/15/2013",343,278,"False",0.744829780464524,9334,1.78454955690444,7118,1.22769099694274,95354
"22",21,"20130815 104234 482 000001 0099 0724","20130815 104234 482 000001 0099 0724.bmp","20130815_104234_482_000001_0099_0724-Prosome_mask.png","20130815_104234_482_000001_0099_0724.bmp-Lipid_mask.png","ChypVdors","ArcticNet2013","101",1,"8/15/2013",237,319,"False",0.879884919683529,7903,1.4183649435065,7779,1.38774559743508,75603
"23",22,"20130815 104234 948 000002 0139 0724","20130815 104234 948 000002 0139 0724.bmp","20130815_104234_948_000002_0139_0724-Prosome_mask.png","20130815_104234_948_000002_0139_0724.bmp-Lipid_mask.png","ChypVdors","ArcticNet2013","101",1,"8/15/2013",182,329,"False",0.812633073101491,6116,0.995772598979483,6654,1.11863734217869,59878
"24",23,"20130815 104235 481 000000 0223 0152","20130815 104235 481 000000 0223 0152.bmp","20130815_104235_481_000000_0223_0152-Prosome_mask.png","20130815_104235_481_000000_0223_0152.bmp-Lipid_mask.png","CglacVlat","ArcticNet2013","101",1,"8/15/2013",144,319,"False",0.808677370030581,4549,0.66184919717549,4914,0.736233480942522,45936
"25",24,"20130815 104236 281 000002 0999 0512","20130815 104236 281 000002 0999 0512.bmp","20130815_104236_281_000002_0999_0512-Prosome_mask.png","20130815_104236_281_000002_0999_0512.bmp-Lipid_mask.png","CglacVlat","ArcticNet2013","101",1,"8/15/2013",191,278,"False",0.855942988037669,3448,0.451520911127028,3844,0.524609458625065,53098
"26",25,"20130815 104238 846 000000 0247 0872","20130815 104238 846 000000 0247 0872.bmp","20130815_104238_846_000000_0247_0872-Prosome_mask.png","20130815_104238_846_000000_0247_0872.bmp-Lipid_mask.png","ChypIVlat","ArcticNet2013","101",1,"8/15/2013",110,292,"False",0.892808062299588,4216,0.595933616539606,4048,0.563413110698354,32120
"27",26,"20130815 104240 479 000000 0935 0524","20130815 104240 479 000000 0935 0524.bmp","20130815_104240_479_000000_0935_0524-Prosome_mask.png","20130815_104240_479_000000_0935_0524.bmp-Lipid_mask.png","ChypVlat","ArcticNet2013","101",1,"8/15/2013",335,267,"False",0.792201128783992,9497,1.82769758511024,7968,1.43448867075857,89445
"28",27,"20130815 104240 979 000000 0547 0200","20130815 104240 979 000000 0547 0200.bmp","20130815_104240_979_000000_0547_0200-Prosome_mask.png","20130815_104240_979_000000_0547_0200.bmp-Lipid_mask.png","ChypVlat","ArcticNet2013","101",1,"8/15/2013",157,502,"False",0.877714181884255,10825,2.1895030903322,9843,1.92021997459369,78814
"29",28,"20130815 104241 645 000000 0179 0600","20130815 104241 645 000000 0179 0600.bmp","20130815_104241_645_000000_0179_0600-Prosome_mask.png","20130815_104241_645_000000_0179_0600.bmp-Lipid_mask.png","CglacVlat","ArcticNet2013","101",1,"8/15/2013",267,140,"False",0.786309784993418,3820,0.520094779336034,4322,0.616708630077869,37380
"30",29,"20130815 104243 545 000001 0147 0848","20130815 104243 545 000001 0147 0848.bmp","20130815_104243_545_000001_0147_0848-Prosome_mask.png","20130815_104243_545_000001_0147_0848.bmp-Lipid_mask.png","ChypVlat","ArcticNet2013","101",1,"8/15/2013",174,476,"False",0.84394506866417,9317,1.78006583720035,8407,1.54468418105274,82824
"31",30,"20130815 104243 999 000000 0895 0376","20130815 104243 999 000000 0895 0376.bmp","20130815_104243_999_000000_0895_0376-Prosome_mask.png","20130815_104243_999_000000_0895_0376.bmp-Lipid_mask.png","CglacVlat","ArcticNet2013","101",1,"8/15/2013",136,329,"False",0.833232992173389,4597,0.671505955533752,4538,0.659641623521211,44744
"32",31,"20130815 104244 711 000000 0215 0300","20130815 104244 711 000000 0215 0300.bmp","20130815_104244_711_000000_0215_0300-Prosome_mask.png","20130815_104244_711_000000_0215_0300.bmp-Lipid_mask.png","MlongFlat","ArcticNet2013","101",1,"8/15/2013",199,241,"False",0.784005468215995,1187,0.103651847100016,1423,0.133124446682004,47959
"33",32,"20130815 104246 577 000000 0735 0188","20130815 104246 577 000000 0735 0188.bmp","20130815_104246_577_000000_0735_0188-Prosome_mask.png","20130815_104246_577_000000_0735_0188.bmp-Lipid_mask.png","ChypMlat","ArcticNet2013","101",1,"8/15/2013",174,506,"False",0.870568090249799,9465,1.81920443802276,9106,1.72467474945426,88044
"34",33,"20130815 104246 810 000000 0651 0472","20130815 104246 810 000000 0651 0472.bmp","20130815_104246_810_000000_0651_0472-Prosome_mask.png","20130815_104246_810_000000_0651_0472.bmp-Lipid_mask.png","ChypMlat","ArcticNet2013","101",1,"8/15/2013",157,361,"False",0.936817007748858,9790,1.90596608402571,9706,1.88343505602729,56677
"35",34,"20130815 104246 999 000000 0491 0184","20130815 104246 999 000000 0491 0184.bmp","20130815_104246_999_000000_0491_0184-Prosome_mask.png","20130815_104246_999_000000_0491_0184.bmp-Lipid_mask.png","ChypFlat","ArcticNet2013","101",1,"8/15/2013",204,485,"False",0.877756632710176,17770,4.33914041273967,15778,3.68253384460965,98940
"36",35,"20130815 104252 141 000000 0223 0156","20130815 104252 141 000000 0223 0156.bmp","20130815_104252_141_000000_0223_0156-Prosome_mask.png","20130815_104252_141_000000_0223_0156.bmp-Lipid_mask.png","MlongMlat","ArcticNet2013","101",1,"8/15/2013",170,121,"False",0.08274231678487,141,0.005479708156527,317,0.016760880721057,20570
"37",36,"20130815 104254 240 000000 0131 0272","20130815 104254 240 000000 0131 0272.bmp","20130815_104254_240_000000_0131_0272-Prosome_mask.png","20130815_104254_240_000000_0131_0272.bmp-Lipid_mask.png","ChypVlat","ArcticNet2013","101",1,"8/15/2013",165,334,"False",0.8646096555393,6618,1.11029398302977,7402,1.29579644764887,55110
"38",38,"20130815 104258 272 000000 0251 0264","20130815 104258 272 000000 0251 0264.bmp","20130815_104258_272_000000_0251_0264-Prosome_mask.png","20130815_104258_272_000000_0251_0264.bmp-Lipid_mask.png","ChypVlat","ArcticNet2013","101",1,"8/15/2013",157,382,"False",0.819487067075844,9073,1.71605542515183,7528,1.32633404040039,59974
"39",39,"20130815 104259 104 000000 0119 0620","20130815 104259 104 000000 0119 0620.bmp","20130815_104259_104_000000_0119_0620-Prosome_mask.png","20130815_104259_104_000000_0119_0620.bmp-Lipid_mask.png","ChypVlat","ArcticNet2013","101",1,"8/15/2013",204,340,"False",0.833862287843246,6110,0.994424747447342,7180,1.24247250422566,69360
"40",40,"20130815 104259 237 000001 1072 0680","20130815 104259 237 000001 1072 0680.bmp","20130815_104259_237_000001_1072_0680-Prosome_mask.png","20130815_104259_237_000001_1072_0680.bmp-Lipid_mask.png","ChypVdors","ArcticNet2013","101",1,"8/15/2013",331,235,"False",0.733920108327691,4370,0.626180352270761,5874,0.941811293313105,77785
"41",41,"20130815 104259 238 000000 0923 0628","20130815 104259 238 000000 0923 0628.bmp","20130815_104259_238_000000_0923_0628-Prosome_mask.png","20130815_104259_238_000000_0923_0628.bmp-Lipid_mask.png","ChypFlat","ArcticNet2013","101",1,"8/15/2013",199,480,"False",0.897433847629707,11887,2.49135018329333,11848,2.48007729477043,95520
"42",42,"20130815 104259 405 000000 0999 0524","20130815 104259 405 000000 0999 0524.bmp","20130815_104259_405_000000_0999_0524-Prosome_mask.png","20130815_104259_405_000000_0999_0524.bmp-Lipid_mask.png","CglacVlat","ArcticNet2013","101",1,"8/15/2013",271,140,"False",0.874137570562409,4676,0.687482847328173,4288,0.610023611934537,37940
"43",43,"20130815 104300 664 000000 0529 0208","20130815 104300 664 000000 0529 0208.bmp","20130815_104300_664_000000_0529_0208-Prosome_mask.png","20130815_104300_664_000000_0529_0208.bmp-Lipid_mask.png","ChypIVdors","ArcticNet2013","101",1,"8/15/2013",109,124,"False",0.677405119152692,2266,0.25298438921166,1535,0.14779665931835,13516
"44",44,"20130815 104300 797 000000 0069 0716","20130815 104300 797 000000 0069 0716.bmp","20130815_104300_797_000000_0069_0716-Prosome_mask.png","20130815_104300_797_000000_0069_0716.bmp-Lipid_mask.png","ChypIVlat","ArcticNet2013","101",1,"8/15/2013",237,113,"False",0.70844837106571,2749,0.330290585257377,3439,0.449895300036738,26781
"45",45,"20130815 104302 903 000000 0119 0868","20130815 104302 903 000000 0119 0868.bmp","20130815_104302_903_000000_0119_0868-Prosome_mask.png","20130815_104302_903_000000_0119_0868.bmp-Lipid_mask.png","ChypIVlat","ArcticNet2013","101",1,"8/15/2013",127,329,"False",0.761232906446711,3816,0.519343378320369,4298,0.611987710391545,41783
"46",46,"20130815 104303 253 000000 0097 0540","20130815 104303 253 000000 0097 0540.bmp","20130815_104303_253_000000_0097_0540-Prosome_mask.png","20130815_104303_253_000000_0097_0540.bmp-Lipid_mask.png","ChypFlat","ArcticNet2013","101",1,"8/15/2013",357,165,"False",0.918476672835297,9700,1.88182852291716,9997,1.96180225174795,58905
"47",47,"20130815 104303 770 000000 0579 0360","20130815 104303 770 000000 0579 0360.bmp","20130815_104303_770_000000_0579_0360-Prosome_mask.png","20130815_104303_770_000000_0579_0360.bmp-Lipid_mask.png","ChypIVdors","ArcticNet2013","101",1,"8/15/2013",140,151,"False",0.852751965689778,2682,0.319233280645064,2502,0.290049108508543,21140
"48",48,"20130815 104304 370 000000 0399 0904","20130815 104304 370 000000 0399 0904.bmp","20130815_104304_370_000000_0399_0904-Prosome_mask.png","20130815_104304_370_000000_0399_0904.bmp-Lipid_mask.png","ChypIVlat","ArcticNet2013","101",1,"8/15/2013",119,340,"False",0.860517206271635,4405,0.633111807496423,4732,0.698870629249806,40460
"49",49,"20130815 104304 869 000000 0231 0608","20130815 104304 869 000000 0231 0608.bmp","20130815_104304_869_000000_0231_0608-Prosome_mask.png","20130815_104304_869_000000_0231_0608.bmp-Lipid_mask.png","CglacVlat","ArcticNet2013","101",1,"8/15/2013",140,224,"False",0.731358529111338,4831,0.719127944544866,3644,0.487318840077311,31360
"50",50,"20130815 104304 919 000001 0169 0720","20130815 104304 919 000001 0169 0720.bmp","20130815_104304_919_000001_0169_0720-Prosome_mask.png","20130815_104304_919_000001_0169_0720.bmp-Lipid_mask.png","ChypFlat","ArcticNet2013","101",1,"8/15/2013",399,147,"False",0.849475345900269,10390,2.06901914457644,9527,1.83566979367743,58653
"51",51,"20130815 104304 999 000000 0775 0340","20130815 104304 999 000000 0775 0340.bmp","20130815_104304_999_000000_0775_0340-Prosome_mask.png","20130815_104304_999_000000_0775_0340.bmp-Lipid_mask.png","CglacVlat","ArcticNet2013","101",1,"8/15/2013",161,292,"False",0.80459196406289,3662,0.490643853608439,3569,0.473531953095805,47012
"52",52,"20130815 104305 669 000000 0303 0756","20130815 104305 669 000000 0303 0756.bmp","20130815_104305_669_000000_0303_0756-Prosome_mask.png","20130815_104305_669_000000_0303_0756.bmp-Lipid_mask.png","ChypFdors","ArcticNet2013","101",1,"8/15/2013",174,564,"False",0.806886631304504,9398,1.80145725534057,10700,2.15468935844251,98136
"53",53,"20130815 104305 869 000000 0815 0760","20130815 104305 869 000000 0815 0760.bmp","20130815_104305_869_000000_0815_0760-Prosome_mask.png","20130815_104305_869_000000_0815_0760.bmp-Lipid_mask.png","ChypFlat","ArcticNet2013","101",1,"8/15/2013",229,476,"False",0.886197480842068,10141,2.00090529601684,11273,2.31552552749177,109004
"54",54,"20130815 104307 102 000000 1039 0296","20130815 104307 102 000000 1039 0296.bmp","20130815_104307_102_000000_1039_0296-Prosome_mask.png","20130815_104307_102_000000_1039_0296.bmp-Lipid_mask.png","ChypIVdors","ArcticNet2013","101",1,"8/15/2013",140,224,"False",0.761132561132561,3736,0.504378459413455,3106,0.390906648104851,31360
"55",55,"20130815 104307 268 000000 0095 0680","20130815 104307 268 000000 0095 0680.bmp","20130815_104307_268_000000_0095_0680-Prosome_mask.png","20130815_104307_268_000000_0095_0680.bmp-Lipid_mask.png","CglacVdors","ArcticNet2013","101",1,"8/15/2013",267,198,"False",0.771599890978468,2875,0.351362400250265,3625,0.483815868607214,52866
"56",56,"20130815 104308 934 000000 0471 0708","20130815 104308 934 000000 0471 0708.bmp","20130815_104308_934_000000_0471_0708-Prosome_mask.png","20130815_104308_934_000000_0471_0708.bmp-Lipid_mask.png","ChypFlat","ArcticNet2013","101",1,"8/15/2013",365,282,"False",0.856340362832673,10159,2.00580809094008,9999,1.96234389224229,102930
"57",57,"20130815 104309 734 000000 0339 0160","20130815 104309 734 000000 0339 0160.bmp","20130815_104309_734_000000_0339_0160-Prosome_mask.png","20130815_104309_734_000000_0339_0160.bmp-Lipid_mask.png","CglacFlat","ArcticNet2013","101",1,"8/15/2013",119,355,"False",0.853208625617043,3314,0.427485618952216,3819,0.51990690103894,42245
"58",58,"20130815 104309 767 000000 0727 0140","20130815 104309 767 000000 0727 0140.bmp","20130815_104309_767_000000_0727_0140-Prosome_mask.png","20130815_104309_767_000000_0727_0140.bmp-Lipid_mask.png","CglacFlat","ArcticNet2013","101",1,"8/15/2013",114,345,"False",0.726703587767879,3470,0.455501413268459,3701,0.497869350098179,39330
"59",59,"20130815 104310 967 000000 0983 0408","20130815 104310 967 000000 0983 0408.bmp","20130815_104310_967_000000_0983_0408-Prosome_mask.png","20130815_104310_967_000000_0983_0408.bmp-Lipid_mask.png","MlongFlat","ArcticNet2013","101",1,"8/15/2013",119,224,"False",0.721457489878542,907,0.071504456460079,1219,0.107527653182657,26656
"60",60,"20130815 104311 067 000000 1039 0740","20130815 104311 067 000000 1039 0740.bmp","20130815_104311_067_000000_1039_0740-Prosome_mask.png","20130815_104311_067_000000_1039_0740.bmp-Lipid_mask.png","MlongFlat","ArcticNet2013","101",1,"8/15/2013",182,224,"False",0.761041009463722,989,0.080576043021891,1244,0.110582697184669,40768
"61",61,"20130815 104311 167 000000 1059 0904","20130815 104311 167 000000 1059 0904.bmp","20130815_104311_167_000000_1059_0904-Prosome_mask.png","20130815_104311_167_000000_1059_0904.bmp-Lipid_mask.png","MlongFdors","ArcticNet2013","101",1,"8/15/2013",127,241,"False",0.738928939237899,1888,0.196660799191137,1489,0.141719540802208,30607
"62",62,"20130815 104311 267 000000 1039 0672","20130815 104311 267 000000 1039 0672.bmp","20130815_104311_267_000000_1039_0672-Prosome_mask.png","20130815_104311_267_000000_1039_0672.bmp-Lipid_mask.png","MlongFlat","ArcticNet2013","101",1,"8/15/2013",157,278,"False",0.660350877192982,997,0.081476876597438,1369,0.126203619909955,43646
"63",63,"20130815 104311 667 000002 0623 0892","20130815 104311 667 000002 0623 0892.bmp","20130815_104311_667_000002_0623_0892-Prosome_mask.png","20130815_104311_667_000002_0623_0892.bmp-Lipid_mask.png","MlongFlat","ArcticNet2013","101",1,"8/15/2013",98,256,"False",0.844366197183099,1231,0.10899113284196,1388,0.128627111426243,25088
"64",64,"20130815 104312 100 000000 0959 0276","20130815 104312 100 000000 0959 0276.bmp","20130815_104312_100_000000_0959_0276-Prosome_mask.png","20130815_104312_100_000000_0959_0276.bmp-Lipid_mask.png","ChypVlat","ArcticNet2013","101",1,"8/15/2013",225,396,"False",0.842662246589315,7032,1.20726853901356,7420,1.30014695401968,89100
"65",65,"20130815 104312 300 000001 0439 0336","20130815 104312 300 000001 0439 0336.bmp","20130815_104312_300_000001_0439_0336-Prosome_mask.png","20130815_104312_300_000001_0439_0336.bmp-Lipid_mask.png","ChypVlat","ArcticNet2013","101",1,"8/15/2013",140,439,"False",0.859070464767616,6720,1.13397805581292,6920,1.18081391929305,61460
"66",66,"20130815 104312 466 000000 0867 0144","20130815 104312 466 000000 0867 0144.bmp","20130815_104312_466_000000_0867_0144-Prosome_mask.png","20130815_104312_466_000000_0867_0144.bmp-Lipid_mask.png","ChypVlat","ArcticNet2013","101",1,"8/15/2013",144,408,"False",0.731423173803526,4856,0.724268553525572,6142,1.00161909242773,58752
"67",67,"20130815 104312 866 000000 1011 0580","20130815 104312 866 000000 1011 0580.bmp","20130815_104312_866_000000_1011_0580-Prosome_mask.png","20130815_104312_866_000000_1011_0580.bmp-Lipid_mask.png","ChypIVlat","ArcticNet2013","101",1,"8/15/2013",237,224,"False",0.830732292917167,4808,0.714407502901246,4342,0.620650349025452,53088
"68",68,"20130815 104313 099 000000 0347 0688","20130815 104313 099 000000 0347 0688.bmp","20130815_104313_099_000000_0347_0688-Prosome_mask.png","20130815_104313_099_000000_0347_0688.bmp-Lipid_mask.png","CglacVlat","ArcticNet2013","101",1,"8/15/2013",161,231,"False",0.873651079136691,4145,0.582128566489948,4189,0.590673314729317,37191
"69",69,"20130815 104313 199 000001 0291 0236","20130815 104313 199 000001 0291 0236.bmp","20130815_104313_199_000001_0291_0236-Prosome_mask.png","20130815_104313_199_000001_0291_0236.bmp-Lipid_mask.png","CglacVlat","ArcticNet2013","101",1,"8/15/2013",182,319,"False",0.79062114356232,4227,0.598080379916515,4479,0.647835764043316,58058
"70",70,"20130815 104313 233 000000 1039 0228","20130815 104313 233 000000 1039 0228.bmp","20130815_104313_233_000000_1039_0228-Prosome_mask.png","20130815_104313_233_000000_1039_0228.bmp-Lipid_mask.png","CglacVlat","ArcticNet2013","101",1,"8/15/2013",259,151,"False",0.866707366707367,4634,0.678975923115709,4539,0.659842228094151,39109
"71",71,"20130815 104313 649 000000 0869 0712","20130815 104313 649 000000 0869 0712.bmp","20130815_104313_649_000000_0869_0712-Prosome_mask.png","20130815_104313_649_000000_0869_0712.bmp-Lipid_mask.png","CglacVlat","ArcticNet2013","101",1,"8/15/2013",176,205,"False",0.79454601797335,2970,0.36748443888681,2821,0.342287715196116,36080
"72",72,"20130815 104313 849 000000 0169 0280","20130815 104313 849 000000 0169 0280.bmp","20130815_104313_849_000000_0169_0280-Prosome_mask.png","20130815_104313_849_000000_0169_0280.bmp-Lipid_mask.png","CglacVlat","ArcticNet2013","101",1,"8/15/2013",165,124,"False",0.41079703429101,2630,0.310723418667719,3459,0.453509959645009,20460
"73",73,"20130815 104314 332 000000 0927 0600","20130815 104314 332 000000 0927 0600.bmp","20130815_104314_332_000000_0927_0600-Prosome_mask.png","20130815_104314_332_000000_0927_0600.bmp-Lipid_mask.png","ChypVlat","ArcticNet2013","101",1,"8/15/2013",293,361,"False",0.833527357392316,6714,1.13258106992394,7461,1.31007140916489,105773
"74",74,"20130815 104315 798 000000 0967 0452","20130815 104315 798 000000 0967 0452.bmp","20130815_104315_798_000000_0967_0452-Prosome_mask.png","20130815_104315_798_000000_0967_0452.bmp-Lipid_mask.png","ChypVlat","ArcticNet2013","101",1,"8/15/2013",382,287,"False",0.871581450653983,10720,2.16024922181857,9742,1.89308217564181,109634
"75",75,"20130815 104317 814 000000 0973 0020","20130815 104317 814 000000 0973 0020.bmp","20130815_104317_814_000000_0973_0020-Prosome_mask.png","20130815_104317_814_000000_0973_0020.bmp-Lipid_mask.png","CglacVdorsex","ArcticNet2013","101",1,"8/15/2013",237,248,"False",0.821917808219178,2584,0.303248538475901,2337,0.263987933688228,58776
"76",76,"20130815 104318 014 000000 0257 0580","20130815 104318 014 000000 0257 0580.bmp","20130815_104318_014_000000_0257_0580-Prosome_mask.png","20130815_104318_014_000000_0257_0580.bmp-Lipid_mask.png","ChypVlat","ArcticNet2013","101",1,"8/15/2013",128,241,"False",0.809106830122592,4242,0.601011206740246,4022,0.558425324194346,30848
"77",77,"20130815 104318 081 000000 0929 0708","20130815 104318 081 000000 0929 0708.bmp","20130815_104318_081_000000_0929_0708-Prosome_mask.png","20130815_104318_081_000000_0929_0708.bmp-Lipid_mask.png","ChypVlat","ArcticNet2013","101",1,"8/15/2013",233,120,"False",0.84771013426522,5420,0.842857331818774,4626,0.677358867746177,27960
"78",78,"20130815 104318 914 000000 0653 0040","20130815 104318 914 000000 0653 0040.bmp","20130815_104318_914_000000_0653_0040-Prosome_mask.png","20130815_104318_914_000000_0653_0040.bmp-Lipid_mask.png","ChypVlat","ArcticNet2013","101",1,"8/15/2013",203,128,"False",0.847051780903921,3278,0.421090461091052,2893,0.35440177797535,25984
"79",79,"20130815 104319 197 000000 0439 0792","20130815 104319 197 000000 0439 0792.bmp","20130815_104319_197_000000_0439_0792-Prosome_mask.png","20130815_104319_197_000000_0439_0792.bmp-Lipid_mask.png","ChypFlat","ArcticNet2013","101",1,"8/15/2013",229,506,"False",0.894747543205693,14512,3.28109409911836,13445,2.95290154205959,115874
"80",80,"20130815 104319 747 000000 1017 0132","20130815 104319 747 000000 1017 0132.bmp","20130815_104319_747_000000_1017_0132-Prosome_mask.png","20130815_104319_747_000000_1017_0132.bmp-Lipid_mask.png","MlongFdors","ArcticNet2013","101",1,"8/15/2013",196,147,"False",0.643178410794603,2001,0.21308654898414,1287,0.11589199747965,28812
"81",81,"20130815 104319 780 000000 0821 0192","20130815 104319 780 000000 0821 0192.bmp","20130815_104319_780_000000_0821_0192-Prosome_mask.png","20130815_104319_780_000000_0821_0192.bmp-Lipid_mask.png","ChypVlat","ArcticNet2013","101",1,"8/15/2013",188,259,"False",0.881205452044517,7547,1.33095587178557,7497,1.31880267245647,48692
"82",82,"20130815 104319 813 000000 0325 0136","20130815 104319 813 000000 0325 0136.bmp","20130815_104319_813_000000_0325_0136-Prosome_mask.png","20130815_104319_813_000000_0325_0136.bmp-Lipid_mask.png","ChypFlat","ArcticNet2013","101",1,"8/15/2013",410,158,"False",0.949163508642203,10741,2.16609132203619,10347,2.05721173641258,64780
"83",83,"20130815 104322 246 000000 0085 0440","20130815 104322 246 000000 0085 0440.bmp","20130815_104322_246_000000_0085_0440-Prosome_mask.png","20130815_104322_246_000000_0085_0440.bmp-Lipid_mask.png","CglacVdors","ArcticNet2013","101",1,"8/15/2013",158,147,"False",0.738505747126437,3480,0.457313908747862,2570,0.300983552439855,23226
"84",84,"20130815 104322 262 000001 0811 0348","20130815 104322 262 000001 0811 0348.bmp","20130815_104322_262_000001_0811_0348-Prosome_mask.png","20130815_104322_262_000001_0811_0348.bmp-Lipid_mask.png","ChypFlat","ArcticNet2013","101",1,"8/15/2013",204,590,"False",0.875919780695426,13105,2.85034971985914,12899,2.78870382637053,120360
"85",85,"20130815 104322 396 000000 0679 0204","20130815 104322 396 000000 0679 0204.bmp","20130815_104322_396_000000_0679_0204-Prosome_mask.png","20130815_104322_396_000000_0679_0204.bmp-Lipid_mask.png","ChypIVlat","ArcticNet2013","101",1,"8/15/2013",123,355,"False",0.816988785492722,3524,0.465312366907053,4091,0.571688867499705,43665
"86",86,"20130815 104324 511 000000 0509 0016","20130815 104324 511 000000 0509 0016.bmp","20130815_104324_511_000000_0509_0016-Prosome_mask.png","20130815_104324_511_000000_0509_0016.bmp-Lipid_mask.png","ChypVdors","ArcticNet2013","101",1,"8/15/2013",218,105,"False",0.781520014106859,5587,0.878904362338488,4516,0.655232576728031,22890
"87",87,"20130815 104325 111 000000 0729 0032","20130815 104325 111 000000 0729 0032.bmp","20130815_104325_111_000000_0729_0032-Prosome_mask.png","20130815_104325_111_000000_0729_0032.bmp-Lipid_mask.png","CglacVlat","ArcticNet2013","101",1,"8/15/2013",177,177,"False",0.721317408613826,2097,0.22732169602436,2659,0.315461496409442,31329
"88",88,"20130815 104325 194 000001 0683 0892","20130815 104325 194 000001 0683 0892.bmp","20130815_104325_194_000001_0683_0892-Prosome_mask.png","20130815_104325_194_000001_0683_0892.bmp-Lipid_mask.png","CglacVlat","ArcticNet2013","101",1,"8/15/2013",144,292,"False",0.815042573320719,3756,0.50810838156728,3918,0.538597048625743,42048
"89",89,"20130815 104325 578 000000 0277 0704","20130815 104325 578 000000 0277 0704.bmp","20130815_104325_578_000000_0277_0704-Prosome_mask.png","20130815_104325_578_000000_0277_0704.bmp-Lipid_mask.png","ChypVlat","ArcticNet2013","101",1,"8/15/2013",357,147,"False",0.768239492466297,10038,1.97291410452431,7800,1.39291817539228,52479
"90",90,"20130815 104326 311 000000 1025 0320","20130815 104326 311 000000 1025 0320.bmp","20130815_104326_311_000000_1025_0320-Prosome_mask.png","20130815_104326_311_000000_1025_0320.bmp-Lipid_mask.png","CglacVlat","ArcticNet2013","101",1,"8/15/2013",229,147,"False",0.665395828661135,4410,0.634103728806964,3016,0.37536199521001,33663
"91",91,"20130815 104326 994 000000 1047 0188","20130815 104326 994 000000 1047 0188.bmp","20130815_104326_994_000000_1047_0188-Prosome_mask.png","20130815_104326_994_000000_1047_0188.bmp-Lipid_mask.png","cglac2hyp1dors","ArcticNet2013","101",1,"8/15/2013",98,131,"False",0.412993039443155,808,0.060962494783725,410,0.023904341020364,12838
"92",92,"20130815 104326 999 000000 1023 0608","20130815 104326 999 000000 1023 0608.bmp","20130815_104326_999_000000_1023_0608-Prosome_mask.png","20130815_104326_999_000000_1023_0608.bmp-Lipid_mask.png","ChypIVlat","ArcticNet2013","101",1,"8/15/2013",212,278,"False",0.756200730628725,5105,0.776013333932298,4029,0.559766987996867,58936
"93",93,"20130815 104327 394 000000 0223 0544","20130815 104327 394 000000 0223 0544.bmp","20130815_104327_394_000000_0223_0544-Prosome_mask.png","20130815_104327_394_000000_0223_0544.bmp-Lipid_mask.png","ChypIVlat","ArcticNet2013","101",1,"8/15/2013",220,256,"False",0.891778355671134,4864,0.725915676017822,4593,0.670699755848911,56320
"94",94,"20130815 104327 460 000000 1072 0572","20130815 104327 460 000000 1072 0572.bmp","20130815_104327_460_000000_1072_0572-Prosome_mask.png","20130815_104327_460_000000_1072_0572.bmp-Lipid_mask.png","ChypIVlat","ArcticNet2013","101",1,"8/15/2013",229,151,"False",0.803262481463174,3305,0.425884342473371,3991,0.552494345902547,34579
"95",95,"20130815 104327 577 000000 0285 0244","20130815 104327 577 000000 0285 0244.bmp","20130815_104327_577_000000_0285_0244-Prosome_mask.png","20130815_104327_577_000000_0285_0244.bmp-Lipid_mask.png","ChypFlat","ArcticNet2013","101",1,"8/15/2013",342,150,"False",0.838479038024049,9206,1.75086633738011,7765,1.38430015797951,51300
"96",96,"20130815 104327 594 000000 0587 0708","20130815 104327 594 000000 0587 0708.bmp","20130815_104327_594_000000_0587_0708-Prosome_mask.png","20130815_104327_594_000000_0587_0708.bmp-Lipid_mask.png","MlongFlat","ArcticNet2013","101",1,"8/15/2013",123,235,"False",0.454426229508197,720,0.051994080069624,1498,0.142903003246883,28905
"97",97,"20130815 104327 627 000000 0795 0664","20130815 104327 627 000000 0795 0664.bmp","20130815_104327_627_000000_0795_0664-Prosome_mask.png","20130815_104327_627_000000_0795_0664.bmp-Lipid_mask.png","MlongFlat","ArcticNet2013","101",1,"8/15/2013",140,177,"False",0.836720867208672,1396,0.129651316435427,1315,0.119385777598845,24780
"98",98,"20130815 104328 360 000000 0571 0136","20130815 104328 360 000000 0571 0136.bmp","20130815_104328_360_000000_0571_0136-Prosome_mask.png","20130815_104328_360_000000_0571_0136.bmp-Lipid_mask.png","MlongFlat","ArcticNet2013","101",1,"8/15/2013",106,312,"False",0.787625418060201,978,0.079341914042955,1160,0.100412337861093,33072
"99",99,"20130815 104328 376 000000 0177 0708","20130815 104328 376 000000 0177 0708.bmp","20130815_104328_376_000000_0177_0708-Prosome_mask.png","20130815_104328_376_000000_0177_0708.bmp-Lipid_mask.png","ChypVlat","ArcticNet2013","101",1,"8/15/2013",331,124,"False",0.790013179089178,5544,0.869583117145102,6680,1.1246737836769,41044
"100",100,"20130815 104329 226 000000 0315 0132","20130815 104329 226 000000 0315 0132.bmp","20130815_104329_226_000000_0315_0132-Prosome_mask.png","20130815_104329_226_000000_0315_0132.bmp-Lipid_mask.png","MlongFlat","ArcticNet2013","101",1,"8/15/2013",161,194,"False",0.577720207253886,837,0.064002389076753,990,0.080688496304933,31234
"101",101,"20130815 104329 260 000000 0347 0132","20130815 104329 260 000000 0347 0132.bmp","20130815_104329_260_000000_0347_0132-Prosome_mask.png","20130815_104329_260_000000_0347_0132.bmp-Lipid_mask.png","MlongFlat","ArcticNet2013","101",1,"8/15/2013",110,245,"False",0.66954851104707,866,0.067082578039449,872,0.067724811165015,26950
"102",102,"20130815 104329 293 000000 0347 0140","20130815 104329 293 000000 0347 0140.bmp","20130815_104329_293_000000_0347_0140-Prosome_mask.png","20130815_104329_293_000000_0347_0140.bmp-Lipid_mask.png","MlongFlat","ArcticNet2013","101",1,"8/15/2013",144,271,"False",0.644245142002989,971,0.0785592974338,1229,0.108746841504786,39024
"103",103,"20130815 104329 726 000000 0955 0168","20130815 104329 726 000000 0955 0168.bmp","20130815_104329_726_000000_0955_0168-Prosome_mask.png","20130815_104329_726_000000_0955_0168.bmp-Lipid_mask.png","MlongFlat","ArcticNet2013","101",1,"8/15/2013",165,278,"False",0.448556624722428,606,0.040987107887441,1351,0.123919438022613,45870
"104",104,"20130815 104330 142 000000 1049 0532","20130815 104330 142 000000 1049 0532.bmp","20130815_104330_142_000000_1049_0532-Prosome_mask.png","20130815_104330_142_000000_1049_0532.bmp-Lipid_mask.png","ChypVlat","ArcticNet2013","101",1,"8/15/2013",199,305,"False",0.748323421485512,7719,1.37299605709919,6098,0.991730553295978,60695
"105",105,"20130815 104330 376 000001 0049 0572","20130815 104330 376 000001 0049 0572.bmp","20130815_104330_376_000001_0049_0572-Prosome_mask.png","20130815_104330_376_000001_0049_0572.bmp-Lipid_mask.png","ChypVdors","ArcticNet2013","101",1,"8/15/2013",229,211,"False",0.851729323308271,6149,1.00319475754017,6165,1.00679883712295,48319
"106",106,"20130815 104330 842 000002 0089 0572","20130815 104330 842 000002 0089 0572.bmp","20130815_104330_842_000002_0089_0572-Prosome_mask.png","20130815_104330_842_000002_0089_0572.bmp-Lipid_mask.png","ChypVdors","ArcticNet2013","101",1,"8/15/2013",237,162,"False",0.898435054773083,6118,0.996221994519271,6013,0.972704477222881,38394
"107",107,"20130815 104331 375 000000 0173 0016","20130815 104331 375 000000 0173 0016.bmp","20130815_104331_375_000000_0173_0016-Prosome_mask.png","20130815_104331_375_000000_0173_0016.bmp-Lipid_mask.png","CglacVlat","ArcticNet2013","101",1,"8/15/2013",229,128,"False",0.755161667315933,4982,0.750329793799992,4029,0.559766987996867,29312
"108",108,"20130815 104332 125 000001 0291 0788","20130815 104332 125 000001 0291 0788.bmp","20130815_104332_125_000001_0291_0788-Prosome_mask.png","20130815_104332_125_000001_0291_0788.bmp-Lipid_mask.png","CglacVdors","ArcticNet2013","101",1,"8/15/2013",212,204,"False",0.755288461538462,4160,0.585037695673192,3142,0.397172877133552,43248
"109",109,"20130815 104332 175 000002 0949 0360","20130815 104332 175 000002 0949 0360.bmp","20130815_104332_175_000002_0949_0360-Prosome_mask.png","20130815_104332_175_000002_0949_0360.bmp-Lipid_mask.png","CglacVlat","ArcticNet2013","101",1,"8/15/2013",199,169,"False",0.740509259259259,4290,0.610416292522215,3229,0.412428772590879,33631
"110",110,"20130815 104333 624 000003 1023 0572","20130815 104333 624 000003 1023 0572.bmp","20130815_104333_624_000003_1023_0572-Prosome_mask.png","20130815_104333_624_000003_1023_0572.bmp-Lipid_mask.png","ChypIVlat","ArcticNet2013","101",1,"8/15/2013",199,235,"False",0.906462936196572,4728,0.698055509601725,4505,0.653031109722331,46765
"111",111,"20130815 104334 191 000000 0139 0352","20130815 104334 191 000000 0139 0352.bmp","20130815_104334_191_000000_0139_0352-Prosome_mask.png","20130815_104334_191_000000_0139_0352.bmp-Lipid_mask.png","ChypVlat","ArcticNet2013","101",1,"8/15/2013",416,214,"False",0.804155099847766,11004,2.23962267753929,9143,1.73435296394105,89024
"112",112,"20130815 104334 740 000000 0197 0720","20130815 104334 740 000000 0197 0720.bmp","20130815_104334_740_000000_0197_0720-Prosome_mask.png","20130815_104334_740_000000_0197_0720.bmp-Lipid_mask.png","ChypIVlat","ArcticNet2013","101",1,"8/15/2013",211,98,"False",0.812466702184337,3318,0.428197828257193,3486,0.458402356778697,20678
"113",113,"20130815 104336 373 000000 0885 0372","20130815 104336 373 000000 0885 0372.bmp","20130815_104336_373_000000_0885_0372-Prosome_mask.png","20130815_104336_373_000000_0885_0372.bmp-Lipid_mask.png","ChypVlat","ArcticNet2013","101",1,"8/15/2013",192,297,"False",0.895181390196621,7024,1.20537357840064,6663,1.12072586716408,57024
"114",114,"20130815 104336 557 000000 1072 0836","20130815 104336 557 000000 1072 0836.bmp","20130815_104336_557_000000_1072_0836-Prosome_mask.png","20130815_104336_557_000000_1072_0836.bmp-Lipid_mask.png","MlongFlat","ArcticNet2013","101",1,"8/15/2013",114,209,"False",0.523264137437366,799,0.060027410518057,1329,0.121143335536876,23826
"115",115,"20130815 104336 873 000000 0497 0048","20130815 104336 873 000000 0497 0048.bmp","20130815_104336_873_000000_0497_0048-Prosome_mask.png","20130815_104336_873_000000_0497_0048.bmp-Lipid_mask.png","ChypVlat","ArcticNet2013","101",1,"8/15/2013",361,139,"False",0.892476851851852,8102,1.46788604993881,8249,1.50476559364204,50179
"116",116,"20130815 104337 390 000001 0979 0412","20130815 104337 390 000001 0979 0412.bmp","20130815_104337_390_000001_0979_0412-Prosome_mask.png","20130815_104337_390_000001_0979_0412.bmp-Lipid_mask.png","ChypIVlat","ArcticNet2013","101",1,"8/15/2013",284,151,"False",0.819802731411229,5221,0.800451734812524,4373,0.626773653128388,42884
"117",117,"20130815 104337 390 000002 0811 0788","20130815 104337 390 000002 0811 0788.bmp","20130815_104337_390_000002_0811_0788-Prosome_mask.png","20130815_104337_390_000002_0811_0788.bmp-Lipid_mask.png","ChypFlat","ArcticNet2013","101",1,"8/15/2013",242,553,"False",0.729534353630739,15229,3.50688534502241,11328,2.33113017055373,133826
"118",118,"20130815 104337 539 000000 0129 0448","20130815 104337 539 000000 0129 0448.bmp","20130815_104337_539_000000_0129_0448-Prosome_mask.png","20130815_104337_539_000000_0129_0448.bmp-Lipid_mask.png","CglacVlat","ArcticNet2013","101",1,"8/15/2013",102,237,"False",0.822798785536848,3458,0.453329037596677,3146,0.397870816168483,24174
"119",119,"20130815 104337 656 000001 0139 0760","20130815 104337 656 000001 0139 0760.bmp","20130815_104337_656_000001_0139_0760-Prosome_mask.png","20130815_104337_656_000001_0139_0760.bmp-Lipid_mask.png","ChypIVlat","ArcticNet2013","101",1,"8/15/2013",216,214,"False",0.896573208722741,3064,0.383630867343458,3024,0.376736691420132,46224
"120",120,"20130815 104337 690 000000 0343 0748","20130815 104337 690 000000 0343 0748.bmp","20130815_104337_690_000000_0343_0748-Prosome_mask.png","20130815_104337_690_000000_0343_0748.bmp-Lipid_mask.png","ChypIVlat","ArcticNet2013","101",1,"8/15/2013",212,267,"False",0.917950012623075,3820,0.520094779336034,3777,0.512032930346845,56604
"121",121,"20130815 104339 439 000001 0097 0696","20130815 104339 439 000001 0097 0696.bmp","20130815_104339_439_000001_0097_0696-Prosome_mask.png","20130815_104339_439_000001_0097_0696.bmp-Lipid_mask.png","ChypVlat","ArcticNet2013","101",1,"8/15/2013",342,154,"False",0.848520710059172,7548,1.3311992486694,6510,1.08536751192661,52668
"122",122,"20130815 104339 689 000000 0963 0580","20130815 104339 689 000000 0963 0580.bmp","20130815_104339_689_000000_0963_0580-Prosome_mask.png","20130815_104339_689_000000_0963_0580.bmp-Lipid_mask.png","MlongMlat","ArcticNet2013","101",1,"8/15/2013",144,121,"False",0.729543496985357,1124,0.096137442159332,884,0.069014314606891,17424
"123",123,"20130815 104339 938 000000 0845 0224","20130815 104339 938 000000 0845 0224.bmp","20130815_104339_938_000000_0845_0224-Prosome_mask.png","20130815_104339_938_000000_0845_0224.bmp-Lipid_mask.png","CglacVlat","ArcticNet2013","101",1,"8/15/2013",237,120,"False",0.918703370208387,3740,0.505123838252702,3718,0.501028009616397,28440
"124",124,"20130815 104340 605 000000 0165 0148","20130815 104340 605 000000 0165 0148.bmp","20130815_104340_605_000000_0165_0148-Prosome_mask.png","20130815_104340_605_000000_0165_0148.bmp-Lipid_mask.png","MlongFlat","ArcticNet2013","101",1,"8/15/2013",173,177,"False",0.695863746958637,1578,0.153540415672038,1210,0.106433627612796,30621
"125",125,"20130815 104340 788 000000 1027 0276","20130815 104340 788 000000 1027 0276.bmp","20130815_104340_788_000000_1027_0276-Prosome_mask.png","20130815_104340_788_000000_1027_0276.bmp-Lipid_mask.png","MlongFlat","ArcticNet2013","101",1,"8/15/2013",161,161,"False",0.466128029832194,894,0.070093997622781,1465,0.138576942697718,25921
"126",126,"20130815 104340 988 000000 0099 0528","20130815 104340 988 000000 0099 0528.bmp","20130815_104340_988_000000_0099_0528-Prosome_mask.png","20130815_104340_988_000000_0099_0528.bmp-Lipid_mask.png","CglacVdors","ArcticNet2013","101",1,"8/15/2013",170,209,"False",0.782094081942337,2980,0.369193033923431,2892,0.354232734653203,35530
"127",127,"20130815 104342 471 000000 0685 0036","20130815 104342 471 000000 0685 0036.bmp","20130815_104342_471_000000_0685_0036-Prosome_mask.png","20130815_104342_471_000000_0685_0036.bmp-Lipid_mask.png","ChypMlat","ArcticNet2013","101",1,"8/15/2013",365,154,"False",0.822575077666552,8262,1.50803915108976,7578,1.33850624830623,56210
"128",128,"20130815 104342 704 000000 0601 0320","20130815 104342 704 000000 0601 0320.bmp","20130815_104342_704_000000_0601_0320-Prosome_mask.png","20130815_104342_704_000000_0601_0320.bmp-Lipid_mask.png","ChypMlat","ArcticNet2013","101",1,"8/15/2013",259,139,"False",0.929029078363726,8001,1.44269373796441,7655,1.3573111686901,36001
"129",129,"20130815 104342 904 000000 0441 0032","20130815 104342 904 000000 0441 0032.bmp","20130815_104342_904_000000_0441_0032-Prosome_mask.png","20130815_104342_904_000000_0441_0032.bmp-Lipid_mask.png","ChypFlat","ArcticNet2013","101",1,"8/15/2013",350,180,"False",0.865738507133503,14144,3.16683003580053,12926,2.7967624674365,63000
"130",130,"20130815 104343 487 000000 0091 0524","20130815 104343 487 000000 0091 0524.bmp","20130815_104343_487_000000_0091_0524-Prosome_mask.png","20130815_104343_487_000000_0091_0524.bmp-Lipid_mask.png","CglacVdors","ArcticNet2013","101",1,"8/15/2013",212,161,"False",0.819872851424535,4228,0.598275645594604,3501,0.461126590751348,34132
"131",131,"20130815 104343 954 000000 0247 0268","20130815 104343 954 000000 0247 0268.bmp","20130815_104343_954_000000_0247_0268-Prosome_mask.png","20130815_104343_954_000000_0247_0268.bmp-Lipid_mask.png","MlongFlat","ArcticNet2013","101",1,"8/15/2013",106,209,"False",0.746218487394958,943,0.075450337981451,1135,0.097438220180484,22154
"132",132,"20130815 104344 620 000000 1072 0400","20130815 104344 620 000000 1072 0400.bmp","20130815_104344_620_000000_1072_0400-Prosome_mask.png","20130815_104344_620_000000_1072_0400.bmp-Lipid_mask.png","ChypIVlat","ArcticNet2013","101",1,"8/15/2013",216,271,"False",0.737315221733919,4024,0.558808566237616,4673,0.686874243394173,58536
"133",133,"20130815 104345 653 000000 0147 0132","20130815 104345 653 000000 0147 0132.bmp","20130815_104345_653_000000_0147_0132-Prosome_mask.png","20130815_104345_653_000000_0147_0132.bmp-Lipid_mask.png","ChypIVlat","ArcticNet2013","101",1,"8/15/2013",131,278,"False",0.656917885264342,3585,0.476464002167937,3780,0.512594258434713,36418
"134",134,"20130815 104345 986 000001 0975 0192","20130815 104345 986 000001 0975 0192.bmp","20130815_104345_986_000001_0975_0192-Prosome_mask.png","20130815_104345_986_000001_0975_0192.bmp-Lipid_mask.png","MlongIVdors","ArcticNet2013","101",1,"8/15/2013",89,114,"False",0.579831932773109,157,0.00635589294945,219,0.010061157139445,10146
"135",135,"20130815 104346 053 000001 1035 0300","20130815 104346 053 000001 1035 0300.bmp","20130815_104346_053_000001_1035_0300-Prosome_mask.png","20130815_104346_053_000001_1035_0300.bmp-Lipid_mask.png","MlongaIVlat","ArcticNet2013","101",1,"8/15/2013",144,105,"False",0.393794749403341,248,0.011944785991017,336,0.018162819055531,15120
"136",136,"20130815 104346 086 000002 0575 0756","20130815 104346 086 000002 0575 0756.bmp","20130815_104346_086_000002_0575_0756-Prosome_mask.png","20130815_104346_086_000002_0575_0756.bmp-Lipid_mask.png","ChypFlat","ArcticNet2013","101",1,"8/15/2013",195,580,"False",0.932196304656801,11724,2.44432906018417,11387,2.34790173131197,113100
"137",137,"20130815 104346 253 000000 0175 0760","20130815 104346 253 000000 0175 0760.bmp","20130815_104346_253_000000_0175_0760-Prosome_mask.png","20130815_104346_253_000000_0175_0760.bmp-Lipid_mask.png","MlongaIVlat","ArcticNet2013","101",1,"8/15/2013",85,121,"False",0.393939393939394,286,0.014541867369062,358,0.01982410687262,10285
"138",138,"20130815 104348 035 000000 0173 0016","20130815 104348 035 000000 0173 0016.bmp","20130815_104348_035_000000_0173_0016-Prosome_mask.png","20130815_104348_035_000000_0173_0016.bmp-Lipid_mask.png","MlongMlat","ArcticNet2013","101",1,"8/15/2013",86,150,"False",0.661538461538462,394,0.022626628152605,578,0.038396838807346,12900
"139",139,"20130815 104348 419 000001 0243 0656","20130815 104348 419 000001 0243 0656.bmp","20130815_104348_419_000001_0243_0656-Prosome_mask.png","20130815_104348_419_000001_0243_0656.bmp-Lipid_mask.png","MlongaIVlat","ArcticNet2013","101",1,"8/15/2013",85,110,"False",0.438888888888889,203,0.009061072094582,315,0.016615125185933,9350
"140",141,"20130815 104348 618 000000 0623 0772","20130815 104348 618 000000 0623 0772.bmp","20130815_104348_618_000000_0623_0772-Prosome_mask.png","20130815_104348_618_000000_0623_0772.bmp-Lipid_mask.png","CglacFlat","ArcticNet2013","101",1,"8/15/2013",131,345,"False",0.516117542297418,3630,0.484737028363544,4883,0.729831717150947,45195
"141",142,"20130815 104349 285 000000 0451 0296","20130815 104349 285 000000 0451 0296.bmp","20130815_104349_285_000000_0451_0296-Prosome_mask.png","20130815_104349_285_000000_0451_0296.bmp-Lipid_mask.png","ChypFlat","ArcticNet2013","101",1,"8/15/2013",233,549,"False",0.90907170023947,13959,3.10981101553949,13146,2.86266323306507,127917
"142",143,"20130815 104349 685 000000 0423 0300","20130815 104349 685 000000 0423 0300.bmp","20130815_104349_685_000000_0423_0300-Prosome_mask.png","20130815_104349_685_000000_0423_0300.bmp-Lipid_mask.png","ChypIVlat","ArcticNet2013","101",1,"8/15/2013",225,224,"False",0.858611825192802,3620,0.482895191539268,3610,0.481055287122429,50400
"143",144,"20130815 104349 999 000000 0115 0248","20130815 104349 999 000000 0115 0248.bmp","20130815_104349_999_000000_0115_0248-Prosome_mask.png","20130815_104349_999_000000_0115_0248.bmp-Lipid_mask.png","ChypIVlat","ArcticNet2013","101",1,"8/15/2013",170,251,"False",0.88091180230081,4152,0.583485663156482,4677,0.687685748285663,42670
"144",145,"20130815 104350 134 000000 0081 0120","20130815 104350 134 000000 0081 0120.bmp","20130815_104350_134_000000_0081_0120-Prosome_mask.png","20130815_104350_134_000000_0081_0120.bmp-Lipid_mask.png","ChypVlat","ArcticNet2013","101",1,"8/15/2013",241,147,"False",0.862945786022709,5508,0.861800375849158,6141,1.00139405309407,35427
"145",147,"20130815 104351 351 000000 0795 0352","20130815 104351 351 000000 0795 0352.bmp","20130815_104351_351_000000_0795_0352-Prosome_mask.png","20130815_104351_351_000000_0795_0352.bmp-Lipid_mask.png","MlongFlat","ArcticNet2013","101",1,"8/15/2013",127,214,"False",0.640600315955766,1134,0.097319768876315,943,0.075450337981451,27178
"146",148,"20130815 104352 184 000000 0767 0148","20130815 104352 184 000000 0767 0148.bmp","20130815_104352_184_000000_0767_0148-Prosome_mask.png","20130815_104352_184_000000_0767_0148.bmp-Lipid_mask.png","MlongFlat","ArcticNet2013","101",1,"8/15/2013",136,214,"False",0.628787878787879,757,0.055716954179751,1178,0.102568866095363,29104
"147",149,"20130815 104353 866 000000 0565 0572","20130815 104353 866 000000 0565 0572.bmp","20130815_104353_866_000000_0565_0572-Prosome_mask.png","20130815_104353_866_000000_0565_0572.bmp-Lipid_mask.png","ChypFlat","ArcticNet2013","101",1,"8/15/2013",462,259,"False",0.785899046633656,13459,2.95714559875895,10706,2.15635690315898,119658
"148",150,"20130815 104354 166 000000 0201 0112","20130815 104354 166 000000 0201 0112.bmp","20130815_104354_166_000000_0201_0112-Prosome_mask.png","20130815_104354_166_000000_0201_0112.bmp-Lipid_mask.png","ChypVlat","ArcticNet2013","101",1,"8/15/2013",274,139,"False",0.821617228768793,7333,1.27915678521121,6116,0.995772598979483,38086
"149",151,"20130815 104355 132 000000 0873 0476","20130815 104355 132 000000 0873 0476.bmp","20130815_104355_132_000000_0873_0476-Prosome_mask.png","20130815_104355_132_000000_0873_0476.bmp-Lipid_mask.png","ChypFlat","ArcticNet2013","101",1,"8/15/2013",346,177,"False",0.882083000798084,9535,1.83779732881955,9331,1.78375808658411,61242
"150",152,"20130815 104355 249 000001 1072 0664","20130815 104355 249 000001 1072 0664.bmp","20130815_104355_249_000001_1072_0664-Prosome_mask.png","20130815_104355_249_000001_1072_0664.bmp-Lipid_mask.png","ChypIVdors","ArcticNet2013","101",1,"8/15/2013",242,224,"False",0.823903658259487,4198,0.59242532140152,3829,0.521786524713932,54208
"151",153,"20130815 104355 549 000000 0927 0812","20130815 104355 549 000000 0927 0812.bmp","20130815_104355_549_000000_0927_0812-Prosome_mask.png","20130815_104355_549_000000_0927_0812.bmp-Lipid_mask.png","ChypVlat","ArcticNet2013","101",1,"8/15/2013",229,334,"False",0.851249410655351,7246,1.25826103699363,8460,1.55813884403686,76486
"152",154,"20130815 104356 299 000000 0949 0372","20130815 104356 299 000000 0949 0372.bmp","20130815_104356_299_000000_0949_0372-Prosome_mask.png","20130815_104356_299_000000_0949_0372.bmp-Lipid_mask.png","CglacVlat","ArcticNet2013","101",1,"8/15/2013",102,241,"False",0.87406999173326,3452,0.452243922921017,3349,0.433728496902545,24582
"153",155,"20130815 104356 582 000000 0975 0248","20130815 104356 582 000000 0975 0248.bmp","20130815_104356_582_000000_0975_0248-Prosome_mask.png","20130815_104356_582_000000_0975_0248.bmp-Lipid_mask.png","ChypVlat","ArcticNet2013","101",1,"8/15/2013",212,345,"False",0.853812154696132,8903,1.671842067194,7874,1.41118749701291,73140
"154",156,"20130815 104356 748 000000 0703 0208","20130815 104356 748 000000 0703 0208.bmp","20130815_104356_748_000000_0703_0208-Prosome_mask.png","20130815_104356_748_000000_0703_0208.bmp-Lipid_mask.png","CglacFlat","ArcticNet2013","101",1,"8/15/2013",136,287,"False",0.794241345842769,2789,0.336941110785062,2757,0.331617767160764,39032
"155",157,"20130815 104357 001 000000 0069 0468","20130815 104357 001 000000 0069 0468.bmp","20130815_104357_001_000000_0069_0468-Prosome_mask.png","20130815_104357_001_000000_0069_0468.bmp-Lipid_mask.png","ChypVlat","ArcticNet2013","101",1,"8/15/2013",244,180,"False",0.894648548901191,5754,0.915363217555906,5540,0.868717417165612,43920
"156",158,"20130815 104357 131 000001 1033 0528","20130815 104357 131 000001 1033 0528.bmp","20130815_104357_131_000001_1033_0528-Prosome_mask.png","20130815_104357_131_000001_1033_0528.bmp-Lipid_mask.png","ChypVdors","ArcticNet2013","101",1,"8/15/2013",169,293,"False",0.767567567567568,4556,0.663255073614254,5254,0.807442022413576,49517
"157",159,"20130815 104359 147 000001 0955 0808","20130815 104359 147 000001 0955 0808.bmp","20130815_104359_147_000001_0955_0808-Prosome_mask.png","20130815_104359_147_000001_0955_0808.bmp-Lipid_mask.png","CglacFlat","ArcticNet2013","101",1,"8/15/2013",144,371,"False",0.866098081023454,4312,0.614740366320877,4440,0.640064222643706,53424
"158",160,"20130815 104359 247 000001 0735 0412","20130815 104359 247 000001 0735 0412.bmp","20130815_104359_247_000001_0735_0412-Prosome_mask.png","20130815_104359_247_000001_0735_0412.bmp-Lipid_mask.png","ChypFlat","ArcticNet2013","101",1,"8/15/2013",187,465,"False",0.820445988995077,12671,2.72090941264535,12473,2.66240994226769,86955
"159",161,"20130815 104359 480 000001 1072 0232","20130815 104359 480 000001 1072 0232.bmp","20130815_104359_480_000001_1072_0232-Prosome_mask.png","20130815_104359_480_000001_1072_0232.bmp-Lipid_mask.png","CglacVlat","ArcticNet2013","101",1,"8/15/2013",254,168,"False",0.804539138490042,3559,0.471701955873007,4233,0.599252237193864,42672
"160",162,"20130815 104359 580 000000 1031 0692","20130815 104359 580 000000 1031 0692.bmp","20130815_104359_580_000000_1031_0692-Prosome_mask.png","20130815_104359_580_000000_1031_0692.bmp-Lipid_mask.png","ChypVdors","ArcticNet2013","101",1,"8/15/2013",352,271,"False",0.849929151101378,7619,1.34851026625684,6742,1.13910439124079,95392
"161",163,"20130815 104359 647 000000 0235 0176","20130815 104359 647 000000 0235 0176.bmp","20130815_104359_647_000000_0235_0176-Prosome_mask.png","20130815_104359_647_000000_0235_0176.bmp-Lipid_mask.png","ChypVlat","ArcticNet2013","101",1,"8/15/2013",148,470,"False",0.857284562926224,7214,1.25059913508303,7765,1.38430015797951,69560
"162",164,"20130815 104359 947 000000 0195 0280","20130815 104359 947 000000 0195 0280.bmp","20130815_104359_947_000000_0195_0280-Prosome_mask.png","20130815_104359_947_000000_0195_0280.bmp-Lipid_mask.png","ChypVlat","ArcticNet2013","101",1,"8/15/2013",343,355,"False",0.870835826850189,9641,1.86605108114538,9116,1.72728901219082,121765
"163",165,"20130815 104400 007 000000 0945 0384","20130815 104400 007 000000 0945 0384.bmp","20130815_104400_007_000000_0945_0384-Prosome_mask.png","20130815_104400_007_000000_0945_0384.bmp-Lipid_mask.png","ChypVlat","ArcticNet2013","101",1,"8/15/2013",259,271,"False",0.908373520385796,6578,1.10104379303878,6481,1.07870090520293,70189
"164",169,"20130815 104400 264 000000 0349 0752","20130815 104400 264 000000 0349 0752.bmp","20130815_104400_264_000000_0349_0752-Prosome_mask.png","20130815_104400_264_000000_0349_0752.bmp-Lipid_mask.png","ChypIVlat","ArcticNet2013","101",1,"8/15/2013",244,105,"False",0.858421294171638,4319,0.616117969050797,3780,0.512594258434713,25620
"165",170,"20130815 104400 340 000000 0101 0136","20130815 104400 340 000000 0101 0136.bmp","20130815_104400_340_000000_0101_0136-Prosome_mask.png","20130815_104400_340_000000_0101_0136.bmp-Lipid_mask.png","ChypFlat","ArcticNet2013","101",1,"8/15/2013",335,372,"False",0.934429080789634,11214,2.29881813737723,11030,2.24692854075708,124620
"166",171,"20130815 104400 708 000000 0076 0460","20130815 104400 708 000000 0076 0460.bmp","20130815_104400_708_000000_0076_0460-Prosome_mask.png","20130815_104400_708_000000_0076_0460.bmp-Lipid_mask.png","ChypFlat","ArcticNet2013","101",1,"8/15/2013",208,308,"False",0.882932059654937,9449,1.81496195221406,9868,1.92695364744608,64064
"167",172,"20130815 104400 763 000000 0181 0456","20130815 104400 763 000000 0181 0456.bmp","20130815_104400_763_000000_0181_0456-Prosome_mask.png","20130815_104400_763_000000_0181_0456.bmp-Lipid_mask.png","CglacVlat","ArcticNet2013","101",1,"8/15/2013",211,143,"False",0.828725556304788,2798,0.338442499343458,2626,0.310071442443402,30173
"168",173,"20130815 104400 841 000000 0025 0507","20130815 104400 841 000000 0025 0507.bmp","20130815_104400_841_000000_0025_0507-Prosome_mask.png","20130815_104400_841_000000_0025_0507.bmp-Lipid_mask.png","ChypFlat","ArcticNet2013","101",1,"8/15/2013",380,257,"False",0.749354449991393,10462,2.08883127448088,9862,1.92533697408283,97660
"169",174,"20130815 104400 930 000000 0725 0188","20130815 104400 930 000000 0725 0188.bmp","20130815_104400_930_000000_0725_0188-Prosome_mask.png","20130815_104400_930_000000_0725_0188.bmp-Lipid_mask.png","CglacVlat","ArcticNet2013","101",1,"8/15/2013",162,124,"False",0.837864395676384,2850,0.347153030151915,2761,0.332281907360621,20088
"170",175,"20130815 104401 563 000000 0253 0604","20130815 104401 563 000000 0253 0604.bmp","20130815_104401_563_000000_0253_0604-Prosome_mask.png","20130815_104401_563_000000_0253_0604.bmp-Lipid_mask.png","ChypFdors","ArcticNet2013","101",1,"8/15/2013",406,154,"False",0.851604278074866,8112,1.47038686167747,8508,1.5703518759413,62524
"171",176,"20130815 104401 763 000000 0765 0608","20130815 104401 763 000000 0765 0608.bmp","20130815_104401_763_000000_0765_0608-Prosome_mask.png","20130815_104401_763_000000_0765_0608.bmp-Lipid_mask.png","ChypFlat","ArcticNet2013","101",1,"8/15/2013",342,203,"False",0.833445523608039,9204,1.75034144148466,9862,1.92533697408283,69426
"172",177,"20130815 104402 113 000000 0995 0536","20130815 104402 113 000000 0995 0536.bmp","20130815_104402_113_000000_0995_0536-Prosome_mask.png","20130815_104402_113_000000_0995_0536.bmp-Lipid_mask.png","ChypVlat","ArcticNet2013","101",1,"8/15/2013",305,361,"False",0.880555217338366,7738,1.37766204808487,7707,1.37005136262338,110105
"173",178,"20130815 104403 001 000000 0989 0144","20130815 104403 001 000000 0989 0144.bmp","20130815_104403_001_000000_0989_0144-Prosome_mask.png","20130815_104403_001_000000_0989_0144.bmp-Lipid_mask.png","ChypIVdors","ArcticNet2013","101",1,"8/15/2013",162,124,"False",0.816242821985234,2253,0.250983688887498,2175,0.239072065739979,20088
"174",179,"20130815 104403 162 000000 0045 0528","20130815 104403 162 000000 0045 0528.bmp","20130815_104403_162_000000_0045_0528-Prosome_mask.png","20130815_104403_162_000000_0045_0528.bmp-Lipid_mask.png","CglacVdors","ArcticNet2013","101",1,"8/15/2013",143,237,"False",0.831786216596343,3267,0.419141689024194,3245,0.415251625469841,33891
"175",180,"20130815 104403 446 000000 0151 0288","20130815 104403 446 000000 0151 0288.bmp","20130815_104403_446_000000_0151_0288-Prosome_mask.png","20130815_104403_446_000000_0151_0288.bmp-Lipid_mask.png","ChypFlat","ArcticNet2013","101",1,"8/15/2013",420,465,"False",0.911894273127753,13612,3.00363621054672,13730,3.03962770975122,195300
"176",181,"20130815 104404 828 000000 0421 0556","20130815 104404 828 000000 0421 0556.bmp","20130815_104404_828_000000_0421_0556-Prosome_mask.png","20130815_104404_828_000000_0421_0556.bmp-Lipid_mask.png","ChypFlat","ArcticNet2013","101",1,"8/15/2013",203,323,"False",0.895134516313681,8070,1.45989133705228,8484,1.56424207784149,65569
"177",182,"20130815 104405 306 000000 0120 0616","20130815 104405 306 000000 0120 0616.bmp","20130815_104405_306_000000_0120_0616-Prosome_mask.png","20130815_104405_306_000000_0120_0616.bmp-Lipid_mask.png","ChypFlat","ArcticNet2013","101",1,"8/15/2013",176,380,"False",0.947836450311698,10522,2.10538102296948,10725,2.1616398039491,66880
"178",183,"20130815 104405 628 000000 0289 0016","20130815 104405 628 000000 0289 0016.bmp","20130815_104405_628_000000_0289_0016-Prosome_mask.png","20130815_104405_628_000000_0289_0016.bmp-Lipid_mask.png","CglacFlat","ArcticNet2013","101",1,"8/15/2013",256,105,"False",0.781785392245266,3097,0.38934438602298,2831,0.343963273353384,26880
"179",184,"20130815 104405 661 000000 0677 0016","20130815 104405 661 000000 0677 0016.bmp","20130815_104405_661_000000_0677_0016-Prosome_mask.png","20130815_104405_661_000000_0677_0016.bmp-Lipid_mask.png","CglacFlat","ArcticNet2013","101",1,"8/15/2013",248,102,"False",0.831676607024519,2819,0.341952874069382,2709,0.323676731939215,25296
"180",185,"20130815 104405 845 000000 1072 0524","20130815 104405 845 000000 1072 0524.bmp","20130815_104405_845_000000_1072_0524-Prosome_mask.png","20130815_104405_845_000000_1072_0524.bmp-Lipid_mask.png","ChypIVlat","ArcticNet2013","101",1,"8/15/2013",263,204,"False",0.792031523642732,4380,0.628158623247486,3806,0.517466185384863,53652
"181",186,"20130815 104405 945 000000 0895 0804","20130815 104405 945 000000 0895 0804.bmp","20130815_104405_945_000000_0895_0804-Prosome_mask.png","20130815_104405_945_000000_0895_0804.bmp-Lipid_mask.png","ChypIVlat","ArcticNet2013","101",1,"8/15/2013",144,312,"False",0.845836051315503,4248,0.602184641383645,4241,0.600815695586377,44928
"182",187,"20130815 104406 278 000000 0091 0312","20130815 104406 278 000000 0091 0312.bmp","20130815_104406_278_000000_0091_0312-Prosome_mask.png","20130815_104406_278_000000_0091_0312.bmp-Lipid_mask.png","ChypIVlat","ArcticNet2013","101",1,"8/15/2013",242,271,"False",0.761146496815287,5714,0.906593454785205,4793,0.711333571173681,65582
"183",188,"20130815 104406 311 000002 0751 0636","20130815 104406 311 000002 0751 0636.bmp","20130815_104406_311_000002_0751_0636-Prosome_mask.png","20130815_104406_311_000002_0751_0636.bmp-Lipid_mask.png","ChypIVlat","ArcticNet2013","101",1,"8/15/2013",250,161,"False",0.918189038919778,4852,0.72344537877307,4808,0.714407502901246,40250
"184",189,"20130815 104406 378 000000 0867 0192","20130815 104406 378 000000 0867 0192.bmp","20130815_104406_378_000000_0867_0192-Prosome_mask.png","20130815_104406_378_000000_0867_0192.bmp-Lipid_mask.png","ChypIVlat","ArcticNet2013","101",1,"8/15/2013",157,147,"False",0.86143967556607,2809,0.340280023141734,2699,0.322029037701782,23079
"185",190,"20130815 104406 861 000000 0933 0256","20130815 104406 861 000000 0933 0256.bmp","20130815_104406_861_000000_0933_0256-Prosome_mask.png","20130815_104406_861_000000_0933_0256.bmp-Lipid_mask.png","MlongFlat","ArcticNet2013","101",1,"8/15/2013",162,105,"False",0.759095378564405,828,0.06305462081079,961,0.07744499009409,17010
"186",191,"20130815 104406 972 000001 0192 0796","20130815 104406 972 000001 0192 0796.bmp","20130815_104406_972_000001_0192_0796-Prosome_mask.png","20130815_104406_972_000001_0192_0796.bmp-Lipid_mask.png","ChypFlat","ArcticNet2013","101",1,"8/15/2013",156,424,"False",0.796142737352092,9641,1.86605108114538,9637,1.86498274903233,66144
"187",192,"20130815 104407 001 000000 0989 0588","20130815 104407 001 000000 0989 0588.bmp","20130815_104407_001_000000_0989_0588-Prosome_mask.png","20130815_104407_001_000000_0989_0588.bmp-Lipid_mask.png","MlongFlat","ArcticNet2013","101",1,"8/15/2013",162,162,"False",0.668488160291439,1017,0.083740966421095,815,0.061692526119193,26244
"188",193,"20130815 104407 061 000000 1009 0772","20130815 104407 061 000000 1009 0772.bmp","20130815_104407_061_000000_1009_0772-Prosome_mask.png","20130815_104407_061_000000_1009_0772.bmp-Lipid_mask.png","MlongFdors","ArcticNet2013","101",1,"8/15/2013",173,113,"False",0.784526854219949,1369,0.126203619909955,1422,0.132995362210091,19549
"189",194,"20130815 104407 161 000000 0989 0520","20130815 104407 161 000000 0989 0520.bmp","20130815_104407_161_000000_0989_0520-Prosome_mask.png","20130815_104407_161_000000_0989_0520.bmp-Lipid_mask.png","MlongFlat","ArcticNet2013","101",1,"8/15/2013",199,139,"False",0.566487317448117,744,0.0544008523959,1294,0.11676276074225,27661
"190",195,"20130815 104407 561 000002 0573 0740","20130815 104407 561 000002 0573 0740.bmp","20130815_104407_561_000002_0573_0740-Prosome_mask.png","20130815_104407_561_000002_0573_0740.bmp-Lipid_mask.png","MlongFlat","ArcticNet2013","101",1,"8/15/2013",184,86,"False",0.077266636891469,1552,0.150060235237201,860,0.066442033568723,15824
"191",196,"20130815 104407 844 000000 0111 0168","20130815 104407 844 000000 0111 0168.bmp","20130815_104407_844_000000_0111_0168-Prosome_mask.png","20130815_104407_844_000000_0111_0168.bmp-Lipid_mask.png","MlongFdors","ArcticNet2013","101",1,"8/15/2013",148,214,"False",0.70020325203252,1935,0.20344864010491,1411,0.131577712713526,31672
"192",197,"20130815 104407 877 000000 0891 0276","20130815 104407 877 000000 0891 0276.bmp","20130815_104407_877_000000_0891_0276-Prosome_mask.png","20130815_104407_877_000000_0891_0276.bmp-Lipid_mask.png","ChypVlat","ArcticNet2013","101",1,"8/15/2013",263,349,"False",0.830584192439863,7701,1.36857966844499,8280,1.51257500097215,91787
"193",198,"20130815 104408 001 000000 0909 0124","20130815 104408 001 000000 0909 0124.bmp","20130815_104408_001_000000_0909_0124-Prosome_mask.png","20130815_104408_001_000000_0909_0124.bmp-Lipid_mask.png","ChypVlat","ArcticNet2013","101",1,"8/15/2013",286,199,"False",0.895885562601386,6616,1.10983096770396,6240,1.02374027055766,56914
"194",199,"20130815 104408 194 000001 0389 0184","20130815 104408 194 000001 0389 0184.bmp","20130815_104408_194_000001_0389_0184-Prosome_mask.png","20130815_104408_194_000001_0389_0184.bmp-Lipid_mask.png","ChypVlat","ArcticNet2013","101",1,"8/15/2013",316,124,"False",0.899701911274768,5283,0.813598794297885,5551,0.871098663245217,39184
"195",200,"20130815 104408 311 000001 1072 0668","20130815 104408 311 000001 1072 0668.bmp","20130815_104408_311_000001_1072_0668-Prosome_mask.png","20130815_104408_311_000001_1072_0668.bmp-Lipid_mask.png","MlongFlat","ArcticNet2013","101",1,"8/15/2013",153,224,"False",0.409578270192995,578,0.038396838807346,1394,0.129395055548002,34272
"196",201,"20130815 104408 360 000000 0817 0016","20130815 104408 360 000000 0817 0016.bmp","20130815_104408_360_000000_0817_0016-Prosome_mask.png","20130815_104408_360_000000_0817_0016.bmp-Lipid_mask.png","ChypVlat","ArcticNet2013","101",1,"8/15/2013",293,128,"False",0.783239038189533,4865,0.726121638756851,5221,0.800451734812524,37504
"197",202,"20130815 104408 760 000000 0961 0428","20130815 104408 760 000000 0961 0428.bmp","20130815_104408_760_000000_0961_0428-Prosome_mask.png","20130815_104408_760_000000_0961_0428.bmp-Lipid_mask.png","ChypIVlat","ArcticNet2013","101",1,"8/15/2013",162,211,"False",0.828564441183663,3908,0.536700919740062,3569,0.473531953095805,34182
"198",203,"20130815 104409 001 000000 0297 0536","20130815 104409 001 000000 0297 0536.bmp","20130815_104409_001_000000_0297_0536-Prosome_mask.png","20130815_104409_001_000000_0297_0536.bmp-Lipid_mask.png","CglacVlat","ArcticNet2013","101",1,"8/15/2013",165,143,"False",0.891914420672409,3440,0.4500758437452,3369,0.437307019680738,23595
"199",204,"20130815 104409 093 000001 0241 0084","20130815 104409 093 000001 0241 0084.bmp","20130815_104409_093_000001_0241_0084-Prosome_mask.png","20130815_104409_093_000001_0241_0084.bmp-Lipid_mask.png","CglacVlat","ArcticNet2013","101",1,"8/15/2013",229,162,"False",0.801465016418288,3837,0.523291567546002,3295,0.424107088892322,37098
"200",205,"20130815 104409 127 000000 0989 0076","20130815 104409 127 000000 0989 0076.bmp","20130815_104409_127_000000_0989_0076-Prosome_mask.png","20130815_104409_127_000000_0989_0076.bmp-Lipid_mask.png","CglacVlat","ArcticNet2013","101",1,"8/15/2013",109,229,"False",0.818842395389627,3934,0.541634680659164,3325,0.429444979657343,24961
"201",206,"20130815 104409 477 000000 0447 0196","20130815 104409 477 000000 0447 0196.bmp","20130815_104409_477_000000_0447_0196-Prosome_mask.png","20130815_104409_477_000000_0447_0196.bmp-Lipid_mask.png","ChypVlat","ArcticNet2013","101",1,"8/15/2013",153,470,"False",0.897619047619047,8535,1.57723323088735,8999,1.6967705630289,71910
"202",207,"20130815 104410 226 000000 0877 0448","20130815 104410 226 000000 0877 0448.bmp","20130815_104410_226_000000_0877_0448-Prosome_mask.png","20130815_104410_226_000000_0877_0448.bmp-Lipid_mask.png","ChypVlat","ArcticNet2013","101",1,"8/15/2013",259,259,"False",0.744454303460515,7878,1.4121768933519,5884,0.944024639988109,67081
"203",208,"20130815 104410 776 000000 0155 0860","20130815 104410 776 000000 0155 0860.bmp","20130815_104410_776_000000_0155_0860-Prosome_mask.png","20130815_104410_776_000000_0155_0860.bmp-Lipid_mask.png","ChypVlat","ArcticNet2013","101",1,"8/15/2013",170,429,"False",0.804978188350013,6564,1.09781126639029,7504,1.32050227142216,72930
"204",209,"20130815 104411 309 000000 0131 0632","20130815 104411 309 000000 0131 0632.bmp","20130815_104411_309_000000_0131_0632-Prosome_mask.png","20130815_104411_309_000000_0131_0632.bmp-Lipid_mask.png","ChypIVlat","ArcticNet2013","101",1,"8/15/2013",246,151,"False",0.800142925202477,3362,0.436053615879106,4195,0.591841160428574,37146
"205",210,"20130815 104411 692 000000 0917 0300","20130815 104411 692 000000 0917 0300.bmp","20130815_104411_692_000000_0917_0300-Prosome_mask.png","20130815_104411_692_000000_0917_0300.bmp-Lipid_mask.png","ChypVlat","ArcticNet2013","101",1,"8/15/2013",207,338,"False",0.900229095074456,8321,1.52292064447591,8268,1.50955068423217,69966
"206",211,"20130815 104411 709 000001 0587 0804","20130815 104411 709 000001 0587 0804.bmp","20130815_104411_709_000001_0587_0804-Prosome_mask.png","20130815_104411_709_000001_0587_0804.bmp-Lipid_mask.png","MlongFlat","ArcticNet2013","101",1,"8/15/2013",131,241,"False",0.511138613861386,1129,0.096728108080671,1313,0.11913527607936,31571
"207",212,"20130815 104413 808 000000 0823 0836","20130815 104413 808 000000 0823 0836.bmp","20130815_104413_808_000000_0823_0836-Prosome_mask.png","20130815_104413_808_000000_0823_0836.bmp-Lipid_mask.png","ChypIVlat","ArcticNet2013","101",1,"8/15/2013",140,220,"False",0.8005698005698,2660,0.315625230132576,3028,0.377424558166577,30800
"208",213,"20130815 104413 999 000001 0811 0720","20130815 104413 999 000001 0811 0720.bmp","20130815_104413_999_000001_0811_0720-Prosome_mask.png","20130815_104413_999_000001_0811_0720.bmp-Lipid_mask.png","ChypIVlat","ArcticNet2013","101",1,"8/15/2013",123,319,"False",0.883200688320069,4283,0.609042214974707,4472,0.646438971323116,39237
"209",214,"20130815 104414 808 000000 0303 0776","20130815 104414 808 000000 0303 0776.bmp","20130815_104414_808_000000_0303_0776-Prosome_mask.png","20130815_104414_808_000000_0303_0776.bmp-Lipid_mask.png","CglacVlat","ArcticNet2013","101",1,"8/15/2013",165,324,"False",0.877678740754789,5048,0.764081617414133,4853,0.723651148294034,53460
"210",216,"20130815 104415 091 000000 0389 0640","20130815 104415 091 000000 0389 0640.bmp","20130815_104415_091_000000_0389_0640-Prosome_mask.png","20130815_104415_091_000000_0389_0640.bmp-Lipid_mask.png","ChypFlat","ArcticNet2013","101",1,"8/15/2013",365,203,"False",0.898624247635425,11235,2.30476101628847,10846,2.19536684811187,74095
"211",217,"20130815 104415 441 000000 0879 0212","20130815 104415 441 000000 0879 0212.bmp","20130815_104415_441_000000_0879_0212-Prosome_mask.png","20130815_104415_441_000000_0879_0212.bmp-Lipid_mask.png","MlongMlat","ArcticNet2013","101",1,"8/15/2013",127,161,"False",0.638599810785241,707,0.050703021964788,1025,0.084651369352026,20447
"212",218,"20130815 104415 474 000000 0159 0764","20130815 104415 474 000000 0159 0764.bmp","20130815_104415_474_000000_0159_0764-Prosome_mask.png","20130815_104415_474_000000_0159_0764.bmp-Lipid_mask.png","ChypVlat","ArcticNet2013","101",1,"8/15/2013",212,408,"False",0.774310033531081,6215,1.01808448024509,7543,1.32998248680027,86496
"213",219,"20130815 104415 702 000000 0892 0788","20130815 104415 702 000000 0892 0788.bmp","20130815_104415_702_000000_0892_0788-Prosome_mask.png","20130815_104415_702_000000_0892_0788.bmp-Lipid_mask.png","CglacVlat","ArcticNet2013","101",1,"8/15/2013",218,187,"False",0.748569794050343,3311,0.426951676282993,2802,0.339110372786117,40766
"214",220,"20130815 104415 902 000000 0192 0356","20130815 104415 902 000000 0192 0356.bmp","20130815_104415_902_000000_0192_0356-Prosome_mask.png","20130815_104415_902_000000_0192_0356.bmp-Lipid_mask.png","CglacVlat","ArcticNet2013","101",1,"8/15/2013",132,176,"False",0.826286296484972,3570,0.473715060095451,3600,0.479217318430105,23232
"215",221,"20130815 104417 174 000000 0147 0204","20130815 104417 174 000000 0147 0204.bmp","20130815_104417_174_000000_0147_0204-Prosome_mask.png","20130815_104417_174_000000_0147_0204.bmp-Lipid_mask.png","ChypIVlat","ArcticNet2013","101",1,"8/15/2013",195,198,"False",0.917060491493384,4071,0.56783554516939,4042,0.562260999439223,38610
"216",222,"20130815 104417 607 000000 1051 0224","20130815 104417 607 000000 1051 0224.bmp","20130815_104417_607_000000_1051_0224-Prosome_mask.png","20130815_104417_607_000000_1051_0224.bmp-Lipid_mask.png","ChypIVlat","ArcticNet2013","101",1,"8/15/2013",191,287,"False",0.885741718674988,3874,0.530267883481957,3982,0.550775719419707,54817
"217",223,"20130815 104417 673 000001 1072 0388","20130815 104417 673 000001 1072 0388.bmp","20130815_104417_673_000001_1072_0388-Prosome_mask.png","20130815_104417_673_000001_1072_0388.bmp-Lipid_mask.png","CglacVlat","ArcticNet2013","101",1,"8/15/2013",199,209,"False",0.82015503875969,2669,0.317099885636537,3201,0.40750156773263,41591
"218",224,"20130815 104418 156 000001 0761 0196","20130815 104418 156 000001 0761 0196.bmp","20130815_104418_156_000001_0761_0196-Prosome_mask.png","20130815_104418_156_000001_0761_0196.bmp-Lipid_mask.png","ChypFlat","ArcticNet2013","101",1,"8/15/2013",425,180,"False",0.873249423861017,10804,2.18364365362114,10330,2.05254882771273,76500
"219",225,"20130815 104418 290 000000 0629 0052","20130815 104418 290 000000 0629 0052.bmp","20130815_104418_290_000000_0629_0052-Prosome_mask.png","20130815_104418_290_000000_0629_0052.bmp-Lipid_mask.png","ChypIVlat","ArcticNet2013","101",1,"8/15/2013",256,109,"False",0.69346171070309,4148,0.582710072793624,3415,0.44556824387261,27904
"220",226,"20130815 104418 373 000000 0991 0160","20130815 104418 373 000000 0991 0160.bmp","20130815_104418_373_000000_0991_0160-Prosome_mask.png","20130815_104418_373_000000_0991_0160.bmp-Lipid_mask.png","MlongFlat","ArcticNet2013","101",1,"8/15/2013",204,188,"False",0.689029202841357,1177,0.102448728403206,963,0.077667500663233,38352
"221",227,"20130815 104418 806 000000 0131 0244","20130815 104418 806 000000 0131 0244.bmp","20130815_104418_806_000000_0131_0244-Prosome_mask.png","20130815_104418_806_000000_0131_0244.bmp-Lipid_mask.png","ChypVlat","ArcticNet2013","101",1,"8/15/2013",254,334,"False",0.890487054855669,9542,1.83965947859769,9516,1.83274554123913,84836
"222",229,"20130815 104419 867 000000 0996 0096","20130815 104419 867 000000 0996 0096.bmp","20130815_104419_867_000000_0996_0096-Prosome_mask.png","20130815_104419_867_000000_0996_0096.bmp-Lipid_mask.png","CglacVdorsex","ArcticNet2013","101",1,"8/15/2013",264,252,"False",0.743941605839416,3311,0.426951676282993,2662,0.315952767750002,66528
"223",230,"20130815 104420 067 000000 0280 0656","20130815 104420 067 000000 0280 0656.bmp","20130815_104420_067_000000_0280_0656-Prosome_mask.png","20130815_104420_067_000000_0280_0656.bmp-Lipid_mask.png","ChypVlat","ArcticNet2013","101",1,"8/15/2013",256,136,"False",0.783904043335268,4687,0.68971566423586,4534,0.658839373226293,34816
"224",231,"20130815 104420 134 000000 0952 0784","20130815 104420 134 000000 0952 0784.bmp","20130815_104420_134_000000_0952_0784-Prosome_mask.png","20130815_104420_134_000000_0952_0784.bmp-Lipid_mask.png","ChypVlat","ArcticNet2013","101",1,"8/15/2013",128,248,"False",0.90923018000766,5045,0.76345504438219,4925,0.738508771007479,31744
"225",232,"20130815 104420 606 000000 0207 0428","20130815 104420 606 000000 0207 0428.bmp","20130815_104420_606_000000_0207_0428-Prosome_mask.png","20130815_104420_606_000000_0207_0428.bmp-Lipid_mask.png","CglacVdors","ArcticNet2013","101",1,"8/15/2013",199,209,"False",0.84721884867622,3978,0.550012358900893,3627,0.48418427461025,41591
"226",233,"20130815 104420 967 000000 0676 0116","20130815 104420 967 000000 0676 0116.bmp","20130815_104420_967_000000_0676_0116-Prosome_mask.png","20130815_104420_967_000000_0676_0116.bmp-Lipid_mask.png","ChypVlat","ArcticNet2013","101",1,"8/15/2013",136,216,"False",0.845715912325648,3364,0.436411630154287,3120,0.393340253476286,29376
"227",234,"20130815 104421 088 000001 0633 0740","20130815 104421 088 000001 0633 0740.bmp","20130815_104421_088_000001_0633_0740-Prosome_mask.png","20130815_104421_088_000001_0633_0740.bmp-Lipid_mask.png","CglacVlat","ArcticNet2013","101",1,"8/15/2013",211,128,"False",0.858335732795854,3363,0.436232612903299,3091,0.388303835691559,27008
"228",235,"20130815 104421 800 000000 1040 0208","20130815 104421 800 000000 1040 0208.bmp","20130815_104421_800_000000_1040_0208-Prosome_mask.png","20130815_104421_800_000000_1040_0208.bmp-Lipid_mask.png","MlongFdors","ArcticNet2013","101",1,"8/15/2013",156,208,"False",0.689602446483181,1573,0.152869445682037,1742,0.175987370148072,32448
"229",236,"20130815 104421 833 000000 0844 0268","20130815 104421 833 000000 0844 0268.bmp","20130815_104421_833_000000_0844_0268-Prosome_mask.png","20130815_104421_833_000000_0844_0268.bmp-Lipid_mask.png","ChypVlat","ArcticNet2013","101",1,"8/15/2013",276,200,"False",0.816236972024136,7916,1.42158567197662,8639,1.60381639116687,55200
"230",237,"20130815 104421 866 000000 0348 0212","20130815 104421 866 000000 0348 0212.bmp","20130815_104421_866_000000_0348_0212-Prosome_mask.png","20130815_104421_866_000000_0348_0212.bmp-Lipid_mask.png","ChypFlat","ArcticNet2013","101",1,"8/15/2013",168,436,"False",0.878875459800315,10035,1.97210045633162,11418,2.35672716046671,73248
"231",239,"20130815 104422 921 000000 0973 0456","20130815 104422 921 000000 0973 0456.bmp","20130815_104422_921_000000_0973_0456-Prosome_mask.png","20130815_104422_921_000000_0973_0456.bmp-Lipid_mask.png","ChypIVlat","ArcticNet2013","101",1,"8/15/2013",199,188,"False",0.800301659125189,2691,0.320712551165855,3277,0.420913197164242,37412
"232",240,"20130815 104423 105 000001 0775 0236","20130815 104423 105 000001 0775 0236.bmp","20130815_104423_105_000001_0775_0236-Prosome_mask.png","20130815_104423_105_000001_0775_0236.bmp-Lipid_mask.png","CglacVlat","ArcticNet2013","101",1,"8/15/2013",178,267,"False",0.775027870680044,3632,0.485105627326433,4329,0.618087444981429,47526
"233",241,"20130815 104423 288 000000 0173 0392","20130815 104423 288 000000 0173 0392.bmp","20130815_104423_288_000000_0173_0392-Prosome_mask.png","20130815_104423_288_000000_0173_0392.bmp-Lipid_mask.png","ChypIVlat","ArcticNet2013","101",1,"8/15/2013",184,196,"False",0.904266389177939,3662,0.490643853608439,3658,0.489904423826445,36064
"234",242,"20130815 104423 354 000000 1049 0420","20130815 104423 354 000000 1049 0420.bmp","20130815_104423_354_000000_1049_0420-Prosome_mask.png","20130815_104423_354_000000_1049_0420.bmp-Lipid_mask.png","ChypIVlat","ArcticNet2013","101",1,"8/15/2013",109,203,"False",0.776284039986212,2313,0.260254008166112,2840,0.345473200085619,22127
"235",243,"20130815 104423 405 000002 0743 0800","20130815 104423 405 000002 0743 0800.bmp","20130815_104423_405_000002_0743_0800-Prosome_mask.png","20130815_104423_405_000002_0743_0800.bmp-Lipid_mask.png","ChypFlat","ArcticNet2013","101",1,"8/15/2013",229,564,"False",0.847542127829295,8727,1.62640507353503,9802,1.90919081815979,129156
"236",244,"20130815 104423 488 000000 0537 0556","20130815 104423 488 000000 0537 0556.bmp","20130815_104423_488_000000_0537_0556-Prosome_mask.png","20130815_104423_488_000000_0537_0556.bmp-Lipid_mask.png","MlongFlat","ArcticNet2013","101",1,"8/15/2013",169,109,"False",0.794871794871795,883,0.068906600490051,1077,0.090634329056293,18421
"237",245,"20130815 104423 521 000000 0745 0512","20130815 104423 521 000000 0745 0512.bmp","20130815_104423_521_000000_0745_0512-Prosome_mask.png","20130815_104423_521_000000_0745_0512.bmp-Lipid_mask.png","MlongFlat","ArcticNet2013","101",1,"8/15/2013",128,124,"False",0.718241042345277,930,0.074018711814281,1180,0.102809257740338,15872
"238",246,"20130815 104424 254 000000 0521 0016","20130815 104424 254 000000 0521 0016.bmp","20130815_104424_254_000000_0521_0016-Prosome_mask.png","20130815_104424_254_000000_0521_0016.bmp-Lipid_mask.png","MlongFlat","ArcticNet2013","101",1,"8/15/2013",226,94,"False",0.692477876106195,1313,0.11913527607936,982,0.079790081140145,21244
"239",247,"20130815 104424 299 000000 0108 0516","20130815 104424 299 000000 0108 0516.bmp","20130815_104424_299_000000_0108_0516-Prosome_mask.png","20130815_104424_299_000000_0108_0516.bmp-Lipid_mask.png","CglacVdors","ArcticNet2013","101",1,"8/15/2013",156,168,"False",0.662064204349327,2042,0.21913511278862,2773,0.334276521008458,26208
"240",248,"20130815 104424 337 000001 0107 0808","20130815 104424 337 000001 0107 0808.bmp","20130815_104424_337_000001_0107_0808-Prosome_mask.png","20130815_104424_337_000001_0107_0808.bmp-Lipid_mask.png","ChypIVlat","ArcticNet2013","101",1,"8/15/2013",237,204,"False",0.792006109979633,3227,0.41207628902455,3812,0.518592276545342,48348
"241",249,"20130815 104425 120 000000 0265 0016","20130815 104425 120 000000 0265 0016.bmp","20130815_104425_120_000000_0265_0016-Prosome_mask.png","20130815_104425_120_000000_0265_0016.bmp-Lipid_mask.png","MlongFlat","ArcticNet2013","101",1,"8/15/2013",139,143,"False",0.75858123569794,695,0.049519252908033,842,0.0645306054503,19877
"242",250,"20130815 104425 154 000000 0297 0016","20130815 104425 154 000000 0297 0016.bmp","20130815_104425_154_000000_0297_0016-Prosome_mask.png","20130815_104425_154_000000_0297_0016.bmp-Lipid_mask.png","MlongFlat","ArcticNet2013","101",1,"8/15/2013",177,98,"False",0.58469475494411,680,0.048050438255009,1163,0.100770882033108,17346
"243",251,"20130815 104425 187 000000 0297 0016","20130815 104425 187 000000 0297 0016.bmp","20130815_104425_187_000000_0297_0016-Prosome_mask.png","20130815_104425_187_000000_0297_0016.bmp-Lipid_mask.png","MlongFlat","ArcticNet2013","101",1,"8/15/2013",196,128,"False",0.429432013769363,499,0.031348286448619,1162,0.100651328211759,25088
"244",252,"20130815 104425 620 000000 0905 0016","20130815 104425 620 000000 0905 0016.bmp","20130815_104425_620_000000_0905_0016-Prosome_mask.png","20130815_104425_620_000000_0905_0016.bmp-Lipid_mask.png","MlongFlat","ArcticNet2013","101",1,"8/15/2013",199,147,"False",0.796108291032149,1002,0.082041295436382,1121,0.095783521285866,29253
"245",253,"20130815 104425 970 000000 0387 0208","20130815 104425 970 000000 0387 0208.bmp","20130815_104425_970_000000_0387_0208-Prosome_mask.png","20130815_104425_970_000000_0387_0208.bmp-Lipid_mask.png","ChypFlat","ArcticNet2013","101",1,"8/15/2013",233,575,"False",0.773265258760733,10061,1.97915514280436,12862,2.77767091160144,133975
"246",255,"20130815 104426 564 000000 0532 0068","20130815 104426 564 000000 0532 0068.bmp","20130815_104426_564_000000_0532_0068-Prosome_mask.png","20130815_104426_564_000000_0532_0068.bmp-Lipid_mask.png","ChypVdors","ArcticNet2013","101",1,"8/15/2013",112,232,"False",0.937437337076399,4861,0.725297884350206,4801,0.712972547226537,25984
"247",256,"20130815 104427 164 000000 0752 0108","20130815 104427 164 000000 0752 0108.bmp","20130815_104427_164_000000_0752_0108-Prosome_mask.png","20130815_104427_164_000000_0752_0108.bmp-Lipid_mask.png","CglacVlat","ArcticNet2013","101",1,"8/15/2013",188,188,"False",0.83886662850601,2950,0.36407380744656,3475,0.456407413256917,35344
"248",257,"20130815 104427 631 000000 0300 0780","20130815 104427 631 000000 0300 0780.bmp","20130815_104427_631_000000_0300_0780-Prosome_mask.png","20130815_104427_631_000000_0300_0780.bmp-Lipid_mask.png","ChypVlat","ArcticNet2013","101",1,"8/15/2013",156,380,"False",0.867005649717514,8532,1.57646822684953,7991,1.44020599336694,59280
"249",258,"20130815 104428 019 000001 0241 0636","20130815 104428 019 000001 0241 0636.bmp","20130815_104428_019_000001_0241_0636-Prosome_mask.png","20130815_104428_019_000001_0241_0636.bmp-Lipid_mask.png","CglacVdors","ArcticNet2013","101",1,"8/15/2013",147,188,"False",0.88251155624037,2526,0.293895591328299,2361,0.26773645930435,27636
"250",259,"20130815 104428 364 000000 1048 0396","20130815 104428 364 000000 1048 0396.bmp","20130815_104428_364_000000_1048_0396-Prosome_mask.png","20130815_104428_364_000000_1048_0396.bmp-Lipid_mask.png","CglacVlat","ArcticNet2013","101",1,"8/15/2013",156,244,"False",0.753467308236626,3116,0.392644513358456,3079,0.386225037714657,38064
"251",260,"20130815 104429 518 000003 0973 0420","20130815 104429 518 000003 0973 0420.bmp","20130815_104429_518_000003_0973_0420-Prosome_mask.png","20130815_104429_518_000003_0973_0420.bmp-Lipid_mask.png","ChypIVlat","ArcticNet2013","101",1,"8/15/2013",169,177,"False",0.738209159261791,4153,0.583679605126764,3476,0.45658867272905,29913
"252",261,"20130815 104429 630 000000 0308 0320","20130815 104429 630 000000 0308 0320.bmp","20130815_104429_630_000000_0308_0320-Prosome_mask.png","20130815_104429_630_000000_0308_0320.bmp-Lipid_mask.png","ChypFlat","ArcticNet2013","101",1,"8/15/2013",160,364,"False",0.875596455351057,8731,1.6274338964718,7778,1.38749941641597,58240
"253",262,"20130815 104429 902 000001 0723 0516","20130815 104429 902 000001 0723 0516.bmp","20130815_104429_902_000001_0723_0516-Prosome_mask.png","20130815_104429_902_000001_0723_0516.bmp-Lipid_mask.png","ChypIVlat","ArcticNet2013","101",1,"8/15/2013",140,261,"False",0.878277552760605,4217,0.596128688990057,4594,0.670901280767156,36540
"254",263,"20130815 104430 085 000000 0089 0200","20130815 104430 085 000000 0089 0200.bmp","20130815_104430_085_000000_0089_0200-Prosome_mask.png","20130815_104430_085_000000_0089_0200.bmp-Lipid_mask.png","ChypVlat","ArcticNet2013","101",1,"8/15/2013",154,368,"False",0.92048720405091,7267,1.26329615594402,6766,1.1447040108955,56672
"255",264,"20130815 104430 429 000000 0200 0784","20130815 104430 429 000000 0200 0784.bmp","20130815_104430_429_000000_0200_0784-Prosome_mask.png","20130815_104430_429_000000_0200_0784.bmp-Lipid_mask.png","ChypVlat","ArcticNet2013","101",1,"8/15/2013",132,352,"False",0.809517938601899,7474,1.31322252281674,7203,1.24796833480998,46464
"256",265,"20130815 104430 502 000001 0087 0600","20130815 104430 502 000001 0087 0600.bmp","20130815_104430_502_000001_0087_0600-Prosome_mask.png","20130815_104430_502_000001_0087_0600.bmp-Lipid_mask.png","MlongFlat","ArcticNet2013","101",1,"8/15/2013",178,168,"False",0.719639139486468,1049,0.087398751206008,1429,0.133899676974384,29904
"257",266,"20130815 104431 901 000000 0239 0672","20130815 104431 901 000000 0239 0672.bmp","20130815_104431_901_000000_0239_0672-Prosome_mask.png","20130815_104431_901_000000_0239_0672.bmp-Lipid_mask.png","ChypFlat","ArcticNet2013","101",1,"8/15/2013",314,532,"False",0.945850166560352,13805,3.06256489959954,13649,3.01490897186708,167048
"258",267,"20130815 104432 195 000000 1072 0608","20130815 104432 195 000000 1072 0608.bmp","20130815_104432_195_000000_1072_0608-Prosome_mask.png","20130815_104432_195_000000_1072_0608.bmp-Lipid_mask.png","ChypVlat","ArcticNet2013","101",1,"8/15/2013",324,212,"False",0.755142258898879,8040,1.45240722566487,6210,1.01695435812845,68688
"259",268,"20130815 104432 429 000001 0072 0648","20130815 104432 429 000001 0072 0648.bmp","20130815_104432_429_000001_0072_0648-Prosome_mask.png","20130815_104432_429_000001_0072_0648.bmp-Lipid_mask.png","ChypVdors","ArcticNet2013","101",1,"8/15/2013",224,244,"False",0.892307692307692,6491,1.08099845730462,6547,1.0938895765333,54656
"260",269,"20130815 104432 451 000000 1049 0684","20130815 104432 451 000000 1049 0684.bmp","20130815_104432_451_000000_1049_0684-Prosome_mask.png","20130815_104432_451_000000_1049_0684.bmp-Lipid_mask.png","MlongFlat","ArcticNet2013","101",1,"8/15/2013",150,102,"False",0.610610610610611,631,0.043338669001815,978,0.079341914042955,15300
"261",270,"20130815 104432 895 000002 0112 0648","20130815 104432 895 000002 0112 0648.bmp","20130815_104432_895_000002_0112_0648-Prosome_mask.png","20130815_104432_895_000002_0112_0648.bmp-Lipid_mask.png","ChypVdors","ArcticNet2013","101",1,"8/15/2013",172,252,"False",0.819524546349697,7055,1.21272111300573,5880,0.943139129647637,43344
"262",271,"20130815 104433 284 000001 0929 0260","20130815 104433 284 000001 0929 0260.bmp","20130815_104433_284_000001_0929_0260-Prosome_mask.png","20130815_104433_284_000001_0929_0260.bmp-Lipid_mask.png","ChypIVlat","ArcticNet2013","101",1,"8/15/2013",109,252,"False",0.894152680021657,3645,0.487503399644217,3352,0.434264758932396,27468
"263",272,"20130815 104433 284 000002 0761 0636","20130815 104433 284 000002 0761 0636.bmp","20130815_104433_284_000002_0761_0636-Prosome_mask.png","20130815_104433_284_000002_0761_0636.bmp-Lipid_mask.png","ChypFlat","ArcticNet2013","101",1,"8/15/2013",399,214,"False",0.82672795074148,10982,2.23344591407848,10082,1.98485821928712,85386
"264",273,"20130815 104433 428 000000 0196 0076","20130815 104433 428 000000 0196 0076.bmp","20130815_104433_428_000000_0196_0076-Prosome_mask.png","20130815_104433_428_000000_0196_0076.bmp-Lipid_mask.png","CglacVlat","ArcticNet2013","101",1,"8/15/2013",136,244,"False",0.818942731277533,3862,0.528002507968762,4396,0.631327427273154,33184
"265",274,"20130815 104433 550 000001 0089 0608","20130815 104433 550 000001 0089 0608.bmp","20130815_104433_550_000001_0089_0608-Prosome_mask.png","20130815_104433_550_000001_0089_0608.bmp-Lipid_mask.png","ChypIVlat","ArcticNet2013","101",1,"8/15/2013",154,192,"False",0.836650394292152,2661,0.315788987247912,2230,0.247454732838445,29568
"266",275,"20130815 104433 584 000000 0293 0596","20130815 104433 584 000000 0293 0596.bmp","20130815_104433_584_000000_0293_0596-Prosome_mask.png","20130815_104433_584_000000_0293_0596.bmp-Lipid_mask.png","ChypIVlat","ArcticNet2013","101",1,"8/15/2013",192,188,"False",0.865622175354022,3303,0.425528728065109,2889,0.353725737967733,36096
"267",276,"20130815 104434 228 000002 0972 0436","20130815 104434 228 000002 0972 0436.bmp","20130815_104434_228_000002_0972_0436-Prosome_mask.png","20130815_104434_228_000002_0972_0436.bmp-Lipid_mask.png","CglacVlat","ArcticNet2013","101",1,"8/15/2013",180,212,"False",0.803960964408726,3215,0.409963131842084,3070,0.384667957730922,38160
"268",277,"20130815 104435 583 000000 0913 0428","20130815 104435 583 000000 0913 0428.bmp","20130815_104435_583_000000_0913_0428-Prosome_mask.png","20130815_104435_583_000000_0913_0428.bmp-Lipid_mask.png","MlongMlat","ArcticNet2013","101",1,"8/15/2013",86,128,"False",0.380886426592798,316,0.01668795913453,681,0.048147979618021,11008
"269",278,"20130815 104436 682 000000 0977 0124","20130815 104436 682 000000 0977 0124.bmp","20130815_104436_682_000000_0977_0124-Prosome_mask.png","20130815_104436_682_000000_0977_0124.bmp-Lipid_mask.png","MlongFlat","ArcticNet2013","101",1,"8/15/2013",117,143,"False",0.35326842837274,700,0.050011553916899,1246,0.110828116351942,16731
"270",279,"20130815 104436 793 000000 0220 0796","20130815 104436 793 000000 0220 0796.bmp","20130815_104436_793_000000_0220_0796-Prosome_mask.png","20130815_104436_793_000000_0220_0796.bmp-Lipid_mask.png","ChypIVlat","ArcticNet2013","101",1,"8/15/2013",104,224,"False",0.8775,3215,0.409963131842084,3544,0.468960622746289,23296
"271",280,"20130815 104436 882 000000 0049 0376","20130815 104436 882 000000 0049 0376.bmp","20130815_104436_882_000000_0049_0376-Prosome_mask.png","20130815_104436_882_000000_0049_0376.bmp-Lipid_mask.png","CglacVdors","ArcticNet2013","101",1,"8/15/2013",150,150,"False",0.758730158730159,2780,0.335441562172573,2206,0.24378706270793,22500
"272",281,"20130815 104438 426 000000 0908 0448","20130815 104438 426 000000 0908 0448.bmp","20130815_104438_426_000000_0908_0448-Prosome_mask.png","20130815_104438_426_000000_0908_0448.bmp-Lipid_mask.png","ChypVlat","ArcticNet2013","101",1,"8/15/2013",316,204,"False",0.830034924330617,8476,1.56220693663839,7244,1.25778179074348,64464
"273",282,"20130815 104438 698 000001 0135 0656","20130815 104438 698 000001 0135 0656.bmp","20130815_104438_698_000001_0135_0656-Prosome_mask.png","20130815_104438_698_000001_0135_0656.bmp-Lipid_mask.png","ChypIVdors","ArcticNet2013","101",1,"8/15/2013",225,168,"False",0.838180019782394,4939,0.741407388489041,4353,0.622821239146335,37800
"274",283,"20130815 104438 926 000000 0520 0124","20130815 104438 926 000000 0520 0124.bmp","20130815_104438_926_000000_0520_0124-Prosome_mask.png","20130815_104438_926_000000_0520_0124.bmp-Lipid_mask.png","ChypVlat","ArcticNet2013","101",1,"8/15/2013",148,384,"False",0.88810213496406,9129,1.73068918315984,8470,1.56068105963898,56832
"275",284,"20130815 104439 381 000000 0041 0372","20130815 104439 381 000000 0041 0372.bmp","20130815_104439_381_000000_0041_0372-Prosome_mask.png","20130815_104439_381_000000_0041_0372.bmp-Lipid_mask.png","CglacVdors","ArcticNet2013","101",1,"8/15/2013",117,188,"False",0.813417190775681,3225,0.411723888462864,2830,0.343795616179982,21996
"276",285,"20130815 104439 531 000000 0335 0144","20130815 104439 531 000000 0335 0144.bmp","20130815_104439_531_000000_0335_0144-Prosome_mask.png","20130815_104439_531_000000_0335_0144.bmp-Lipid_mask.png","ChypIVlat","ArcticNet2013","101",1,"8/15/2013",131,355,"False",0.841396622546782,4154,0.583873564843571,3915,0.538028016636329,46505
"277",286,"20130815 104439 592 000000 0152 0524","20130815 104439 592 000000 0152 0524.bmp","20130815_104439_592_000000_0152_0524-Prosome_mask.png","20130815_104439_592_000000_0152_0524.bmp-Lipid_mask.png","CglacVlat","ArcticNet2013","101",1,"8/15/2013",252,108,"False",0.896226415094339,3594,0.478115467747965,3642,0.486949778681937,27216
"278",287,"20130815 104439 698 000000 0895 0216","20130815 104439 698 000000 0895 0216.bmp","20130815_104439_698_000000_0895_0216-Prosome_mask.png","20130815_104439_698_000000_0895_0216.bmp-Lipid_mask.png","ChypVlat","ArcticNet2013","101",1,"8/15/2013",326,220,"False",0.901365504441204,7183,1.24318897281715,7159,1.23746041067637,71720
"279",288,"20130815 104439 848 000000 0197 0116","20130815 104439 848 000000 0197 0116.bmp","20130815_104439_848_000000_0197_0116-Prosome_mask.png","20130815_104439_848_000000_0197_0116.bmp-Lipid_mask.png","MlongFlat","ArcticNet2013","101",1,"8/15/2013",150,94,"False",0.568052930056711,789,0.05899311354275,870,0.06751054627511,14100
"280",289,"20130815 104440 514 000000 1037 0248","20130815 104440 514 000000 1037 0248.bmp","20130815_104440_514_000000_1037_0248-Prosome_mask.png","20130815_104440_514_000000_1037_0248.bmp-Lipid_mask.png","ChypIVlat","ArcticNet2013","101",1,"8/15/2013",196,192,"False",0.727718152123192,3512,0.463127184206067,3893,0.533860182639828,37632
"281",290,"20130815 104440 697 000000 0895 0152","20130815 104440 697 000000 0895 0152.bmp","20130815_104440_697_000000_0895_0152-Prosome_mask.png","20130815_104440_697_000000_0895_0152.bmp-Lipid_mask.png","ChypVlat","ArcticNet2013","101",1,"8/15/2013",233,413,"False",0.859426175815538,6728,1.13584144104284,7465,1.311040760556,96229
"282",291,"20130815 104441 492 000001 0120 0772","20130815 104441 492 000001 0120 0772.bmp","20130815_104441_492_000001_0120_0772-Prosome_mask.png","20130815_104441_492_000001_0120_0772.bmp-Lipid_mask.png","ChypVlat","ArcticNet2013","101",1,"8/15/2013",164,364,"False",0.887636080870918,7474,1.31322252281674,7091,1.22126914069654,59696
"283",292,"20130815 104441 547 000000 0097 0016","20130815 104441 547 000000 0097 0016.bmp","20130815_104441_547_000000_0097_0016-Prosome_mask.png","20130815_104441_547_000000_0097_0016.bmp-Lipid_mask.png","ChypIVlat","ArcticNet2013","101",1,"8/15/2013",199,117,"False",0.789329685362517,3538,0.467865322386615,3002,0.37295961072365,23283
"284",293,"20130815 104441 880 000001 0925 0040","20130815 104441 880 000001 0925 0040.bmp","20130815_104441_880_000001_0925_0040-Prosome_mask.png","20130815_104441_880_000001_0925_0040.bmp-Lipid_mask.png","MlongIVdors","ArcticNet2013","101",1,"8/15/2013",83,79,"False",0.587837837837838,571,0.037756600346858,369,0.020669569857518,6557
"285",294,"20130815 104441 991 000000 0868 0300","20130815 104441 991 000000 0868 0300.bmp","20130815_104441_991_000000_0868_0300-Prosome_mask.png","20130815_104441_991_000000_0868_0300.bmp-Lipid_mask.png","CglacVlat","ArcticNet2013","101",1,"8/15/2013",128,252,"False",0.810198300283286,3858,0.52724797659527,3810,0.518216837933879,32256
"286",295,"20130815 104442 001 000001 0985 0148","20130815 104442 001 000001 0985 0148.bmp","20130815_104442_001_000001_0985_0148-Prosome_mask.png","20130815_104442_001_000001_0985_0148.bmp-Lipid_mask.png","MlongaIVlat","ArcticNet2013","101",1,"8/15/2013",75,128,"False",0.646464646464646,198,0.008754533645236,291,0.014893863811673,9600
"287",296,"20130815 104442 001 000002 0525 0604","20130815 104442 001 000002 0525 0604.bmp","20130815_104442_001_000002_0525_0604-Prosome_mask.png","20130815_104442_001_000002_0525_0604.bmp-Lipid_mask.png","ChypFlat","ArcticNet2013","101",1,"8/15/2013",417,173,"False",0.890810478919362,9145,1.73487653532028,9332,1.78402189928176,72141
"288",298,"20130815 104442 630 000000 0571 0392","20130815 104442 630 000000 0571 0392.bmp","20130815_104442_630_000000_0571_0392-Prosome_mask.png","20130815_104442_630_000000_0571_0392.bmp-Lipid_mask.png","ChypFlat","ArcticNet2013","101",1,"8/15/2013",199,595,"False",0.905605141021064,13555,2.98629284564553,13133,2.85875736609994,118405
"289",299,"20130815 104442 658 000000 0188 0224","20130815 104442 658 000000 0188 0224.bmp","20130815_104442_658_000000_0188_0224-Prosome_mask.png","20130815_104442_658_000000_0188_0224.bmp-Lipid_mask.png","MlongFlat","ArcticNet2013","101",1,"8/15/2013",188,184,"False",0.791033434650456,1299,0.11738583188693,1058,0.08843522294157,34592
"290",300,"20130815 104442 663 000000 0163 0720","20130815 104442 663 000000 0163 0720.bmp","20130815_104442_663_000000_0163_0720-Prosome_mask.png","20130815_104442_663_000000_0163_0720.bmp-Lipid_mask.png","ChypFlat","ArcticNet2013","101",1,"8/15/2013",237,564,"False",0.867230542407077,12624,2.70699151236544,11439,2.36271085381448,133668
"291",301,"20130815 104442 730 000000 0891 0708","20130815 104442 730 000000 0891 0708.bmp","20130815_104442_730_000000_0891_0708-Prosome_mask.png","20130815_104442_730_000000_0891_0708.bmp-Lipid_mask.png","ChypFlat","ArcticNet2013","101",1,"8/15/2013",216,539,"False",0.821668177697189,9765,1.89925271231571,10328,2.05200044181129,116424
"292",303,"20130815 104444 346 000000 0801 0636","20130815 104444 346 000000 0801 0636.bmp","20130815_104444_346_000000_0801_0636-Prosome_mask.png","20130815_104444_346_000000_0801_0636.bmp-Lipid_mask.png","MlongaIVlat","ArcticNet2013","101",1,"8/15/2013",109,71,"False",0.348561759729272,222,0.010251847996708,575,0.038122087974439,7739
"293",304,"20130815 104444 512 000000 0573 0620","20130815 104444 512 000000 0573 0620.bmp","20130815_104444_512_000000_0573_0620-Prosome_mask.png","20130815_104444_512_000000_0573_0620.bmp-Lipid_mask.png","CglacFlat","ArcticNet2013","101",1,"8/15/2013",248,117,"False",0.77680067001675,4525,0.657035293471636,3961,0.546771332344771,29016
"294",305,"20130815 104444 524 000000 0708 0112","20130815 104444 524 000000 0708 0112.bmp","20130815_104444_524_000000_0708_0112-Prosome_mask.png","20130815_104444_524_000000_0708_0112.bmp-Lipid_mask.png","ChypMlat","ArcticNet2013","101",1,"8/15/2013",164,388,"False",0.876701800614844,8932,1.67936183581194,8161,1.48265776019167,63632
"295",306,"20130815 104444 757 000000 0624 0396","20130815 104444 757 000000 0624 0396.bmp","20130815_104444_757_000000_0624_0396-Prosome_mask.png","20130815_104444_757_000000_0624_0396.bmp-Lipid_mask.png","ChypMlat","ArcticNet2013","101",1,"8/15/2013",148,276,"False",0.938480502017033,8819,1.65011323015663,8480,1.56322441604257,40848
"296",307,"20130815 104444 957 000000 0464 0108","20130815 104444 957 000000 0464 0108.bmp","20130815_104444_957_000000_0464_0108-Prosome_mask.png","20130815_104444_957_000000_0464_0108.bmp-Lipid_mask.png","ChypFlat","ArcticNet2013","101",1,"8/15/2013",192,372,"False",0.920767982693348,13943,3.10489306512381,14469,3.26768516555285,71424
"297",308,"20130815 104445 179 000000 0401 0144","20130815 104445 179 000000 0401 0144.bmp","20130815_104445_179_000000_0401_0144-Prosome_mask.png","20130815_104445_179_000000_0401_0144.bmp-Lipid_mask.png","ChypFlat","ArcticNet2013","101",1,"8/15/2013",395,207,"False",0.938697318007663,10696,2.15357785934027,10556,2.11477515773937,81765
"298",309,"20130815 104445 579 000000 0373 0148","20130815 104445 579 000000 0373 0148.bmp","20130815_104445_579_000000_0373_0148-Prosome_mask.png","20130815_104445_579_000000_0373_0148.bmp-Lipid_mask.png","ChypIVlat","ArcticNet2013","101",1,"8/15/2013",180,150,"False",0.834853090172239,3704,0.498426360771902,3540,0.468230344140985,27000
"299",310,"20130815 104445 862 000001 0875 0700","20130815 104445 862 000001 0875 0700.bmp","20130815_104445_862_000001_0875_0700-Prosome_mask.png","20130815_104445_862_000001_0875_0700.bmp-Lipid_mask.png","ChypIVlat","ArcticNet2013","101",1,"8/15/2013",178,329,"False",0.900819836032794,4750,0.702541906360784,4756,0.703766841668505,58562
"300",311,"20130815 104445 945 000000 0065 0096","20130815 104445 945 000000 0065 0096.bmp","20130815_104445_945_000000_0065_0096-Prosome_mask.png","20130815_104445_945_000000_0065_0096.bmp-Lipid_mask.png","ChypIVlat","ArcticNet2013","101",1,"8/15/2013",162,199,"False",0.805839416058394,3252,0.416488289278481,2933,0.361181668972004,32238
"301",313,"20130815 104447 245 000000 0745 0200","20130815 104447 245 000000 0745 0200.bmp","20130815_104447_245_000000_0745_0200-Prosome_mask.png","20130815_104447_245_000000_0745_0200.bmp-Lipid_mask.png","MlongFlat","ArcticNet2013","101",1,"8/15/2013",154,113,"False",0.591115140525839,1053,0.087858989871391,702,0.05020884931149,17402
"302",314,"20130815 104447 828 000000 0291 0760","20130815 104447 828 000000 0291 0760.bmp","20130815_104447_828_000000_0291_0760-Prosome_mask.png","20130815_104447_828_000000_0291_0760.bmp-Lipid_mask.png","CglacFlat","ArcticNet2013","101",1,"8/15/2013",170,319,"False",0.879112168053904,4923,0.738094938129073,4559,0.663857843476825,54230
"303",315,"20130815 104448 078 000000 0717 0016","20130815 104448 078 000000 0717 0016.bmp","20130815_104448_078_000000_0717_0016-Prosome_mask.png","20130815_104448_078_000000_0717_0016.bmp-Lipid_mask.png","MlongFlat","ArcticNet2013","101",1,"8/15/2013",154,120,"False",0.652078774617068,644,0.044575636222916,866,0.067082578039449,18480
"304",316,"20130815 104448 794 000001 1055 0756","20130815 104448 794 000001 1055 0756.bmp","20130815_104448_794_000001_1055_0756-Prosome_mask.png","20130815_104448_794_000001_1055_0756.bmp-Lipid_mask.png","MlongFlat","ArcticNet2013","101",1,"8/15/2013",161,287,"False",0.752161383285303,1690,0.168779115241955,1350,0.123792876386271,46207
"305",317,"20130815 104449 361 000000 1039 0780","20130815 104449 361 000000 1039 0780.bmp","20130815_104449_361_000000_1039_0780-Prosome_mask.png","20130815_104449_361_000000_1039_0780.bmp-Lipid_mask.png","CglacVdors","ArcticNet2013","101",1,"8/15/2013",170,183,"False",0.846457990115321,2899,0.355416504058549,2705,0.323017376399763,31110
"306",318,"20130815 104449 594 000000 1043 0204","20130815 104449 594 000000 1043 0204.bmp","20130815_104449_594_000000_1043_0204-Prosome_mask.png","20130815_104449_594_000000_1043_0204.bmp-Lipid_mask.png","CglacVdors","ArcticNet2013","101",1,"8/15/2013",229,177,"False",0.635116966926593,2865,0.349676976114042,3216,0.410139113974097,40533
"307",320,"20130815 104451 143 000001 1049 0512","20130815 104451 143 000001 1049 0512.bmp","20130815_104451_143_000001_1049_0512-Prosome_mask.png","20130815_104451_143_000001_1049_0512.bmp-Lipid_mask.png","ChypIVdors","ArcticNet2013","101",1,"8/15/2013",162,214,"False",0.859658932065977,3428,0.447910636635521,3224,0.411547719318732,34668
"308",321,"20130815 104451 293 000001 1072 0476","20130815 104451 293 000001 1072 0476.bmp","20130815_104451_293_000001_1072_0476-Prosome_mask.png","20130815_104451_293_000001_1072_0476.bmp-Lipid_mask.png","MlongFlat","ArcticNet2013","101",1,"8/15/2013",170,140,"False",0.729452054794521,1110,0.094488893723227,1415,0.132092737485659,23800
"309",322,"20130815 104451 443 000000 0877 0660","20130815 104451 443 000000 0877 0660.bmp","20130815_104451_443_000000_0877_0660-Prosome_mask.png","20130815_104451_443_000000_0877_0660.bmp-Lipid_mask.png","ChypVlat","ArcticNet2013","101",1,"8/15/2013",241,203,"False",0.7920080494466,5665,0.895882256415645,6802,1.15311759692149,48923
"310",323,"20130815 104451 693 000000 1072 0424","20130815 104451 693 000000 1072 0424.bmp","20130815_104451_693_000000_1072_0424-Prosome_mask.png","20130815_104451_693_000000_1072_0424.bmp-Lipid_mask.png","MlongFlat","ArcticNet2013","101",1,"8/15/2013",136,231,"False",0.451259583789704,451,0.027264571802377,874,0.067939262881084,31416
"311",324,"20130815 104451 793 000000 0283 0288","20130815 104451 793 000000 0283 0288.bmp","20130815_104451_793_000000_0283_0288-Prosome_mask.png","20130815_104451_793_000000_0283_0288.bmp-Lipid_mask.png","MlongFlat","ArcticNet2013","101",1,"8/15/2013",119,183,"False",0.706814580031696,966,0.078001595836688,1188,0.103772371481634,21777
"312",325,"20130815 104451 826 000000 1023 0840","20130815 104451 826 000000 1023 0840.bmp","20130815_104451_826_000000_1023_0840-Prosome_mask.png","20130815_104451_826_000000_1023_0840.bmp-Lipid_mask.png","ChypIVlat","ArcticNet2013","101",1,"8/15/2013",182,224,"False",0.90587967183227,4307,0.613756884458666,4056,0.564950268651017,40768
"313",326,"20130815 104452 187 000000 0104 0196","20130815 104452 187 000000 0104 0196.bmp","20130815_104452_187_000000_0104_0196-Prosome_mask.png","20130815_104452_187_000000_0104_0196.bmp-Lipid_mask.png","ChypVlat","ArcticNet2013","101",1,"8/15/2013",156,256,"False",0.880991985483139,6012,0.972481245930377,6427,1.0663174280695,39936
"314",327,"20130815 104452 359 000000 0927 0532","20130815 104452 359 000000 0927 0532.bmp","20130815_104452_359_000000_0927_0532-Prosome_mask.png","20130815_104452_359_000000_0927_0532.bmp-Lipid_mask.png","ChypVlat","ArcticNet2013","101",1,"8/15/2013",220,408,"False",0.900473933649289,8841,1.6557965469106,9204,1.75034144148466,89760
"315",328,"20130815 104452 476 000000 0925 0096","20130815 104452 476 000000 0925 0096.bmp","20130815_104452_476_000000_0925_0096-Prosome_mask.png","20130815_104452_476_000000_0925_0096.bmp-Lipid_mask.png","ChypVlat","ArcticNet2013","101",1,"8/15/2013",248,188,"False",0.893275669642857,6742,1.13910439124079,6829,1.15943890521528,46624
"316",329,"20130815 104452 959 000000 0527 0148","20130815 104452 959 000000 0527 0148.bmp","20130815_104452_959_000000_0527_0148-Prosome_mask.png","20130815_104452_959_000000_0527_0148.bmp-Lipid_mask.png","ChypVlat","ArcticNet2013","101",1,"8/15/2013",326,251,"False",0.823733862959285,7873,1.41094017776566,6819,1.15709657048559,81826
"317",330,"20130815 104453 092 000000 0215 0360","20130815 104453 092 000000 0215 0360.bmp","20130815_104453_092_000000_0215_0360-Prosome_mask.png","20130815_104453_092_000000_0215_0360.bmp-Lipid_mask.png","ChypVlat","ArcticNet2013","101",1,"8/15/2013",369,245,"False",0.881868418308831,9411,1.80489699088526,8638,1.60356020203136,90405
"318",331,"20130815 104453 392 000000 0935 0852","20130815 104453 392 000000 0935 0852.bmp","20130815_104453_392_000000_0935_0852-Prosome_mask.png","20130815_104453_392_000000_0935_0852.bmp-Lipid_mask.png","ChypVlat","ArcticNet2013","101",1,"8/15/2013",199,382,"False",0.822980251346499,7089,1.22079381673871,8142,1.47789632387323,76018
"319",332,"20130815 104454 559 000000 0163 0724","20130815 104454 559 000000 0163 0724.bmp","20130815_104454_559_000000_0163_0724-Prosome_mask.png","20130815_104454_559_000000_0163_0724.bmp-Lipid_mask.png","ChypIVlat","ArcticNet2013","101",1,"8/15/2013",220,256,"False",0.938913043478261,4429,0.637876925582718,4490,0.650032400212292,56320
"320",333,"20130815 104454 725 000000 0819 0292","20130815 104454 725 000000 0819 0292.bmp","20130815_104454_725_000000_0819_0292-Prosome_mask.png","20130815_104454_725_000000_0819_0292.bmp-Lipid_mask.png","MlongFlat","ArcticNet2013","101",1,"8/15/2013",102,261,"False",0.805936073059361,1235,0.109480167969264,1138,0.097793811992512,26622
"321",334,"20130815 104455 358 000000 1027 0552","20130815 104455 358 000000 1027 0552.bmp","20130815_104455_358_000000_1027_0552-Prosome_mask.png","20130815_104455_358_000000_1027_0552.bmp-Lipid_mask.png","ChypVlat","ArcticNet2013","101",1,"8/15/2013",318,271,"False",0.854196921289573,6546,1.09365900928034,6222,1.01966723168494,86178
"322",335,"20130815 104455 841 000000 0145 0128","20130815 104455 841 000000 0145 0128.bmp","20130815_104455_841_000000_0145_0128-Prosome_mask.png","20130815_104455_841_000000_0145_0128.bmp-Lipid_mask.png","ChypVlat","ArcticNet2013","101",1,"8/15/2013",256,305,"False",0.888744384015133,7876,1.41168217131429,8099,1.46713603504428,78080
"323",336,"20130815 104455 919 000000 0588 0648","20130815 104455 919 000000 0588 0648.bmp","20130815_104455_919_000000_0588_0648-Prosome_mask.png","20130815_104455_919_000000_0588_0648.bmp-Lipid_mask.png","ChypFlat","ArcticNet2013","101",1,"8/15/2013",276,492,"False",0.912908829972052,12613,2.70373697126795,12712,2.73306659342415,135792
"324",337,"20130815 104456 041 000001 0905 0656","20130815 104456 041 000001 0905 0656.bmp","20130815_104456_041_000001_0905_0656-Prosome_mask.png","20130815_104456_041_000001_0905_0656.bmp-Lipid_mask.png","CglacFlat","ArcticNet2013","101",1,"8/15/2013",267,128,"False",0.847014925373134,3390,0.441073166108537,3540,0.468230344140985,34176
"325",338,"20130815 104456 141 000001 0685 0260","20130815 104456 141 000001 0685 0260.bmp","20130815_104456_141_000001_0685_0260-Prosome_mask.png","20130815_104456_141_000001_0685_0260.bmp-Lipid_mask.png","ChypFlat","ArcticNet2013","101",1,"8/15/2013",335,165,"False",0.8765020612227,11019,2.24383679905708,10375,2.06489816817804,55275
"326",339,"20130815 104456 219 000000 0224 0188","20130815 104456 219 000000 0224 0188.bmp","20130815_104456_219_000000_0224_0188-Prosome_mask.png","20130815_104456_219_000000_0224_0188.bmp-Lipid_mask.png","ChypVlat","ArcticNet2013","101",1,"8/15/2013",148,292,"False",0.888478884788848,6847,1.1636583923999,6971,1.19284020237026,43216
"327",340,"20130815 104456 474 000000 0981 0540","20130815 104456 474 000000 0981 0540.bmp","20130815_104456_474_000000_0981_0540-Prosome_mask.png","20130815_104456_474_000000_0981_0540.bmp-Lipid_mask.png","ChypVdors","ArcticNet2013","101",1,"8/15/2013",196,312,"False",0.881537700049497,5531,0.866770460689355,5873,0.941590037347272,61152
"328",343,"20130815 104457 374 000001 1049 0080","20130815 104457 374 000001 1049 0080.bmp","20130815_104457_374_000001_1049_0080-Prosome_mask.png","20130815_104457_374_000001_1049_0080.bmp-Lipid_mask.png","CglacVlat","ArcticNet2013","101",1,"8/15/2013",120,226,"False",0.628242074927954,2049,0.22017244039021,3036,0.378801327526335,27120
"329",345,"20130815 104458 357 000000 1063 0436","20130815 104458 357 000000 1063 0436.bmp","20130815_104458_357_000000_1063_0436-Prosome_mask.png","20130815_104458_357_000000_1063_0436.bmp-Lipid_mask.png","ChypIVlat","ArcticNet2013","101",1,"8/15/2013",182,271,"False",0.885011709601874,4157,0.584455550446664,3892,0.533670947835367,49322
"330",346,"20130815 104459 051 000000 0092 0544","20130815 104459 051 000000 0092 0544.bmp","20130815_104459_051_000000_0092_0544-Prosome_mask.png","20130815_104459_051_000000_0092_0544.bmp-Lipid_mask.png","ChypVlat","ArcticNet2013","101",1,"8/15/2013",192,260,"False",0.83648932972648,5942,0.956890200664683,6278,1.03235356831927,49920
"331",347,"20130815 104459 123 000000 1015 0328","20130815 104459 123 000000 1015 0328.bmp","20130815_104459_123_000000_1015_0328-Prosome_mask.png","20130815_104459_123_000000_1015_0328.bmp-Lipid_mask.png","ChypVdors","ArcticNet2013","101",1,"8/15/2013",335,287,"False",0.816758544652701,8072,1.46039065425329,8406,1.54443062853786,96145
"332",350,"20130815 104500 016 000001 1017 0720","20130815 104500 016 000001 1017 0720.bmp","20130815_104500_016_000001_1017_0720-Prosome_mask.png","20130815_104500_016_000001_1017_0720.bmp-Lipid_mask.png","ChypIVlat","ArcticNet2013","101",1,"8/15/2013",196,105,"False",0.823198942498348,2899,0.355416504058549,2618,0.308768622168813,20580
"333",351,"20130815 104500 450 000000 0273 0875","20130815 104500 450 000000 0273 0875.bmp","20130815_104500_450_000000_0273_0875-Prosome_mask.png","20130815_104500_450_000000_0273_0875.bmp-Lipid_mask.png","ChypIVlat","ArcticNet2013","101",1,"8/15/2013",322,138,"False",0.818715819323476,4472,0.646438971323116,4507,0.65343122467899,44436
"334",352,"20130815 104500 482 000000 0797 0184","20130815 104500 482 000000 0797 0184.bmp","20130815_104500_482_000000_0797_0184-Prosome_mask.png","20130815_104500_482_000000_0797_0184.bmp-Lipid_mask.png","CglacFlat","ArcticNet2013","101",1,"8/15/2013",158,117,"False",0.836952380952381,2487,0.287652158490879,2335,0.263676214302954,18486
"335",353,"20130815 104500 749 000000 0177 0727","20130815 104500 749 000000 0177 0727.bmp","20130815_104500_749_000000_0177_0727-Prosome_mask.png","20130815_104500_749_000000_0177_0727.bmp-Lipid_mask.png","ChypFdors","ArcticNet2013","101",1,"8/15/2013",534,203,"False",0.822726450913036,10306,2.04597086121022,9857,1.9239900317518,108402
"336",354,"20130815 104500 850 000000 0092 0792","20130815 104500 850 000000 0092 0792.bmp","20130815_104500_850_000000_0092_0792-Prosome_mask.png","20130815_104500_850_000000_0092_0792.bmp-Lipid_mask.png","ChypIVlat","ArcticNet2013","101",1,"8/15/2013",120,252,"False",0.856581017304667,3377,0.438740693361677,3704,0.498426360771902,30240
"337",355,"20130815 104500 850 000000 0453 0331","20130815 104500 850 000000 0453 0331.bmp","20130815_104500_850_000000_0453_0331-Prosome_mask.png","20130815_104500_850_000000_0453_0331.bmp-Lipid_mask.png","ChypIVdors","ArcticNet2013","101",1,"8/15/2013",143,163,"False",0.836316019205587,1973,0.208982745893402,2234,0.248067475205452,23309
"338",357,"20130815 104500 949 000000 0105 0579","20130815 104500 949 000000 0105 0579.bmp","20130815_104500_949_000000_0105_0579-Prosome_mask.png","20130815_104500_949_000000_0105_0579.bmp-Lipid_mask.png","CglacVlat","ArcticNet2013","101",1,"8/15/2013",212,163,"False",0.912709305517431,3459,0.453509959645009,3509,0.462581331329927,34556
"339",358,"20130815 104500 949 000000 0689 0731","20130815 104500 949 000000 0689 0731.bmp","20130815_104500_949_000000_0689_0731-Prosome_mask.png","20130815_104500_949_000000_0689_0731.bmp-Lipid_mask.png","ChypFlat","ArcticNet2013","101",1,"8/15/2013",450,266,"False",0.898977097854621,10339,2.05501706349834,10639,2.13775617624287,119700
"340",359,"20130815 104500 983 000000 0025 0839","20130815 104500 983 000000 0025 0839.bmp","20130815_104500_983_000000_0025_0839-Prosome_mask.png","20130815_104500_983_000000_0025_0839.bmp-Lipid_mask.png","ChypIVlat","ArcticNet2013","101",1,"8/15/2013",312,149,"False",0.840198716621817,4507,0.65343122467899,4383,0.628752439476611,46488
"341",361,"20130815 104501 439 000000 0021 0663","20130815 104501 439 000000 0021 0663.bmp","20130815_104501_439_000000_0021_0663-Prosome_mask.png","20130815_104501_439_000000_0021_0663.bmp-Lipid_mask.png","ChypFlat","ArcticNet2013","101",1,"8/15/2013",469,217,"False",0.937949489881251,11649,2.42277667580854,11525,2.38725901793728,101773
"342",363,"20130815 104501 739 000000 1041 0372","20130815 104501 739 000000 1041 0372.bmp","20130815_104501_739_000000_1041_0372-Prosome_mask.png","20130815_104501_739_000000_1041_0372.bmp-Lipid_mask.png","ChypIVlat","ArcticNet2013","101",1,"8/15/2013",147,233,"False",0.848819380558111,3214,0.409787170509218,2815,0.341283462637803,34251
"343",364,"20130815 104501 839 000000 0845 0652","20130815 104501 839 000000 0845 0652.bmp","20130815_104501_839_000000_0845_0652-Prosome_mask.png","20130815_104501_839_000000_0845_0652.bmp-Lipid_mask.png","ChypIVlat","ArcticNet2013","101",1,"8/15/2013",226,128,"False",0.862973760932944,3440,0.4500758437452,3589,0.477197792607551,28928
"344",366,"20130815 104502 172 000000 0041 0160","20130815 104502 172 000000 0041 0160.bmp","20130815_104502_172_000000_0041_0160-Prosome_mask.png","20130815_104502_172_000000_0041_0160.bmp-Lipid_mask.png","ChypIVlat","ArcticNet2013","101",1,"8/15/2013",196,214,"False",0.859348198970841,3777,0.512032930346845,3811,0.518404547880736,41944
"345",367,"20130815 104502 205 000002 0701 0484","20130815 104502 205 000002 0701 0484.bmp","20130815_104502_205_000002_0701_0484-Prosome_mask.png","20130815_104502_205_000002_0701_0484.bmp-Lipid_mask.png","ChypIVlat","ArcticNet2013","101",1,"8/15/2013",117,222,"False",0.908145140827201,3864,0.528379885052096,3656,0.489534824118571,25974
"346",368,"20130815 104502 272 000000 0817 0040","20130815 104502 272 000000 0817 0040.bmp","20130815_104502_272_000000_0817_0040-Prosome_mask.png","20130815_104502_272_000000_0817_0040.bmp-Lipid_mask.png","ChypIVlat","ArcticNet2013","101",1,"8/15/2013",105,139,"False",0.802670623145401,1906,0.199252899757546,1739,0.175569259226003,14595
"347",371,"20130815 104502 983 000000 0748 0264","20130815 104502 983 000000 0748 0264.bmp","20130815_104502_983_000000_0748_0264-Prosome_mask.png","20130815_104502_983_000000_0748_0264.bmp-Lipid_mask.png","CglacVlat","ArcticNet2013","101",1,"8/15/2013",132,172,"False",0.847332743884468,3316,0.42784168279657,2952,0.364414476303481,22704
"348",372,"20130815 104502 999 000001 0093 0843","20130815 104502 999 000001 0093 0843.bmp","20130815_104502_999_000001_0093_0843-Prosome_mask.png","20130815_104502_999_000001_0093_0843.bmp-Lipid_mask.png","ChypFlat","ArcticNet2013","101",1,"8/15/2013",524,193,"False",0.89782038675844,11867,2.48556745627909,11294,2.32148025752098,101132
"349",373,"20130815 104503 588 000000 0847 0336","20130815 104503 588 000000 0847 0336.bmp","20130815_104503_588_000000_0847_0336-Prosome_mask.png","20130815_104503_588_000000_0847_0336.bmp-Lipid_mask.png","CglacFlat","ArcticNet2013","101",1,"8/15/2013",131,220,"False",0.871209753047827,2884,0.352881188047944,3102,0.390212096730521,28820
"350",374,"20130815 104503 616 000000 0276 0680","20130815 104503 616 000000 0276 0680.bmp","20130815_104503_616_000000_0276_0680-Prosome_mask.png","20130815_104503_616_000000_0276_0680.bmp-Lipid_mask.png","ChypFdors","ArcticNet2013","101",1,"8/15/2013",164,432,"False",0.787042393190645,11741,2.44922156730351,9884,1.93126660240076,70848
"351",375,"20130815 104503 738 000000 0061 0016","20130815 104503 738 000000 0061 0016.bmp","20130815_104503_738_000000_0061_0016-Prosome_mask.png","20130815_104503_738_000000_0061_0016.bmp-Lipid_mask.png","MlongFdors","ArcticNet2013","101",1,"8/15/2013",154,132,"False",0.638412542871142,1922,0.201564814207451,1422,0.132995362210091,20328
"352",376,"20130815 104503 771 000000 0841 0124","20130815 104503 771 000000 0841 0124.bmp","20130815_104503_771_000000_0841_0124-Prosome_mask.png","20130815_104503_771_000000_0841_0124.bmp-Lipid_mask.png","ChypVlat","ArcticNet2013","101",1,"8/15/2013",252,233,"False",0.908695652173913,6065,0.984331911108314,6227,1.0207981828196,58716
"353",377,"20130815 104503 816 000000 0788 0684","20130815 104503 816 000000 0788 0684.bmp","20130815_104503_816_000000_0788_0684-Prosome_mask.png","20130815_104503_816_000000_0788_0684.bmp-Lipid_mask.png","ChypFlat","ArcticNet2013","101",1,"8/15/2013",216,364,"False",0.887030995106036,9066,1.7142286131819,9442,1.81310672263657,78624
"354",379,"20130815 104504 155 000000 0259 0200","20130815 104504 155 000000 0259 0200.bmp","20130815_104504_155_000000_0259_0200-Prosome_mask.png","20130815_104504_155_000000_0259_0200.bmp-Lipid_mask.png","ChypIVdors","ArcticNet2013","101",1,"8/15/2013",161,204,"False",0.867078410311493,3628,0.484368506564815,3325,0.429444979657343,32844
"355",380,"20130815 104504 205 000001 1037 0516","20130815 104504 205 000001 1037 0516.bmp","20130815_104504_205_000001_1037_0516-Prosome_mask.png","20130815_104504_205_000001_1037_0516.bmp-Lipid_mask.png","MlongFlat","ArcticNet2013","101",1,"8/15/2013",162,135,"False",0.46577380952381,628,0.043054580486598,1342,0.12278166698384,21870
"356",381,"20130815 104504 788 000000 0583 0904","20130815 104504 788 000000 0583 0904.bmp","20130815_104504_788_000000_0583_0904-Prosome_mask.png","20130815_104504_788_000000_0583_0904.bmp-Lipid_mask.png","CglacVlat","ArcticNet2013","101",1,"8/15/2013",131,319,"False",0.901950718685831,3771,0.510910782449589,3639,0.486396330984123,41789
"357",382,"20130815 104505 049 000000 1012 0220","20130815 104505 049 000000 1012 0220.bmp","20130815_104505_049_000000_1012_0220-Prosome_mask.png","20130815_104505_049_000000_1012_0220.bmp-Lipid_mask.png","ChypIVdors","ArcticNet2013","101",1,"8/15/2013",132,172,"False",0.781435154707044,2781,0.335608087708953,2631,0.310886471630895,22704
"358",383,"20130815 104505 215 000000 0068 0604","20130815 104505 215 000000 0068 0604.bmp","20130815_104505_215_000000_0068_0604-Prosome_mask.png","20130815_104505_215_000000_0068_0604.bmp-Lipid_mask.png","CglacVdors","ArcticNet2013","101",1,"8/15/2013",252,152,"False",0.819113502434025,3841,0.524044536394754,3259,0.417725965040843,38304
"359",384,"20130815 104505 254 000000 1072 0804","20130815 104505 254 000000 1072 0804.bmp","20130815_104505_254_000000_1072_0804-Prosome_mask.png","20130815_104505_254_000000_1072_0804.bmp-Lipid_mask.png","ChypIVdors","ArcticNet2013","101",1,"8/15/2013",161,278,"False",0.841561126906177,3755,0.50792170582329,3370,0.437486158214271,44758
"360",385,"20130815 104505 371 000000 0397 0044","20130815 104505 371 000000 0397 0044.bmp","20130815_104505_371_000000_0397_0044-Prosome_mask.png","20130815_104505_371_000000_0397_0044.bmp-Lipid_mask.png","ChypVlat","ArcticNet2013","101",1,"8/15/2013",338,135,"False",0.898799313893653,7426,1.30159801472832,6965,1.19142360483722,45630
"361",388,"20130815 104506 670 000000 0105 0708","20130815 104506 670 000000 0105 0708.bmp","20130815_104506_670_000000_0105_0708-Prosome_mask.png","20130815_104506_670_000000_0105_0708.bmp-Lipid_mask.png","ChypVlat","ArcticNet2013","101",1,"8/15/2013",308,150,"False",0.736858622312882,4830,0.71892253002789,6239,1.02351387335331,46200
"362",389,"20130815 104506 754 000001 0527 0560","20130815 104506 754 000001 0527 0560.bmp","20130815_104506_754_000001_0527_0560-Prosome_mask.png","20130815_104506_754_000001_0527_0560.bmp-Lipid_mask.png","ChypIVlat","ArcticNet2013","101",1,"8/15/2013",123,324,"False",0.858922101449275,3916,0.538217675562128,4293,0.611005443844867,39852
"363",390,"20130815 104506 881 000000 0444 0632","20130815 104506 881 000000 0444 0632.bmp","20130815_104506_881_000000_0444_0632-Prosome_mask.png","20130815_104506_881_000000_0444_0632.bmp-Lipid_mask.png","ChypFlat","ArcticNet2013","101",1,"8/15/2013",344,216,"False",0.842579823910046,8398,1.54240262111418,8972,1.68974915971223,74304
"364",391,"20130815 104507 203 000000 0081 0480","20130815 104507 203 000000 0081 0480.bmp","20130815_104507_203_000000_0081_0480-Prosome_mask.png","20130815_104507_203_000000_0081_0480.bmp-Lipid_mask.png","ChypIVlat","ArcticNet2013","101",1,"8/15/2013",109,218,"False",0.905109489051095,3302,0.425350951539789,3223,0.411371570937731,23762
"365",392,"20130815 104507 220 000001 0087 0748","20130815 104507 220 000001 0087 0748.bmp","20130815_104507_220_000001_0087_0748-Prosome_mask.png","20130815_104507_220_000001_0087_0748.bmp-Lipid_mask.png","MlongFlat","ArcticNet2013","101",1,"8/15/2013",157,267,"False",0.430576070901034,818,0.062006128021888,1119,0.095547773853868,41919
"366",393,"20130815 104507 603 000001 0537 0652","20130815 104507 603 000001 0537 0652.bmp","20130815_104507_603_000001_0537_0652-Prosome_mask.png","20130815_104507_603_000001_0537_0652.bmp-Lipid_mask.png","MlongFlat","ArcticNet2013","101",1,"8/15/2013",173,117,"False",0.730283911671924,1146,0.098743797625286,1048,0.087283795603685,20241
"367",394,"20130815 104507 681 000000 0312 0084","20130815 104507 681 000000 0312 0084.bmp","20130815_104507_681_000000_0312_0084-Prosome_mask.png","20130815_104507_681_000000_0312_0084.bmp-Lipid_mask.png","CglacFlat","ArcticNet2013","101",1,"8/15/2013",112,272,"False",0.899569197630587,3524,0.465312366907053,3531,0.466588363843602,30464
"368",395,"20130815 104507 714 000000 0700 0064","20130815 104507 714 000000 0700 0064.bmp","20130815_104507_714_000000_0700_0064-Prosome_mask.png","20130815_104507_714_000000_0700_0064.bmp-Lipid_mask.png","CglacFlat","ArcticNet2013","101",1,"8/15/2013",108,264,"False",0.876531270148291,2942,0.362712009930519,2879,0.352037194340719,28512
"369",398,"20130815 104509 114 000000 1032 0848","20130815 104509 114 000000 1032 0848.bmp","20130815_104509_114_000000_1032_0848-Prosome_mask.png","20130815_104509_114_000000_1032_0848.bmp-Lipid_mask.png","MlongFdors","ArcticNet2013","101",1,"8/15/2013",120,184,"False",0.722222222222222,2058,0.221508126950921,1507,0.14408917068828,22080
"370",399,"20130815 104509 214 000000 1012 0596","20130815 104509 214 000000 1012 0596.bmp","20130815_104509_214_000000_1012_0596-Prosome_mask.png","20130815_104509_214_000000_1012_0596.bmp-Lipid_mask.png","MlongFlat","ArcticNet2013","101",1,"8/15/2013",148,212,"False",0.655726724715338,1310,0.118759795633877,1162,0.100651328211759,31376
"371",402,"20130815 104509 936 000001 0761 0568","20130815 104509 936 000001 0761 0568.bmp","20130815_104509_936_000001_0761_0568-Prosome_mask.png","20130815_104509_936_000001_0761_0568.bmp-Lipid_mask.png","ChypIVlat","ArcticNet2013","101",1,"8/15/2013",158,124,"False",0.81891495601173,2422,0.277329050739205,2540,0.296145803230673,19592
"372",403,"20130815 104510 047 000000 0932 0200","20130815 104510 047 000000 0932 0200.bmp","20130815_104510_047_000000_0932_0200-Prosome_mask.png","20130815_104510_047_000000_0932_0200.bmp-Lipid_mask.png","ChypVlat","ArcticNet2013","101",1,"8/15/2013",212,304,"False",0.867376070594342,7456,1.30885999761467,6934,1.18411190925563,64448
"373",404,"20130815 104510 247 000001 0412 0260","20130815 104510 247 000001 0412 0260.bmp","20130815_104510_247_000001_0412_0260-Prosome_mask.png","20130815_104510_247_000001_0412_0260.bmp-Lipid_mask.png","ChypVlat","ArcticNet2013","101",1,"8/15/2013",132,336,"False",0.914839930610314,6080,0.987693038954699,6062,0.98366006426839,44352
"374",407,"20130815 104510 702 000000 0253 0624","20130815 104510 702 000000 0253 0624.bmp","20130815_104510_702_000000_0253_0624-Prosome_mask.png","20130815_104510_702_000000_0253_0624.bmp-Lipid_mask.png","CglacVlat","ArcticNet2013","101",1,"8/15/2013",233,147,"False",0.736570490265072,3457,0.453148135428797,3946,0.543915988592539,34251
"375",408,"20130815 104510 802 000000 0185 0656","20130815 104510 802 000000 0185 0656.bmp","20130815_104510_802_000000_0185_0656-Prosome_mask.png","20130815_104510_802_000000_0185_0656.bmp-Lipid_mask.png","ChypFlat","ArcticNet2013","101",1,"8/15/2013",432,150,"False",0.884140925688345,9459,1.81761318622524,9633,1.86391458540915,64800
"376",409,"20130815 104510 813 000000 0984 0504","20130815 104510 813 000000 0984 0504.bmp","20130815_104510_813_000000_0984_0504-Prosome_mask.png","20130815_104510_813_000000_0984_0504.bmp-Lipid_mask.png","ChypIVlat","ArcticNet2013","101",1,"8/15/2013",224,172,"False",0.847876808212786,4022,0.558425324194346,3898,0.534806633688102,38528
"377",411,"20130815 104511 146 000001 0264 0160","20130815 104511 146 000001 0264 0160.bmp","20130815_104511_146_000001_0264_0160-Prosome_mask.png","20130815_104511_146_000001_0264_0160.bmp-Lipid_mask.png","CglacVlat","ArcticNet2013","101",1,"8/15/2013",172,244,"False",0.856204379562044,3907,0.536511408159104,3722,0.501772022478602,41968
"378",416,"20130815 104511 999 000000 0093 0403","20130815 104511 999 000000 0093 0403.bmp","20130815_104511_999_000000_0093_0403-Prosome_mask.png","20130815_104511_999_000000_0093_0403.bmp-Lipid_mask.png","CglacVlat","ArcticNet2013","101",1,"8/15/2013",232,270,"False",0.84077264421822,3475,0.456407413256917,3577,0.474997354663276,62640
"379",417,"20130815 104512 279 000000 0900 0524","20130815 104512 279 000000 0900 0524.bmp","20130815_104512_279_000000_0900_0524-Prosome_mask.png","20130815_104512_279_000000_0900_0524.bmp-Lipid_mask.png","ChypVlat","ArcticNet2013","101",1,"8/15/2013",276,276,"False",0.890009808042595,6668,1.12188662221025,6821,1.15756493307419,76176
"380",418,"20130815 104512 885 000001 0559 0800","20130815 104512 885 000001 0559 0800.bmp","20130815_104512_885_000001_0559_0800-Prosome_mask.png","20130815_104512_885_000001_0559_0800.bmp-Lipid_mask.png","ChypFlat","ArcticNet2013","101",1,"8/15/2013",178,408,"False",0.884333486028401,8574,1.58718757427103,7880,1.41267166311825,72624
"381",419,"20130815 104513 068 000000 0097 0052","20130815 104513 068 000000 0097 0052.bmp","20130815_104513_068_000000_0097_0052-Prosome_mask.png","20130815_104513_068_000000_0097_0052.bmp-Lipid_mask.png","ChypIVlat","ArcticNet2013","101",1,"8/15/2013",143,173,"False",0.870133481646274,3535,0.467317936767653,3190,0.405570348726346,24739
"382",420,"20130815 104513 501 000000 1001 0072","20130815 104513 501 000000 1001 0072.bmp","20130815_104513_501_000000_1001_0072-Prosome_mask.png","20130815_104513_501_000000_1001_0072.bmp-Lipid_mask.png","ChypIVlat","ArcticNet2013","101",1,"8/15/2013",207,169,"False",0.77209036316843,3495,0.460036363825584,2702,0.322523102803337,34983
"383",421,"20130815 104513 567 000001 1041 0236","20130815 104513 567 000001 1041 0236.bmp","20130815_104513_567_000001_1041_0236-Prosome_mask.png","20130815_104513_567_000001_1041_0236.bmp-Lipid_mask.png","CglacVlat","ArcticNet2013","101",1,"8/15/2013",150,177,"False",0.789491997216423,2786,0.336441056627264,2357,0.267110695071115,26550
"384",422,"20130815 104513 745 000000 0940 0376","20130815 104513 745 000000 0940 0376.bmp","20130815_104513_745_000000_0940_0376-Prosome_mask.png","20130815_104513_745_000000_0940_0376.bmp-Lipid_mask.png","ChypVlat","ArcticNet2013","101",1,"8/15/2013",360,220,"False",0.861158690176322,9444,1.81363673491599,9028,1.7043209917098,79200
"385",423,"20130815 104514 267 000000 0941 0016","20130815 104514 267 000000 0941 0016.bmp","20130815_104514_267_000000_0941_0016-Prosome_mask.png","20130815_104514_267_000000_0941_0016.bmp-Lipid_mask.png","MlongFlat","ArcticNet2013","101",1,"8/15/2013",135,180,"False",0.487305487305487,930,0.074018711814281,886,0.069229881745349,24300
"386",424,"20130815 104514 700 000000 0081 0092","20130815 104514 700 000000 0081 0092.bmp","20130815_104514_700_000000_0081_0092-Prosome_mask.png","20130815_104514_700_000000_0081_0092.bmp-Lipid_mask.png","ChypVlat","ArcticNet2013","101",1,"8/15/2013",241,226,"False",0.870842907243923,7621,1.34899879151674,7849,1.40500809906,54466
"387",426,"20130815 104515 617 000000 0299 0728","20130815 104515 617 000000 0299 0728.bmp","20130815_104515_617_000000_0299_0728-Prosome_mask.png","20130815_104515_617_000000_0299_0728.bmp-Lipid_mask.png","ChypIVlat","ArcticNet2013","101",1,"8/15/2013",165,241,"False",0.903123008285532,4387,0.629544434722904,4571,0.666270429756497,39765
"388",427,"20130815 104515 683 000000 0903 0768","20130815 104515 683 000000 0903 0768.bmp","20130815_104515_683_000000_0903_0768-Prosome_mask.png","20130815_104515_683_000000_0903_0768.bmp-Lipid_mask.png","MlongFlat","ArcticNet2013","101",1,"8/15/2013",127,231,"False",0.676470588235294,1652,0.163564448213218,1141,0.098149760200109,29337
"389",428,"20130815 104515 783 000001 0191 0760","20130815 104515 783 000001 0191 0760.bmp","20130815_104515_783_000001_0191_0760-Prosome_mask.png","20130815_104515_783_000001_0191_0760.bmp-Lipid_mask.png","MlongFdors","ArcticNet2013","101",1,"8/15/2013",131,172,"False",0.711325966850829,2157,0.236345998507725,1560,0.15112871834231,22532
"390",429,"20130815 104515 999 000000 0897 0143","20130815 104515 999 000000 0897 0143.bmp","20130815_104515_999_000000_0897_0143-Prosome_mask.png","20130815_104515_999_000000_0897_0143.bmp-Lipid_mask.png","CglacVdorsex","ArcticNet2013","101",1,"8/15/2013",312,326,"False",0.779504893494531,3396,0.442150839707807,2786,0.336441056627264,101712
"391",431,"20130815 104516 217 000000 0155 0364","20130815 104516 217 000000 0155 0364.bmp","20130815_104516_217_000000_0155_0364-Prosome_mask.png","20130815_104516_217_000000_0155_0364.bmp-Lipid_mask.png","MlongFlat","ArcticNet2013","101",1,"8/15/2013",165,168,"False",0.564356435643564,1073,0.090170124617758,1139,0.097912421824292,27720
"392",432,"20130815 104516 267 000000 0853 0831","20130815 104516 267 000000 0853 0831.bmp","20130815_104516_267_000000_0853_0831-Prosome_mask.png","20130815_104516_267_000000_0853_0831.bmp-Lipid_mask.png","ChypVlat","ArcticNet2013","101",1,"8/15/2013",168,317,"False",0.859579816843239,5532,0.86698672977703,4824,0.717690382365836,53256
"393",433,"20130815 104516 500 000000 0157 0276","20130815 104516 500 000000 0157 0276.bmp","20130815_104516_500_000000_0157_0276-Prosome_mask.png","20130815_104516_500_000000_0157_0276.bmp-Lipid_mask.png","CglacVdors","ArcticNet2013","101",1,"8/15/2013",150,177,"False",0.753323903818953,3531,0.466588363843602,2667,0.316772020871195,26550
"394",435,"20130815 104517 144 000000 0412 0716","20130815 104517 144 000000 0412 0716.bmp","20130815_104517_144_000000_0412_0716-Prosome_mask.png","20130815_104517_144_000000_0412_0716.bmp-Lipid_mask.png","ChypFlat","ArcticNet2013","101",1,"8/15/2013",216,388,"False",0.893371983704168,12533,2.68010005905342,11634,2.41847251201312,83808
"395",436,"20130815 104517 933 000000 0941 0255","20130815 104517 933 000000 0941 0255.bmp","20130815_104517_933_000000_0941_0255-Prosome_mask.png","20130815_104517_933_000000_0941_0255.bmp-Lipid_mask.png","MlongFdors","ArcticNet2013","101",1,"8/15/2013",257,193,"False",0.71981351981352,2117,0.230319037857239,1572,0.152735348828755,49601
"396",437,"20130815 104517 966 000000 0745 0315","20130815 104517 966 000000 0745 0315.bmp","20130815_104517_966_000000_0745_0315-Prosome_mask.png","20130815_104517_966_000000_0745_0315.bmp-Lipid_mask.png","ChypVlat","ArcticNet2013","101",1,"8/15/2013",247,341,"False",0.913313334022965,9324,1.78191169855611,9172,1.74194900541864,84227
"397",438,"20130815 104517 999 000000 0249 0259","20130815 104517 999 000000 0249 0259.bmp","20130815_104517_999_000000_0249_0259-Prosome_mask.png","20130815_104517_999_000000_0249_0259.bmp-Lipid_mask.png","ChypFlat","ArcticNet2013","101",1,"8/15/2013",539,208,"False",0.933828125,12105,2.55462094738858,12648,2.71409606965813,112112
"398",439,"20130815 104518 716 000000 0539 0460","20130815 104518 716 000000 0539 0460.bmp","20130815_104518_716_000000_0539_0460-Prosome_mask.png","20130815_104518_716_000000_0539_0460.bmp-Lipid_mask.png","ChypFlat","ArcticNet2013","101",1,"8/15/2013",428,261,"False",0.901640606947547,12389,2.63769807647949,12300,2.61158465030543,111708
"399",440,"20130815 104519 001 000001 0725 0084","20130815 104519 001 000001 0725 0084.bmp","20130815_104519_001_000001_0725_0084-Prosome_mask.png","20130815_104519_001_000001_0725_0084.bmp-Lipid_mask.png","CglacVlat","ArcticNet2013","101",1,"8/15/2013",192,158,"False",0.837074583635047,4018,0.557659057362694,3593,0.477931893885247,30336
"400",442,"20130815 104519 299 000002 0693 0648","20130815 104519 299 000002 0693 0648.bmp","20130815_104519_299_000002_0693_0648-Prosome_mask.png","20130815_104519_299_000002_0693_0648.bmp-Lipid_mask.png","ChypFlat","ArcticNet2013","101",1,"8/15/2013",406,203,"False",0.904209884075656,8086,1.4638871906549,7519,1.32414629784369,82418
"401",443,"20130815 104520 198 000000 0789 0032","20130815 104520 198 000000 0789 0032.bmp","20130815_104520_198_000000_0789_0032-Prosome_mask.png","20130815_104520_198_000000_0789_0032.bmp-Lipid_mask.png","MlongIIIdors","ArcticNet2013","101",1,"8/15/2013",75,60,"False",0.179190751445087,343,0.018687058244865,65,0.001882155433279,4500
"402",444,"20130815 104520 209 000001 0784 0272","20130815 104520 209 000001 0784 0272.bmp","20130815_104520_209_000001_0784_0272-Prosome_mask.png","20130815_104520_209_000001_0784_0272.bmp-Lipid_mask.png","ChypFlat","ArcticNet2013","101",1,"8/15/2013",192,452,"False",0.908990200255646,11323,2.32971037454963,11079,2.26071507156857,86784
"403",446,"20130815 104520 343 000000 0652 0128","20130815 104520 343 000000 0652 0128.bmp","20130815_104520_343_000000_0652_0128-Prosome_mask.png","20130815_104520_343_000000_0652_0128.bmp-Lipid_mask.png","ChypIVlat","ArcticNet2013","101",1,"8/15/2013",116,272,"False",0.898658718330849,3919,0.538786762757734,3725,0.502330231573325,31552
"404",449,"20130815 104521 864 000000 0337 0056","20130815 104521 864 000000 0337 0056.bmp","20130815_104521_864_000000_0337_0056-Prosome_mask.png","20130815_104521_864_000000_0337_0056.bmp-Lipid_mask.png","ChypFlat","ArcticNet2013","101",1,"8/15/2013",474,199,"False",0.903871499176277,11177,2.2883576397499,11936,2.50553348694297,94326
"405",450,"20130815 104521 897 000000 0805 0060","20130815 104521 897 000000 0805 0060.bmp","20130815_104521_897_000000_0805_0060-Prosome_mask.png","20130815_104521_897_000000_0805_0060.bmp-Lipid_mask.png","ChypFlat","ArcticNet2013","101",1,"8/15/2013",414,207,"False",0.897527100271003,11156,2.28242644879579,11250,2.30900851535415,85698
"406",451,"20130815 104522 697 000000 0433 0115","20130815 104522 697 000000 0433 0115.bmp","20130815_104522_697_000000_0433_0115-Prosome_mask.png","20130815_104522_697_000000_0433_0115.bmp-Lipid_mask.png","ChypVdors","ArcticNet2013","101",1,"8/15/2013",287,138,"False",0.845442957297642,6226,1.02057196497663,5356,0.829153690099577,39606
"407",452,"20130815 104522 999 000000 0127 0272","20130815 104522 999 000000 0127 0272.bmp","20130815_104522_999_000000_0127_0272-Prosome_mask.png","20130815_104522_999_000000_0127_0272.bmp-Lipid_mask.png","ChypIVlat","ArcticNet2013","101",1,"8/15/2013",182,287,"False",0.929003021148036,4536,0.659240464769793,4403,0.632715158725707,52234
"408",454,"20130815 104523 297 000000 0653 0155","20130815 104523 297 000000 0653 0155.bmp","20130815_104523_297_000000_0653_0155-Prosome_mask.png","20130815_104523_297_000000_0653_0155.bmp-Lipid_mask.png","CglacVlat","ArcticNet2013","101",1,"8/15/2013",233,233,"False",0.852703055628101,3529,0.466223695115494,3565,0.472799720079146,54289
"409",457,"20130815 104524 113 000000 0875 0904","20130815 104524 113 000000 0875 0904.bmp","20130815_104524_113_000000_0875_0904-Prosome_mask.png","20130815_104524_113_000000_0875_0904.bmp-Lipid_mask.png","MlongFlat","ArcticNet2013","101",1,"8/15/2013",119,177,"False",0.830350194552529,1169,0.101489024694156,1183,0.103170135554082,21063
"410",458,"20130815 104524 480 000000 0895 0560","20130815 104524 480 000000 0895 0560.bmp","20130815_104524_480_000000_0895_0560-Prosome_mask.png","20130815_104524_480_000000_0895_0560.bmp-Lipid_mask.png","MlongFlat","ArcticNet2013","101",1,"8/15/2013",157,278,"False",0.719014626635874,1013,0.083286783121443,1220,0.107649401571551,43646
"411",459,"20130815 104524 497 000000 0949 0443","20130815 104524 497 000000 0949 0443.bmp","20130815_104524_497_000000_0949_0443-Prosome_mask.png","20130815_104524_497_000000_0949_0443.bmp-Lipid_mask.png","CglacVlat","ArcticNet2013","101",1,"8/15/2013",301,193,"False",0.856597470770699,4059,0.565527000098928,3722,0.501772022478602,58093
"412",461,"20130815 104524 974 000000 0996 0532","20130815 104524 974 000000 0996 0532.bmp","20130815_104524_974_000000_0996_0532-Prosome_mask.png","20130815_104524_974_000000_0996_0532.bmp-Lipid_mask.png","ChypIVlat","ArcticNet2013","101",1,"8/15/2013",200,212,"False",0.913099870298314,3798,0.515965779665882,3577,0.474997354663276,42400
"413",462,"20130815 104525 341 000000 0196 0468","20130815 104525 341 000000 0196 0468.bmp","20130815_104525_341_000000_0196_0468-Prosome_mask.png","20130815_104525_341_000000_0196_0468.bmp-Lipid_mask.png","ChypIVlat","ArcticNet2013","101",1,"8/15/2013",208,196,"False",0.908600890555425,4111,0.575549354964063,4033,0.560534050918709,40768
"414",463,"20130815 104525 407 000000 1072 0496","20130815 104525 407 000000 1072 0496.bmp","20130815_104525_407_000000_1072_0496-Prosome_mask.png","20130815_104525_407_000000_1072_0496.bmp-Lipid_mask.png","ChypIVlat","ArcticNet2013","101",1,"8/15/2013",216,116,"False",0.784271284271284,3697,0.497126936065256,3722,0.501772022478602,25056
"415",465,"20130815 104525 574 000000 0768 0588","20130815 104525 574 000000 0768 0588.bmp","20130815_104525_574_000000_0768_0588-Prosome_mask.png","20130815_104525_574_000000_0768_0588.bmp-Lipid_mask.png","MlongFlat","ArcticNet2013","101",1,"8/15/2013",132,136,"False",0.808165910563837,1477,0.140145816163695,1313,0.11913527607936,17952
"416",468,"20130815 104526 213 000002 0123 0764","20130815 104526 213 000002 0123 0764.bmp","20130815_104526_213_000002_0123_0764-Prosome_mask.png","20130815_104526_213_000002_0123_0764.bmp-Lipid_mask.png","ChypIVlat","ArcticNet2013","101",1,"8/15/2013",212,282,"False",0.922758920800696,4530,0.658037391836579,4307,0.613756884458666,59784
"417",471,"20130815 104526 396 000001 0037 0448","20130815 104526 396 000001 0037 0448.bmp","20130815_104526_396_000001_0037_0448-Prosome_mask.png","20130815_104526_396_000001_0037_0448.bmp-Lipid_mask.png","MlongFlat","ArcticNet2013","101",1,"8/15/2013",120,158,"False",0.683753943217666,1219,0.107527653182657,916,0.072485444628644,18960
"418",473,"20130815 104527 173 000000 0288 0056","20130815 104527 173 000000 0288 0056.bmp","20130815_104527_173_000000_0288_0056-Prosome_mask.png","20130815_104527_173_000000_0288_0056.bmp-Lipid_mask.png","MlongFlat","ArcticNet2013","101",1,"8/15/2013",152,148,"False",0.587486744432662,636,0.043813290705619,861,0.066548673404251,22496
"419",476,"20130815 104527 279 000000 1072 0420","20130815 104527 279 000000 1072 0420.bmp","20130815_104527_279_000000_1072_0420-Prosome_mask.png","20130815_104527_279_000000_1072_0420.bmp-Lipid_mask.png","MlongVdors","ArcticNet2013","101",1,"8/15/2013",144,114,"False",0.72890216579537,1246,0.110828116351942,1069,0.089706577301812,16416
"420",477,"20130815 104527 673 000000 0928 0092","20130815 104527 673 000000 0928 0092.bmp","20130815_104527_673_000000_0928_0092-Prosome_mask.png","20130815_104527_673_000000_0928_0092.bmp-Lipid_mask.png","MlongFlat","ArcticNet2013","101",1,"8/15/2013",156,212,"False",0.781274586939418,1130,0.096846360737239,1134,0.097319768876315,33072
"421",478,"20130815 104527 795 000000 0189 0520","20130815 104527 795 000000 0189 0520.bmp","20130815_104527_795_000000_0189_0520-Prosome_mask.png","20130815_104527_795_000000_0189_0520.bmp-Lipid_mask.png","ChypFlat","ArcticNet2013","101",1,"8/15/2013",384,278,"False",0.928800284798861,10931,2.21914514071517,10741,2.16609132203619,106752
"422",479,"20130815 104528 328 000000 0973 0655","20130815 104528 328 000000 0973 0655.bmp","20130815_104528_328_000000_0973_0655-Prosome_mask.png","20130815_104528_328_000000_0973_0655.bmp-Lipid_mask.png","ChypVlat","ArcticNet2013","101",1,"8/15/2013",262,401,"False",0.852200851942687,7727,1.37496015357157,6622,1.11122017319631,105062
"423",481,"20130815 104528 999 000002 0025 0695","20130815 104528 999 000002 0025 0695.bmp","20130815_104528_999_000002_0025_0695-Prosome_mask.png","20130815_104528_999_000002_0025_0695.bmp-Lipid_mask.png","ChypVdors","ArcticNet2013","101",1,"8/15/2013",301,277,"False",0.854423428920073,7801,1.39316462076463,7396,1.29434717152346,83377
"424",482,"20130815 104529 445 000000 0971 0216","20130815 104529 445 000000 0971 0216.bmp","20130815_104529_445_000000_0971_0216-Prosome_mask.png","20130815_104529_445_000000_0971_0216.bmp-Lipid_mask.png","CglacVlat","ArcticNet2013","101",1,"8/15/2013",220,340,"False",0.835239387478194,5069,0.768471588177175,4399,0.631922066581979,74800
"425",485,"20130815 104530 361 000002 0873 0483","20130815 104530 361 000002 0873 0483.bmp","20130815_104530_361_000002_0873_0483-Prosome_mask.png","20130815_104530_361_000002_0873_0483.bmp-Lipid_mask.png","CglacVlat","ArcticNet2013","101",1,"8/15/2013",262,222,"False",0.863083985957332,3363,0.436232612903299,3536,0.46750037903438,58164
"426",487,"20130815 104531 571 000003 0996 0496","20130815 104531 571 000003 0996 0496.bmp","20130815_104531_571_000003_0996_0496-Prosome_mask.png","20130815_104531_571_000003_0996_0496.bmp-Lipid_mask.png","ChypIVlat","ArcticNet2013","101",1,"8/15/2013",188,180,"False",0.914571694599628,4228,0.598275645594604,3997,0.55364091555792,33840
"427",488,"20130815 104532 138 000000 0112 0276","20130815 104532 138 000000 0112 0276.bmp","20130815_104532_138_000000_0112_0276-Prosome_mask.png","20130815_104532_138_000000_0112_0276.bmp-Lipid_mask.png","ChypVlat","ArcticNet2013","101",1,"8/15/2013",392,164,"False",0.892255511588468,8776,1.63902048544144,7961,1.43274985962222,64288
"428",490,"20130815 104532 926 000000 0121 0843","20130815 104532 926 000000 0121 0843.bmp","20130815_104532_926_000000_0121_0843-Prosome_mask.png","20130815_104532_926_000000_0121_0843.bmp-Lipid_mask.png","ChypIVlat","ArcticNet2013","101",1,"8/15/2013",277,128,"False",0.902985074626866,3863,0.528191187229864,4042,0.562260999439223,35456
"429",491,"20130815 104533 643 000000 0191 0444","20130815 104533 643 000000 0191 0444.bmp","20130815_104533_643_000000_0191_0444-Prosome_mask.png","20130815_104533_643_000000_0191_0444.bmp-Lipid_mask.png","MlongFlat","ArcticNet2013","101",1,"8/15/2013",208,131,"False",0.855714285714286,1362,0.125313962263792,1236,0.109602520901564,27248
"430",492,"20130815 104533 876 000000 0907 0244","20130815 104533 876 000000 0907 0244.bmp","20130815_104533_876_000000_0907_0244-Prosome_mask.png","20130815_104533_876_000000_0907_0244.bmp-Lipid_mask.png","cglac3hyp2lat","ArcticNet2013","101",1,"8/15/2013",81,131,"False",0.733870967741936,375,0.021134802949426,485,0.030141069115116,10611
"431",494,"20130815 104534 504 000000 1072 0760","20130815 104534 504 000000 1072 0760.bmp","20130815_104534_504_000000_1072_0760-Prosome_mask.png","20130815_104534_504_000000_1072_0760.bmp-Lipid_mask.png","MlongFlat","ArcticNet2013","101",1,"8/15/2013",108,160,"False",0.898095238095238,1029,0.085107585691116,964,0.077778821840005,17280
"432",497,"20130815 104534 999 000000 0421 0171","20130815 104534 999 000000 0421 0171.bmp","20130815_104534_999_000000_0421_0171-Prosome_mask.png","20130815_104534_999_000000_0421_0171.bmp-Lipid_mask.png","ChypVlat","ArcticNet2013","101",1,"8/15/2013",252,390,"False",0.905507631055076,7098,1.22293317569859,7260,1.26161716778405,98280
"433",498,"20130815 104535 337 000001 0952 0336","20130815 104535 337 000001 0952 0336.bmp","20130815_104535_337_000001_0952_0336-Prosome_mask.png","20130815_104535_337_000001_0952_0336.bmp-Lipid_mask.png","ChypIVlat","ArcticNet2013","101",1,"8/15/2013",268,116,"False",0.863000931966449,4086,0.570724864337034,3910,0.537079998184038,31088
"434",499,"20130815 104535 337 000002 0784 0712","20130815 104535 337 000002 0784 0712.bmp","20130815_104535_337_000002_0784_0712-Prosome_mask.png","20130815_104535_337_000002_0784_0712.bmp-Lipid_mask.png","ChypFlat","ArcticNet2013","101",1,"8/15/2013",228,424,"False",0.716556929500562,10476,2.09268966466408,10902,2.21102462133723,96672
"435",501,"20130815 104535 592 000000 0845 0064","20130815 104535 592 000000 0845 0064.bmp","20130815_104535_592_000000_0845_0064-Prosome_mask.png","20130815_104535_592_000000_0845_0064.bmp-Lipid_mask.png","ChypVlat","ArcticNet2013","101",1,"8/15/2013",158,290,"False",0.904604720250866,5845,0.935400687903207,5695,0.90243597280313,45820
"436",502,"20130815 104535 603 000001 0112 0684","20130815 104535 603 000001 0112 0684.bmp","20130815_104535_603_000001_0112_0684-Prosome_mask.png","20130815_104535_603_000001_0112_0684.bmp-Lipid_mask.png","ChypIVlat","ArcticNet2013","101",1,"8/15/2013",204,164,"False",0.884196185286103,2886,0.353218941303823,2646,0.313335089185299,33456
"437",503,"20130815 104535 637 000000 0316 0672","20130815 104535 637 000000 0316 0672.bmp","20130815_104535_637_000000_0316_0672-Prosome_mask.png","20130815_104535_637_000000_0316_0672.bmp-Lipid_mask.png","ChypIVlat","ArcticNet2013","101",1,"8/15/2013",200,204,"False",0.90147509045366,3485,0.458220899299778,3347,0.433371090272283,40800
"438",505,"20130815 104536 591 000000 0845 0016","20130815 104536 591 000000 0845 0016.bmp","20130815_104536_591_000000_0845_0016-Prosome_mask.png","20130815_104536_591_000000_0845_0016.bmp-Lipid_mask.png","ChypVlat","ArcticNet2013","101",1,"8/15/2013",297,207,"False",0.893856545513027,5810,0.92767983465578,5966,0.962227882313412,61479
"439",506,"20130815 104537 625 000001 0021 0819","20130815 104537 625 000001 0021 0819.bmp","20130815_104537_625_000001_0021_0819-Prosome_mask.png","20130815_104537_625_000001_0021_0819.bmp-Lipid_mask.png","ChypVlat","ArcticNet2013","101",1,"8/15/2013",450,203,"False",0.874784535828614,7419,1.29990515390484,7808,1.39489007445948,91350
"440",507,"20130815 104537 636 000000 0936 0504","20130815 104537 636 000000 0936 0504.bmp","20130815_104537_636_000000_0936_0504-Prosome_mask.png","20130815_104537_636_000000_0936_0504.bmp-Lipid_mask.png","MlongMlat","ArcticNet2013","101",1,"8/15/2013",136,92,"False",0.714958775029446,819,0.062110759228446,637,0.04390838567096,12512
"441",508,"20130815 104537 999 000000 0769 0347","20130815 104537 999 000000 0769 0347.bmp","20130815_104537_999_000000_0769_0347-Prosome_mask.png","20130815_104537_999_000000_0769_0347.bmp-Lipid_mask.png","CglacVlat","ArcticNet2013","101",1,"8/15/2013",312,158,"False",0.809446911586597,4214,0.595543524386207,4750,0.702541906360784,49296
"442",510,"20130815 104538 557 000000 0113 0568","20130815 104538 557 000000 0113 0568.bmp","20130815_104538_557_000000_0113_0568-Prosome_mask.png","20130815_104538_557_000000_0113_0568.bmp-Lipid_mask.png","ChypFlat","ArcticNet2013","101",1,"8/15/2013",406,211,"False",0.841197361745307,8797,1.64443529837319,9348,1.78824436296621,85666
"443",511,"20130815 104538 624 000000 0841 0556","20130815 104538 624 000000 0841 0556.bmp","20130815_104538_624_000000_0841_0556-Prosome_mask.png","20130815_104538_624_000000_0841_0556.bmp-Lipid_mask.png","ChypFlat","ArcticNet2013","101",1,"8/15/2013",387,192,"False",0.865822784810126,8061,1.4576449916427,8890,1.66847415490373,74304
"444",512,"20130815 104538 735 000000 1000 0200","20130815 104538 735 000000 1000 0200.bmp","20130815_104538_735_000000_1000_0200-Prosome_mask.png","20130815_104538_735_000000_1000_0200.bmp-Lipid_mask.png","MlongFlat","ArcticNet2013","101",1,"8/15/2013",152,124,"False",0.475764354958986,881,0.068691311323704,1098,0.093082123619622,18848
"445",514,"20130815 104538 935 000000 0072 0452","20130815 104538 935 000000 0072 0452.bmp","20130815_104538_935_000000_0072_0452-Prosome_mask.png","20130815_104538_935_000000_0072_0452.bmp-Lipid_mask.png","CglacVdors","ArcticNet2013","101",1,"8/15/2013",160,160,"False",0.747441300421433,3199,0.407150249146943,2606,0.306817227556363,25600
"446",517,"20130815 104540 890 000000 0525 0443","20130815 104540 890 000000 0525 0443.bmp","20130815_104540_890_000000_0525_0443-Prosome_mask.png","20130815_104540_890_000000_0525_0443.bmp-Lipid_mask.png","ChypMlat","ArcticNet2013","101",1,"8/15/2013",341,182,"False",0.9327900084674,9036,1.70640549227207,9225,1.75585500887065,62062
"447",518,"20130815 104540 999 000000 0365 0155","20130815 104540 999 000000 0365 0155.bmp","20130815_104540_999_000000_0365_0155-Prosome_mask.png","20130815_104540_999_000000_0365_0155.bmp-Lipid_mask.png","ChypFlat","ArcticNet2013","101",1,"8/15/2013",460,238,"False",0.909381799564828,14762,3.35935136895276,15074,3.45772459145246,109480
"448",519,"20130815 104541 434 000000 0064 0448","20130815 104541 434 000000 0064 0448.bmp","20130815_104541_434_000000_0064_0448-Prosome_mask.png","20130815_104541_434_000000_0064_0448.bmp-Lipid_mask.png","CglacVdors","ArcticNet2013","101",1,"8/15/2013",200,124,"False",0.754354354354354,2954,0.364755232877773,2888,0.353556783515452,24800
"449",520,"20130815 104541 756 000001 0825 0548","20130815 104541 756 000001 0825 0548.bmp","20130815_104541_756_000001_0825_0548-Prosome_mask.png","20130815_104541_756_000001_0825_0548.bmp-Lipid_mask.png","ChypIVlat","ArcticNet2013","101",1,"8/15/2013",237,158,"False",0.902293577981651,4191,0.591062526049668,4103,0.574004301550532,37446
"450",522,"20130815 104542 406 000000 1072 0744","20130815 104542 406 000000 1072 0744.bmp","20130815_104542_406_000000_1072_0744-Prosome_mask.png","20130815_104542_406_000000_1072_0744.bmp-Lipid_mask.png","CglacVlat","ArcticNet2013","101",1,"8/15/2013",195,287,"False",0.888163816381638,4289,0.610219943530625,4102,0.573811250306842,55965
"451",524,"20130815 104542 567 000000 1060 0324","20130815 104542 567 000000 1060 0324.bmp","20130815_104542_567_000000_1060_0324-Prosome_mask.png","20130815_104542_567_000000_1060_0324.bmp-Lipid_mask.png","ChypIVlat","ArcticNet2013","101",1,"8/15/2013",204,208,"False",0.844052863436123,3966,0.547724027825961,4406,0.63331015754806,42432
"452",527,"20130815 104543 933 000001 0948 0116","20130815 104543 933 000001 0948 0116.bmp","20130815_104543_933_000001_0948_0116-Prosome_mask.png","20130815_104543_933_000001_0948_0116.bmp-Lipid_mask.png","MlongIVdors","ArcticNet2013","101",1,"8/15/2013",84,88,"False",0.379518072289157,478,0.029542384814576,209,0.009432719681397,7392
"453",528,"20130815 104544 001 000001 1008 0224","20130815 104544 001 000001 1008 0224.bmp","20130815_104544_001_000001_1008_0224-Prosome_mask.png","20130815_104544_001_000001_1008_0224.bmp-Lipid_mask.png","MlongaIVlat","ArcticNet2013","101",1,"8/15/2013",136,80,"False",0.669421487603306,267,0.013225758681288,339,0.018386989882098,10880
"454",529,"20130815 104544 033 000002 0548 0680","20130815 104544 033 000002 0548 0680.bmp","20130815_104544_033_000002_0548_0680-Prosome_mask.png","20130815_104544_033_000002_0548_0680.bmp-Lipid_mask.png","ChypFlat","ArcticNet2013","101",1,"8/15/2013",184,444,"False",0.943289923339799,10791,2.18001855098635,10249,2.03037152534049,81696
"455",530,"20130815 104544 200 000000 0148 0684","20130815 104544 200 000000 0148 0684.bmp","20130815_104544_200_000000_0148_0684-Prosome_mask.png","20130815_104544_200_000000_0148_0684.bmp-Lipid_mask.png","MlongaIVlat","ArcticNet2013","101",1,"8/15/2013",80,92,"False",0.587939698492462,239,0.011350739504396,393,0.022547415763455,7360
"456",531,"20130815 104544 205 000001 0915 0820","20130815 104544 205 000001 0915 0820.bmp","20130815_104544_205_000001_0915_0820-Prosome_mask.png","20130815_104544_205_000001_0915_0820.bmp-Lipid_mask.png","ChypIVlat","ArcticNet2013","101",1,"8/15/2013",140,334,"False",0.709797533162672,3458,0.453329037596677,3889,0.533103354285327,46760
"457",532,"20130815 104544 688 000001 1005 0604","20130815 104544 688 000001 1005 0604.bmp","20130815_104544_688_000001_1005_0604-Prosome_mask.png","20130815_104544_688_000001_1005_0604.bmp-Lipid_mask.png","MlongFlat","ArcticNet2013","101",1,"8/15/2013",207,143,"False",0.707512764405543,1329,0.121143335536876,1012,0.083173343635993,29601
"458",533,"20130815 104545 255 000000 0989 0628","20130815 104545 255 000000 0989 0628.bmp","20130815_104545_255_000000_0989_0628-Prosome_mask.png","20130815_104545_255_000000_0989_0628.bmp-Lipid_mask.png","CglacVdors","ArcticNet2013","101",1,"8/15/2013",132,150,"False",0.860956618464961,2622,0.309419843491521,2397,0.273386421636758,19800
"459",534,"20130815 104545 488 000000 0993 0052","20130815 104545 488 000000 0993 0052.bmp","20130815_104545_488_000000_0993_0052-Prosome_mask.png","20130815_104545_488_000000_0993_0052.bmp-Lipid_mask.png","CglacVdors","ArcticNet2013","101",1,"8/15/2013",128,203,"False",0.70359380151665,3005,0.373474049731795,2162,0.237102375553602,25984
"460",535,"20130815 104546 221 000000 0097 0127","20130815 104546 221 000000 0097 0127.bmp","20130815_104546_221_000000_0097_0127-Prosome_mask.png","20130815_104546_221_000000_0097_0127.bmp-Lipid_mask.png","MlongMlat","ArcticNet2013","101",1,"8/15/2013",114,198,"False",0.521889400921659,517,0.032919406975392,804,0.060546410471077,22572
"461",537,"20130815 104546 565 000000 0596 0696","20130815 104546 565 000000 0596 0696.bmp","20130815_104546_565_000000_0596_0696-Prosome_mask.png","20130815_104546_565_000000_0596_0696.bmp-Lipid_mask.png","CglacFlat","ArcticNet2013","101",1,"8/15/2013",124,264,"False",0.552150854449028,3724,0.502144142886357,4178,0.588533915133022,32736
"462",538,"20130815 104547 187 000001 1049 0324","20130815 104547 187 000001 1049 0324.bmp","20130815_104547_187_000001_1049_0324-Prosome_mask.png","20130815_104547_187_000001_1049_0324.bmp-Lipid_mask.png","MlongFlat","ArcticNet2013","101",1,"8/15/2013",102,150,"False",0.674829931972789,1272,0.114032138039733,1190,0.104013535897982,15300
"463",540,"20130815 104547 404 000001 0143 0784","20130815 104547 404 000001 0143 0784.bmp","20130815_104547_404_000001_0143_0784-Prosome_mask.png","20130815_104547_404_000001_0143_0784.bmp-Lipid_mask.png","ChypIVlat","ArcticNet2013","101",1,"8/15/2013",212,292,"False",0.881384652626483,3837,0.523291567546002,3935,0.541824688782502,61904
"464",541,"20130815 104547 437 000001 0135 0652","20130815 104547 437 000001 0135 0652.bmp","20130815_104547_437_000001_0135_0652-Prosome_mask.png","20130815_104547_437_000001_0135_0652.bmp-Lipid_mask.png","ChypFlat","ArcticNet2013","101",1,"8/15/2013",148,455,"False",0.897069335239457,9345,1.78745244167716,9233,1.75795667095476,67340
"465",543,"20130815 104547 632 000000 0396 0224","20130815 104547 632 000000 0396 0224.bmp","20130815_104547_632_000000_0396_0224-Prosome_mask.png","20130815_104547_632_000000_0396_0224.bmp-Lipid_mask.png","ChypIVlat","ArcticNet2013","101",1,"8/15/2013",160,192,"False",0.874715779899955,4001,0.554405658822408,4244,0.60140228158967,30720
"466",545,"20130815 104547 720 000000 0973 0688","20130815 104547 720 000000 0973 0688.bmp","20130815_104547_720_000000_0973_0688-Prosome_mask.png","20130815_104547_720_000000_0973_0688.bmp-Lipid_mask.png","ChypIVlat","ArcticNet2013","101",1,"8/15/2013",162,162,"False",0.855840455840456,3454,0.452605548243529,3060,0.382939902270949,26244
"467",546,"20130815 104547 998 000000 0088 0172","20130815 104547 998 000000 0088 0172.bmp","20130815_104547_998_000000_0088_0172-Prosome_mask.png","20130815_104547_998_000000_0088_0172.bmp-Lipid_mask.png","ChypIVlat","ArcticNet2013","101",1,"8/15/2013",212,172,"False",0.891867469879518,3155,0.399442411820138,3126,0.394384499255693,36464
"468",547,"20130815 104548 253 000000 0877 0380","20130815 104548 253 000000 0877 0380.bmp","20130815_104548_253_000000_0877_0380-Prosome_mask.png","20130815_104548_253_000000_0877_0380.bmp-Lipid_mask.png","ChypVlat","ArcticNet2013","101",1,"8/15/2013",293,196,"False",0.892500316175541,7419,1.29990515390484,7545,1.3304691547809,57428
"469",548,"20130815 104548 320 000000 0025 0243","20130815 104548 320 000000 0025 0243.bmp","20130815_104548_320_000000_0025_0243-Prosome_mask.png","20130815_104548_320_000000_0025_0243.bmp-Lipid_mask.png","ChypVlat","ArcticNet2013","101",1,"8/15/2013",317,193,"False",0.916484417714598,6973,1.19331250453823,7048,1.2110609178218,61181
"470",549,"20130815 104548 531 000000 1040 0424","20130815 104548 531 000000 1040 0424.bmp","20130815_104548_531_000000_1040_0424-Prosome_mask.png","20130815_104548_531_000000_1040_0424.bmp-Lipid_mask.png","MlongIVdors","ArcticNet2013","101",1,"8/15/2013",92,88,"False",0.344902386117137,166,0.006864109690741,454,0.02751516557193,8096
"471",551,"20130815 104549 001 000000 0165 0208","20130815 104549 001 000000 0165 0208.bmp","20130815_104549_001_000000_0165_0208-Prosome_mask.png","20130815_104549_001_000000_0165_0208.bmp-Lipid_mask.png","ChypVlat","ArcticNet2013","101",1,"8/15/2013",177,327,"False",0.913211877779372,6648,1.11724558834249,6689,1.12676540390949,57879
"472",552,"20130815 104549 137 000001 0119 0832","20130815 104549 137 000001 0119 0832.bmp","20130815_104549_137_000001_0119_0832-Prosome_mask.png","20130815_104549_137_000001_0119_0832.bmp-Lipid_mask.png","ChypVlat","ArcticNet2013","101",1,"8/15/2013",119,392,"False",0.841183397115102,5961,0.961115191233982,6548,1.09412015716921,46648
"473",554,"20130815 104549 298 000000 0768 0276","20130815 104549 298 000000 0768 0276.bmp","20130815_104549_298_000000_0768_0276-Prosome_mask.png","20130815_104549_298_000000_0768_0276.bmp-Lipid_mask.png","MlongFlat","ArcticNet2013","101",1,"8/15/2013",120,164,"False",0.712809917355372,946,0.075781783458794,712,0.051198524458501,19680
"474",555,"20130815 104550 131 000000 0740 0072","20130815 104550 131 000000 0740 0072.bmp","20130815_104550_131_000000_0740_0072-Prosome_mask.png","20130815_104550_131_000000_0740_0072.bmp-Lipid_mask.png","MlongFlat","ArcticNet2013","101",1,"8/15/2013",128,164,"False",0.746551724137931,1029,0.085107585691116,997,0.081476876597438,20992
"475",556,"20130815 104550 453 000000 0113 0572","20130815 104550 453 000000 0113 0572.bmp","20130815_104550_453_000000_0113_0572-Prosome_mask.png","20130815_104550_453_000000_0113_0572.bmp-Lipid_mask.png","ChypIVlat","ArcticNet2013","101",1,"8/15/2013",184,196,"False",0.917870291702067,3314,0.427485618952216,3458,0.453329037596677,36064
"476",557,"20130815 104550 619 000000 0769 0140","20130815 104550 619 000000 0769 0140.bmp","20130815_104550_619_000000_0769_0140-Prosome_mask.png","20130815_104550_619_000000_0769_0140.bmp-Lipid_mask.png","MlongFlat","ArcticNet2013","101",1,"8/15/2013",188,90,"False",0.558978211870774,1110,0.094488893723227,965,0.077890186907225,16920
"477",558,"20130815 104551 252 000000 0977 0400","20130815 104551 252 000000 0977 0400.bmp","20130815_104551_252_000000_0977_0400-Prosome_mask.png","20130815_104551_252_000000_0977_0400.bmp-Lipid_mask.png","ChypVlat","ArcticNet2013","101",1,"8/15/2013",196,282,"False",0.934982332155477,5558,0.872614935758509,5394,0.837282769051467,55272
"478",562,"20130815 104553 318 000000 0797 0599","20130815 104553 318 000000 0797 0599.bmp","20130815_104553_318_000000_0797_0599-Prosome_mask.png","20130815_104553_318_000000_0797_0599.bmp-Lipid_mask.png","ChypFlat","ArcticNet2013","101",1,"8/15/2013",455,233,"False",0.904130142936113,12059,2.54123390416011,12053,2.53948919669123,106015
"479",563,"20130815 104553 496 000000 0900 0736","20130815 104553 496 000000 0900 0736.bmp","20130815_104553_496_000000_0900_0736-Prosome_mask.png","20130815_104553_496_000000_0900_0736.bmp-Lipid_mask.png","ChypVlat","ArcticNet2013","101",1,"8/15/2013",216,256,"False",0.892461197339246,6680,1.1246737836769,6976,1.19402105431211,55296
"480",564,"20130815 104554 251 000000 1013 0284","20130815 104554 251 000000 1013 0284.bmp","20130815_104554_251_000000_1013_0284-Prosome_mask.png","20130815_104554_251_000000_1013_0284.bmp-Lipid_mask.png","ChypIVlat","ArcticNet2013","101",1,"8/15/2013",196,162,"False",0.816680660509376,3429,0.448090960712583,3062,0.383285341932164,31752
"481",565,"20130815 104554 485 000000 0873 0495","20130815 104554 485 000000 0873 0495.bmp","20130815_104554_485_000000_0873_0495-Prosome_mask.png","20130815_104554_485_000000_0873_0495.bmp-Lipid_mask.png","CglacVlat","ArcticNet2013","101",1,"8/15/2013",133,317,"False",0.54855195911414,2344,0.265079749619717,4019,0.557850596906766,42161
"482",566,"20130815 104554 529 000000 0948 0172","20130815 104554 529 000000 0948 0172.bmp","20130815_104554_529_000000_0948_0172-Prosome_mask.png","20130815_104554_529_000000_0948_0172.bmp-Lipid_mask.png","ChypVlat","ArcticNet2013","101",1,"8/15/2013",200,264,"False",0.841505926098071,8535,1.57723323088735,7313,1.27434478168621,52800
"483",567,"20130815 104554 695 000000 0676 0132","20130815 104554 695 000000 0676 0132.bmp","20130815_104554_695_000000_0676_0132-Prosome_mask.png","20130815_104554_695_000000_0676_0132.bmp-Lipid_mask.png","CglacFlat","ArcticNet2013","101",1,"8/15/2013",128,220,"False",0.702232311766932,2195,0.242111098111231,2304,0.258857569265077,28160
"484",569,"20130815 104555 184 000000 0025 0591","20130815 104555 184 000000 0025 0591.bmp","20130815_104555_184_000000_0025_0591-Prosome_mask.png","20130815_104555_184_000000_0025_0591.bmp-Lipid_mask.png","ChypVlat","ArcticNet2013","101",1,"8/15/2013",322,238,"False",0.853102574926129,6779,1.14774029287328,6391,1.05808369450733,76636
"485",570,"20130815 104555 317 000001 0957 0651","20130815 104555 317 000001 0957 0651.bmp","20130815_104555_317_000001_0957_0651-Prosome_mask.png","20130815_104555_317_000001_0957_0651.bmp-Lipid_mask.png","ChypVdors","ArcticNet2013","101",1,"8/15/2013",222,385,"False",0.808671824629271,5649,0.892392325448532,5572,0.875649657756337,85470
"486",571,"20130815 104556 534 000000 0095 0436","20130815 104556 534 000000 0095 0436.bmp","20130815_104556_534_000000_0095_0436-Prosome_mask.png","20130815_104556_534_000000_0095_0436.bmp-Lipid_mask.png","ChypIVlat","ArcticNet2013","101",1,"8/15/2013",220,151,"False",0.613140753327669,2935,0.361521590738696,2761,0.332281907360621,33220
"487",572,"20130815 104557 017 000000 0965 0176","20130815 104557 017 000000 0965 0176.bmp","20130815_104557_017_000000_0965_0176-Prosome_mask.png","20130815_104557_017_000000_0965_0176.bmp-Lipid_mask.png","ChypVdors","ArcticNet2013","101",1,"8/15/2013",207,297,"False",0.797461589846359,6731,1.13654042765369,6723,1.13467672654549,61479
"488",573,"20130815 104557 894 000000 0168 0204","20130815 104557 894 000000 0168 0204.bmp","20130815_104557_894_000000_0168_0204-Prosome_mask.png","20130815_104557_894_000000_0168_0204.bmp-Lipid_mask.png","ChypVlat","ArcticNet2013","101",1,"8/15/2013",324,272,"False",0.643116380353254,5766,0.917998674413522,7816,1.39686274142385,88128
"489",575,"20130815 104558 194 000001 0708 0336","20130815 104558 194 000001 0708 0336.bmp","20130815_104558_194_000001_0708_0336-Prosome_mask.png","20130815_104558_194_000001_0708_0336.bmp-Lipid_mask.png","ChypFlat","ArcticNet2013","101",1,"8/15/2013",176,356,"False",0.851262482747422,11708,2.43972680948238,11094,2.26494007714533,62656
"490",576,"20130815 104558 527 000000 1004 0616","20130815 104558 527 000000 1004 0616.bmp","20130815_104558_527_000000_1004_0616-Prosome_mask.png","20130815_104558_527_000000_1004_0616.bmp-Lipid_mask.png","ChypVdors","ArcticNet2013","101",1,"8/15/2013",332,208,"False",0.753000444510298,6328,1.04371706142327,5503,0.860720964668453,69056
"491",577,"20130815 104558 594 000000 0208 0100","20130815 104558 594 000000 0208 0100.bmp","20130815_104558_594_000000_0208_0100-Prosome_mask.png","20130815_104558_594_000000_0208_0100.bmp-Lipid_mask.png","ChypVlat","ArcticNet2013","101",1,"8/15/2013",140,360,"False",0.785157909644526,5784,0.921955768343739,6821,1.15756493307419,50400
"492",578,"20130815 104559 166 000000 0267 0176","20130815 104559 166 000000 0267 0176.bmp","20130815_104559_166_000000_0267_0176-Prosome_mask.png","20130815_104559_166_000000_0267_0176.bmp-Lipid_mask.png","ChypIVlat","ArcticNet2013","101",1,"8/15/2013",114,287,"False",0.85663082437276,3401,0.443049453953777,3851,0.525928261984313,32718
"493",579,"20130815 104559 427 000001 1072 0156","20130815 104559 427 000001 1072 0156.bmp","20130815_104559_427_000001_1072_0156-Prosome_mask.png","20130815_104559_427_000001_1072_0156.bmp-Lipid_mask.png","CglacVlat","ArcticNet2013","101",1,"8/15/2013",240,128,"False",0.780848963474827,3654,0.489165301234164,3562,0.472250750142605,30720
"494",581,"20130815 104559 965 000001 0335 0792","20130815 104559 965 000001 0335 0792.bmp","20130815_104559_965_000001_0335_0792-Prosome_mask.png","20130815_104559_965_000001_0335_0792.bmp-Lipid_mask.png","ChypIVlat","ArcticNet2013","101",1,"8/15/2013",212,209,"False",0.922360248447205,4311,0.614543635262625,4355,0.623216170611222,44308
"495",582,"20130815 104600 049 000000 0209 0048","20130815 104600 049 000000 0209 0048.bmp","20130815_104600_049_000000_0209_0048-Prosome_mask.png","20130815_104600_049_000000_0209_0048.bmp-Lipid_mask.png","ChypIVdors","ArcticNet2013","101",1,"8/15/2013",147,143,"False",0.888017118402282,2653,0.314479585612562,2641,0.312518295693466,21021
"496",584,"20130815 104600 092 000000 0189 0184","20130815 104600 092 000000 0189 0184.bmp","20130815_104600_092_000000_0189_0184-Prosome_mask.png","20130815_104600_092_000000_0189_0184.bmp-Lipid_mask.png","ChypIVlat","ArcticNet2013","101",1,"8/15/2013",222,120,"False",0.798638911128903,2406,0.274803976819325,2087,0.225827087410021,26640
"497",585,"20130815 104600 193 000000 0869 0507","20130815 104600 193 000000 0869 0507.bmp","20130815_104600_193_000000_0869_0507-Prosome_mask.png","20130815_104600_193_000000_0869_0507.bmp-Lipid_mask.png","ChypVlat","ArcticNet2013","101",1,"8/15/2013",341,356,"False",0.878297141455036,7439,1.3047435079093,7871,1.41044557508273,121396
"498",586,"20130815 104600 526 000000 0025 0259","20130815 104600 526 000000 0025 0259.bmp","20130815_104600_526_000000_0025_0259-Prosome_mask.png","20130815_104600_526_000000_0025_0259.bmp-Lipid_mask.png","ChypFlat","ArcticNet2013","101",1,"8/15/2013",440,490,"False",0.914381177780872,13887,3.08769713316661,13615,3.00454978493723,215600
"499",587,"20130815 104600 682 000000 0533 0764","20130815 104600 682 000000 0533 0764.bmp","20130815_104600_682_000000_0533_0764-Prosome_mask.png","20130815_104600_682_000000_0533_0764.bmp-Lipid_mask.png","CglacVlat","ArcticNet2013","101",1,"8/15/2013",229,117,"False",0.863509749303621,3155,0.399442411820138,2866,0.349845418077944,26793
"500",588,"20130815 104600 691 000000 0209 0528","20130815 104600 691 000000 0209 0528.bmp","20130815_104600_691_000000_0209_0528-Prosome_mask.png","20130815_104600_691_000000_0209_0528.bmp-Lipid_mask.png","ChypFlat","ArcticNet2013","101",1,"8/15/2013",372,218,"False",0.875899075236899,8434,1.55153442842498,7997,1.44169849825671,81096
"501",591,"20130815 104600 999 000000 0769 0775","20130815 104600 999 000000 0769 0775.bmp","20130815_104600_999_000000_0769_0775-Prosome_mask.png","20130815_104600_999_000000_0769_0775.bmp-Lipid_mask.png","ChypIVlat","ArcticNet2013","101",1,"8/15/2013",193,306,"False",0.895497026338148,3229,0.412428772590879,3464,0.454414867968772,59058
"502",592,"20130815 104601 148 000000 1029 0652","20130815 104601 148 000000 1029 0652.bmp","20130815_104601_148_000000_1029_0652-Prosome_mask.png","20130815_104601_148_000000_1029_0652.bmp-Lipid_mask.png","ChypIVdors","ArcticNet2013","101",1,"8/15/2013",199,143,"False",0.728870858688303,2618,0.308768622168813,2496,0.289089671330928,28457
"503",593,"20130815 104601 182 000000 0913 0267","20130815 104601 182 000000 0913 0267.bmp","20130815_104601_182_000000_0913_0267-Prosome_mask.png","20130815_104601_182_000000_0913_0267.bmp-Lipid_mask.png","ChypIVdors","ArcticNet2013","101",1,"8/15/2013",212,163,"False",0.697862694300518,2728,0.32681371866413,2515,0.292130888057638,34556
"504",594,"20130815 104601 348 000000 0025 0651","20130815 104601 348 000000 0025 0651.bmp","20130815_104601_348_000000_0025_0651-Prosome_mask.png","20130815_104601_348_000000_0025_0651.bmp-Lipid_mask.png","CglacVdors","ArcticNet2013","101",1,"8/15/2013",188,312,"False",0.808377225984449,3522,0.464947973140921,3688,0.495457620604973,58656
"505",595,"20130815 104601 393 000000 0124 0212","20130815 104601 393 000000 0124 0212.bmp","20130815_104601_393_000000_0124_0212-Prosome_mask.png","20130815_104601_393_000000_0124_0212.bmp-Lipid_mask.png","ChypFlat","ArcticNet2013","101",1,"8/15/2013",396,356,"False",0.929296844716645,12648,2.71409606965813,12238,2.59343562927642,140976
"506",596,"20130815 104601 448 000000 0961 0548","20130815 104601 448 000000 0961 0548.bmp","20130815_104601_448_000000_0961_0548-Prosome_mask.png","20130815_104601_448_000000_0961_0548.bmp-Lipid_mask.png","ChypIVdors","ArcticNet2013","101",1,"8/15/2013",139,184,"False",0.856989247311828,3545,0.469143241356064,3363,0.436232612903299,25576
"507",597,"20130815 104601 648 000000 0937 0152","20130815 104601 648 000000 0937 0152.bmp","20130815_104601_648_000000_0937_0152-Prosome_mask.png","20130815_104601_648_000000_0937_0152.bmp-Lipid_mask.png","ChypIVlat","ArcticNet2013","101",1,"8/15/2013",162,222,"False",0.86340950879958,3313,0.427307617645681,3781,0.512781405426998,35964
"508",598,"20130815 104602 198 000000 0239 0336","20130815 104602 198 000000 0239 0336.bmp","20130815_104602_198_000000_0239_0336-Prosome_mask.png","20130815_104602_198_000000_0239_0336.bmp-Lipid_mask.png","ChypIVlat","ArcticNet2013","101",1,"8/15/2013",136,308,"False",0.900641025641026,2618,0.308768622168813,2719,0.325326739075545,41888
"509",600,"20130815 104602 999 000000 0345 0679","20130815 104602 999 000000 0345 0679.bmp","20130815_104602_999_000000_0345_0679-Prosome_mask.png","20130815_104602_999_000000_0345_0679.bmp-Lipid_mask.png","ChypFlat","ArcticNet2013","101",1,"8/15/2013",266,425,"False",0.810374234975419,8378,1.53733581469977,9666,1.87273197150212,113050
"510",602,"20130815 104603 792 000000 1064 0448","20130815 104603 792 000000 1064 0448.bmp","20130815_104603_792_000000_1064_0448-Prosome_mask.png","20130815_104603_792_000000_1064_0448.bmp-Lipid_mask.png","ChypIVlat","ArcticNet2013","101",1,"8/15/2013",248,156,"False",0.784102306920762,3379,0.439099313603716,3736,0.504378459413455,38688
"511",603,"20130815 104603 797 000000 0259 0680","20130815 104603 797 000000 0259 0680.bmp","20130815_104603_797_000000_0259_0680-Prosome_mask.png","20130815_104603_797_000000_0259_0680.bmp-Lipid_mask.png","ChypFlat","ArcticNet2013","101",1,"8/15/2013",246,517,"False",0.778293374581078,11378,2.34534121847692,9316,1.77980218572891,127182
"512",604,"20130815 104603 814 000000 0213 0131","20130815 104603 814 000000 0213 0131.bmp","20130815_104603_814_000000_0213_0131-Prosome_mask.png","20130815_104603_814_000000_0213_0131.bmp-Lipid_mask.png","CglacFlat","ArcticNet2013","101",1,"8/15/2013",336,138,"False",0.80937193326791,3783,0.513155755837549,3592,0.477748339436496,46368
"513",605,"20130815 104603 831 000000 0979 0656","20130815 104603 831 000000 0979 0656.bmp","20130815_104603_831_000000_0979_0656-Prosome_mask.png","20130815_104603_831_000000_0979_0656.bmp-Lipid_mask.png","ChypFdors","ArcticNet2013","101",1,"8/15/2013",271,355,"False",0.792921845376027,7929,1.42480841097856,9093,1.72127783863933,96205
"514",607,"20130815 104603 892 000000 0868 0728","20130815 104603 892 000000 0868 0728.bmp","20130815_104603_892_000000_0868_0728-Prosome_mask.png","20130815_104603_892_000000_0868_0728.bmp-Lipid_mask.png","ChypIVlat","ArcticNet2013","101",1,"8/15/2013",136,240,"False",0.897367137981473,3971,0.54867717982643,3812,0.518592276545342,32640
"515",608,"20130815 104604 225 000000 0064 0236","20130815 104604 225 000000 0064 0236.bmp","20130815_104604_225_000000_0064_0236-Prosome_mask.png","20130815_104604_225_000000_0064_0236.bmp-Lipid_mask.png","ChypIVlat","ArcticNet2013","101",1,"8/15/2013",228,208,"False",0.883590776807701,4236,0.599838402627926,4178,0.588533915133022,47424
"516",609,"20130815 104604 258 000002 0724 0560","20130815 104604 258 000002 0724 0560.bmp","20130815_104604_258_000002_0724_0560-Prosome_mask.png","20130815_104604_258_000002_0724_0560.bmp-Lipid_mask.png","ChypIVlat","ArcticNet2013","101",1,"8/15/2013",236,124,"False",0.858759521218716,4331,0.618481547794961,4210,0.594763551141867,29264
"517",610,"20130815 104604 325 000000 0840 0116","20130815 104604 325 000000 0840 0116.bmp","20130815_104604_325_000000_0840_0116-Prosome_mask.png","20130815_104604_325_000000_0840_0116.bmp-Lipid_mask.png","ChypIVlat","ArcticNet2013","101",1,"8/15/2013",148,112,"False",0.813944817300522,2316,0.260719947224703,2549,0.297594860430434,16576
"518",613,"20130815 104605 247 000000 0933 0895","20130815 104605 247 000000 0933 0895.bmp","20130815_104605_247_000000_0933_0895-Prosome_mask.png","20130815_104605_247_000000_0933_0895.bmp-Lipid_mask.png","MlongFdors","ArcticNet2013","101",1,"8/15/2013",228,149,"False",0.62214983713355,1515,0.145145804500335,1971,0.208690459393091,33972
"519",614,"20130815 104605 347 000000 0913 0643","20130815 104605 347 000000 0913 0643.bmp","20130815_104605_347_000000_0913_0643-Prosome_mask.png","20130815_104605_347_000000_0913_0643.bmp-Lipid_mask.png","MlongFlat","ArcticNet2013","101",1,"8/15/2013",262,182,"False",0.722304283604136,1101,0.093433271096141,1231,0.10899113284196,47684
"520",615,"20130815 104605 747 000002 0497 0863","20130815 104605 747 000002 0497 0863.bmp","20130815_104605_747_000002_0497_0863-Prosome_mask.png","20130815_104605_747_000002_0497_0863.bmp-Lipid_mask.png","MlongFlat","ArcticNet2013","101",1,"8/15/2013",242,114,"False",0.669648562300319,1462,0.138185485202453,1151,0.099338820748688,27588
"521",616,"20130815 104605 791 000000 0084 0092","20130815 104605 791 000000 0084 0092.bmp","20130815_104605_791_000000_0084_0092-Prosome_mask.png","20130815_104605_791_000000_0084_0092.bmp-Lipid_mask.png","MlongFdors","ArcticNet2013","101",1,"8/15/2013",140,164,"False",0.764532744665195,1138,0.097793811992512,1260,0.11255023492404,22960
"522",617,"20130815 104605 824 000000 0864 0200","20130815 104605 824 000000 0864 0200.bmp","20130815_104605_824_000000_0864_0200-Prosome_mask.png","20130815_104605_824_000000_0864_0200.bmp-Lipid_mask.png","ChypVlat","ArcticNet2013","101",1,"8/15/2013",248,268,"False",0.906480955088118,6756,1.14236991719606,6658,1.11956544306799,66464
"523",618,"20130815 104605 897 000000 1003 0516","20130815 104605 897 000000 1003 0516.bmp","20130815_104605_897_000000_1003_0516-Prosome_mask.png","20130815_104605_897_000000_1003_0516.bmp-Lipid_mask.png","ChypFdors","ArcticNet2013","101",1,"8/15/2013",428,214,"False",0.864672864409753,10834,2.19201560057313,10427,2.07919388423785,91592
"524",619,"20130815 104606 180 000000 0833 0247","20130815 104606 180 000000 0833 0247.bmp","20130815_104606_180_000000_0833_0247-Prosome_mask.png","20130815_104606_180_000000_0833_0247.bmp-Lipid_mask.png","ChypVlat","ArcticNet2013","101",1,"8/15/2013",376,262,"False",0.85019556714472,7182,1.24295013731649,7009,1.20182273776918,98512
"525",620,"20130815 104606 258 000001 1060 0592","20130815 104606 258 000001 1060 0592.bmp","20130815_104606_258_000001_1060_0592-Prosome_mask.png","20130815_104606_258_000001_1060_0592.bmp-Lipid_mask.png","MlongFlat","ArcticNet2013","101",1,"8/15/2013",144,172,"False",0.657819225251076,1121,0.095783521285866,1190,0.104013535897982,24768
"526",621,"20130815 104606 380 000001 0313 0307","20130815 104606 380 000001 0313 0307.bmp","20130815_104606_380_000001_0313_0307-Prosome_mask.png","20130815_104606_380_000001_0313_0307.bmp-Lipid_mask.png","ChypVlat","ArcticNet2013","101",1,"8/15/2013",415,163,"False",0.887871853546911,6606,1.10751668904819,6594,1.10474131152077,67645
"527",623,"20130815 104606 546 000000 0741 0115","20130815 104606 546 000000 0741 0115.bmp","20130815_104606_546_000000_0741_0115-Prosome_mask.png","20130815_104606_546_000000_0741_0115.bmp-Lipid_mask.png","ChypVlat","ArcticNet2013","101",1,"8/15/2013",385,168,"False",0.667743424088602,4794,0.71153838637082,6048,0.980526450051459,64680
"528",624,"20130815 104606 946 000000 0885 0551","20130815 104606 946 000000 0885 0551.bmp","20130815_104606_946_000000_0885_0551-Prosome_mask.png","20130815_104606_946_000000_0885_0551.bmp-Lipid_mask.png","ChypIVlat","ArcticNet2013","101",1,"8/15/2013",212,277,"False",0.825608465608465,4387,0.629544434722904,4239,0.600424725833132,58724
"529",625,"20130815 104607 179 000000 0221 0659","20130815 104607 179 000000 0221 0659.bmp","20130815_104607_179_000000_0221_0659-Prosome_mask.png","20130815_104607_179_000000_0221_0659.bmp-Lipid_mask.png","CglacVlat","ArcticNet2013","101",1,"8/15/2013",217,188,"False",0.889954337899543,4014,0.556893080353207,4264,0.605316878832824,40796
"530",626,"20130815 104607 279 000001 0165 0207","20130815 104607 279 000001 0165 0207.bmp","20130815_104607_279_000001_0165_0207-Prosome_mask.png","20130815_104607_279_000001_0165_0207.bmp-Lipid_mask.png","CglacVlat","ArcticNet2013","101",1,"8/15/2013",301,212,"False",0.810975609756098,4600,0.672110780270927,4013,0.556701631406522,63812
"531",627,"20130815 104607 313 000000 0913 0199","20130815 104607 313 000000 0913 0199.bmp","20130815_104607_313_000000_0913_0199-Prosome_mask.png","20130815_104607_313_000000_0913_0199.bmp-Lipid_mask.png","CglacVlat","ArcticNet2013","101",1,"8/15/2013",143,301,"False",0.74734703093249,3659,0.490089252481042,4080,0.569568652142592,43043
"532",629,"20130815 104608 412 000000 0801 0571","20130815 104608 412 000000 0801 0571.bmp","20130815_104608_412_000000_0801_0571-Prosome_mask.png","20130815_104608_412_000000_0801_0571.bmp-Lipid_mask.png","ChypVlat","ArcticNet2013","101",1,"8/15/2013",341,341,"False",0.852569713642616,7621,1.34899879151674,7194,1.2458169970193,116281
"533",630,"20130815 104608 596 000002 0339 0768","20130815 104608 596 000002 0339 0768.bmp","20130815_104608_596_000002_0339_0768-Prosome_mask.png","20130815_104608_596_000002_0339_0768.bmp-Lipid_mask.png","ChypIVdors","ArcticNet2013","101",1,"8/15/2013",178,251,"False",0.699332873245917,3103,0.390385702686163,4284,0.609238459555534,44678
"534",631,"20130815 104608 723 000000 0128 0784","20130815 104608 723 000000 0128 0784.bmp","20130815_104608_723_000000_0128_0784-Prosome_mask.png","20130815_104608_723_000000_0128_0784.bmp-Lipid_mask.png","ChypVlat","ArcticNet2013","101",1,"8/15/2013",160,328,"False",0.891730222820398,6402,1.06059769249735,6248,1.02555194442492,52480
"535",632,"20130815 104608 779 000001 0509 0648","20130815 104608 779 000001 0509 0648.bmp","20130815_104608_779_000001_0509_0648-Prosome_mask.png","20130815_104608_779_000001_0509_0648.bmp-Lipid_mask.png","ChypFlat","ArcticNet2013","101",1,"8/15/2013",293,158,"False",0.828682586530722,7071,1.21651819520738,6560,1.09688816820836,46294
"536",633,"20130815 104609 256 000000 0104 0556","20130815 104609 256 000000 0104 0556.bmp","20130815_104609_256_000000_0104_0556-Prosome_mask.png","20130815_104609_256_000000_0104_0556.bmp-Lipid_mask.png","ChypIVlat","ArcticNet2013","101",1,"8/15/2013",232,116,"False",0.803985803985804,3012,0.374675166314517,3596,0.478482673701904,26912
"537",636,"20130815 104611 311 000002 0029 0304","20130815 104611 311 000002 0029 0304.bmp","20130815_104611_311_000002_0029_0304-Prosome_mask.png","20130815_104611_311_000002_0029_0304.bmp-Lipid_mask.png","MlongFlat","ArcticNet2013","101",1,"8/15/2013",120,162,"False",0.64813343923749,1138,0.097793811992512,937,0.074788649155009,19440
"538",637,"20130815 104611 511 000000 0249 0576","20130815 104611 511 000000 0249 0576.bmp","20130815_104611_511_000000_0249_0576-Prosome_mask.png","20130815_104611_511_000000_0249_0576.bmp-Lipid_mask.png","ChypIVlat","ArcticNet2013","101",1,"8/15/2013",173,147,"False",0.769121813031161,4036,0.561109537876709,3458,0.453329037596677,25431
"539",638,"20130815 104611 577 000000 0853 0616","20130815 104611 577 000000 0853 0616.bmp","20130815_104611_577_000000_0853_0616-Prosome_mask.png","20130815_104611_577_000000_0853_0616.bmp-Lipid_mask.png","MlongFlat","ArcticNet2013","101",1,"8/15/2013",165,113,"False",0.586440677966102,941,0.075229596750785,1399,0.130035969383511,18645
"540",639,"20130815 104611 677 000001 0141 0608","20130815 104611 677 000001 0141 0608.bmp","20130815_104611_677_000001_0141_0608-Prosome_mask.png","20130815_104611_677_000001_0141_0608.bmp-Lipid_mask.png","MlongFdors","ArcticNet2013","101",1,"8/15/2013",124,117,"False",0.663952225841477,1829,0.188230487545517,1236,0.109602520901564,14508
"541",640,"20130815 104611 755 000000 0796 0760","20130815 104611 755 000000 0796 0760.bmp","20130815_104611_755_000000_0796_0760-Prosome_mask.png","20130815_104611_755_000000_0796_0760.bmp-Lipid_mask.png","ChypIVlat","ArcticNet2013","101",1,"8/15/2013",116,244,"False",0.902892561983471,4180,0.588922737854504,4109,0.575162984404455,28304
"542",641,"20130815 104611 861 000000 1047 0496","20130815 104611 861 000000 1047 0496.bmp","20130815_104611_861_000000_1047_0496-Prosome_mask.png","20130815_104611_861_000000_1047_0496.bmp-Lipid_mask.png","ChypIVlat","ArcticNet2013","101",1,"8/15/2013",157,292,"False",0.883809523809524,3965,0.547533452196761,3947,0.544106216723297,45844
"543",646,"20130815 104613 277 000000 0313 0763","20130815 104613 277 000000 0313 0763.bmp","20130815_104613_277_000000_0313_0763-Prosome_mask.png","20130815_104613_277_000000_0313_0763.bmp-Lipid_mask.png","ChypFlat","ArcticNet2013","101",1,"8/15/2013",480,266,"False",0.87139766938804,13981,3.11657669540965,12838,2.77052087021997,127680
"544",647,"20130815 104613 388 000000 0852 0136","20130815 104613 388 000000 0852 0136.bmp","20130815_104613_388_000000_0852_0136-Prosome_mask.png","20130815_104613_388_000000_0852_0136.bmp-Lipid_mask.png","MlongMlat","ArcticNet2013","101",1,"8/15/2013",120,124,"False",0.68205574912892,1145,0.098624911199038,786,0.05868379173007,14880
"545",648,"20130815 104613 421 000000 0132 0688","20130815 104613 421 000000 0132 0688.bmp","20130815_104613_421_000000_0132_0688-Prosome_mask.png","20130815_104613_421_000000_0132_0688.bmp-Lipid_mask.png","ChypVlat","ArcticNet2013","101",1,"8/15/2013",200,312,"False",0.794311570782159,7555,1.33290322988347,6324,1.04280672227223,62400
"546",649,"20130815 104613 494 000000 0699 0272","20130815 104613 494 000000 0699 0272.bmp","20130815_104613_494_000000_0699_0272-Prosome_mask.png","20130815_104613_494_000000_0699_0272.bmp-Lipid_mask.png","ChypFlat","ArcticNet2013","101",1,"8/15/2013",199,590,"False",0.776838411229861,10203,2.01780659500724,12075,2.54588806999695,117410
"547",650,"20130815 104614 610 000000 0489 0308","20130815 104614 610 000000 0489 0308.bmp","20130815_104614_610_000000_0489_0308-Prosome_mask.png","20130815_104614_610_000000_0489_0308.bmp-Lipid_mask.png","ChypFlat","ArcticNet2013","101",1,"8/15/2013",188,380,"False",0.887189113092445,10508,2.10151619921894,9600,1.85510867012061,71440
"548",651,"20130815 104614 999 000000 0279 0304","20130815 104614 999 000000 0279 0304.bmp","20130815_104614_999_000000_0279_0304-Prosome_mask.png","20130815_104614_999_000000_0279_0304.bmp-Lipid_mask.png","CglacFlat","ArcticNet2013","101",1,"8/15/2013",114,235,"False",0.824396782841823,3429,0.448090960712583,3376,0.438561413500953,26790
"549",652,"20130815 104615 109 000001 0285 0520","20130815 104615 109 000001 0285 0520.bmp","20130815_104615_109_000001_0285_0520-Prosome_mask.png","20130815_104615_109_000001_0285_0520.bmp-Lipid_mask.png","ChypFlat","ArcticNet2013","101",1,"8/15/2013",361,154,"False",0.91878938492944,10841,2.19397032365022,10778,2.17639510750384,55594
"550",654,"20130815 104615 554 000000 1024 0148","20130815 104615 554 000000 1024 0148.bmp","20130815_104615_554_000000_1024_0148-Prosome_mask.png","20130815_104615_554_000000_1024_0148.bmp-Lipid_mask.png","ChypIVlat","ArcticNet2013","101",1,"8/15/2013",180,220,"False",0.512477718360071,1828,0.188088480391006,3263,0.418433662161169,39600
"551",655,"20130815 104615 620 000001 1064 0312","20130815 104615 620 000001 1064 0312.bmp","20130815_104615_620_000001_1064_0312-Prosome_mask.png","20130815_104615_620_000001_1064_0312.bmp-Lipid_mask.png","CglacVlat","ArcticNet2013","101",1,"8/15/2013",188,160,"False",0.873426110006627,2831,0.343963273353384,2823,0.342622646543891,30080
"552",656,"20130815 104616 292 000000 1007 0484","20130815 104616 292 000000 1007 0484.bmp","20130815_104616_292_000000_1007_0484-Prosome_mask.png","20130815_104616_292_000000_1007_0484.bmp-Lipid_mask.png","ChypIVlat","ArcticNet2013","101",1,"8/15/2013",123,278,"False",0.847589424572317,3579,0.475363899800301,3549,0.469873911526222,34194
"553",657,"20130815 104616 320 000000 0964 0084","20130815 104616 320 000000 0964 0084.bmp","20130815_104616_320_000000_0964_0084-Prosome_mask.png","20130815_104616_320_000000_0964_0084.bmp-Lipid_mask.png","MlongFlat","ArcticNet2013","101",1,"8/15/2013",192,144,"False",0.616906474820144,834,0.063686033865911,964,0.077778821840005,27648
"554",658,"20130815 104616 342 000001 0685 0319","20130815 104616 342 000001 0685 0319.bmp","20130815_104616_342_000001_0685_0319-Prosome_mask.png","20130815_104616_342_000001_0685_0319.bmp-Lipid_mask.png","ChypFlat","ArcticNet2013","101",1,"8/15/2013",559,238,"False",0.883288730300327,12924,2.79616531151224,12410,2.64387009198149,133042
"555",659,"20130815 104616 476 000000 0553 0175","20130815 104616 476 000000 0553 0175.bmp","20130815_104616_476_000000_0553_0175-Prosome_mask.png","20130815_104616_476_000000_0553_0175.bmp-Lipid_mask.png","ChypIVlat","ArcticNet2013","101",1,"8/15/2013",336,143,"False",0.867481203007519,3920,0.538976495285965,4028,0.559575267467469,48048
"556",661,"20130815 104616 775 000000 0065 0180","20130815 104616 775 000000 0065 0180.bmp","20130815_104616_775_000000_0065_0180-Prosome_mask.png","20130815_104616_775_000000_0065_0180.bmp-Lipid_mask.png","ChypVdors","ArcticNet2013","101",1,"8/15/2013",143,241,"False",0.690117934119561,3474,0.45622617360488,4838,0.720566298479105,34463
"557",662,"20130815 104617 725 000000 0207 0508","20130815 104617 725 000000 0207 0508.bmp","20130815_104617_725_000000_0207_0508-Prosome_mask.png","20130815_104617_725_000000_0207_0508.bmp-Lipid_mask.png","ChypIVlat","ArcticNet2013","101",1,"8/15/2013",204,251,"False",0.847845206684257,4365,0.625191861438281,4039,0.561685187408506,51204
"558",663,"20130815 104617 892 000000 0195 0236","20130815 104617 892 000000 0195 0236.bmp","20130815_104617_892_000000_0195_0236-Prosome_mask.png","20130815_104617_892_000000_0195_0236.bmp-Lipid_mask.png","MlongFlat","ArcticNet2013","101",1,"8/15/2013",225,151,"False",0.680020030045068,1824,0.187520747043364,1531,0.147265432341758,33975
"559",664,"20130815 104618 553 000000 0180 0352","20130815 104618 553 000000 0180 0352.bmp","20130815_104618_553_000000_0180_0352-Prosome_mask.png","20130815_104618_553_000000_0180_0352.bmp-Lipid_mask.png","CglacVdors","ArcticNet2013","101",1,"8/15/2013",188,160,"False",0.802612051053725,2878,0.351868462397439,3195,0.406447862370948,30080
"560",665,"20130815 104618 908 000000 0077 0120","20130815 104618 908 000000 0077 0120.bmp","20130815_104618_908_000000_0077_0120-Prosome_mask.png","20130815_104618_908_000000_0077_0120.bmp-Lipid_mask.png","ChypIVlat","ArcticNet2013","101",1,"8/15/2013",207,162,"False",0.914870093974571,3371,0.437665316948541,3557,0.471336190664679,33534
"561",666,"20130815 104619 274 000001 0557 0863","20130815 104619 274 000001 0557 0863.bmp","20130815_104619_274_000001_0557_0863-Prosome_mask.png","20130815_104619_274_000001_0557_0863.bmp-Lipid_mask.png","CglacVlat","ArcticNet2013","101",1,"8/15/2013",277,168,"False",0.903312226010716,4030,0.559958726609472,3785,0.513530181462191,46536
"562",668,"20130815 104620 007 000000 0825 0792","20130815 104620 007 000000 0825 0792.bmp","20130815_104620_007_000000_0825_0792-Prosome_mask.png","20130815_104620_007_000000_0825_0792.bmp-Lipid_mask.png","MlongFlat","ArcticNet2013","101",1,"8/15/2013",128,105,"False",0.775661375661376,760,0.056021897026551,918,0.072703941117737,13440
"563",670,"20130815 104620 374 000000 0845 0408","20130815 104620 374 000000 0845 0408.bmp","20130815_104620_374_000000_0845_0408-Prosome_mask.png","20130815_104620_374_000000_0845_0408.bmp-Lipid_mask.png","MlongFlat","ArcticNet2013","101",1,"8/15/2013",199,139,"False",0.562345169281585,1109,0.094371441156225,783,0.058374918227773,27661
"564",671,"20130815 104620 424 000000 0219 0168","20130815 104620 424 000000 0219 0168.bmp","20130815_104620_424_000000_0219_0168-Prosome_mask.png","20130815_104620_424_000000_0219_0168.bmp-Lipid_mask.png","ChypIVlat","ArcticNet2013","101",1,"8/15/2013",131,261,"False",0.874857468643101,3333,0.430871517656209,3244,0.415075041898757,34191
"565",672,"20130815 104620 999 000000 0897 0579","20130815 104620 999 000000 0897 0579.bmp","20130815_104620_999_000000_0897_0579-Prosome_mask.png","20130815_104620_999_000000_0897_0579.bmp-Lipid_mask.png","ChypIVlat","ArcticNet2013","101",1,"8/15/2013",262,247,"False",0.820605746828889,3451,0.452063140110777,3582,0.475913863455028,64714
"566",674,"20130815 104621 052 000001 0748 0160","20130815 104621 052 000001 0748 0160.bmp","20130815_104621_052_000001_0748_0160-Prosome_mask.png","20130815_104621_052_000001_0748_0160.bmp-Lipid_mask.png","CglacVlat","ArcticNet2013","101",1,"8/15/2013",168,204,"False",0.866710013003901,4578,0.667678884024401,4035,0.560917690823253,34272
"567",675,"20130815 104621 352 000002 0716 0724","20130815 104621 352 000002 0716 0724.bmp","20130815_104621_352_000002_0716_0724-Prosome_mask.png","20130815_104621_352_000002_0716_0724.bmp-Lipid_mask.png","ChypFlat","ArcticNet2013","101",1,"8/15/2013",216,432,"False",0.93771341104439,8190,1.48993333862491,8267,1.50929873308665,93312
"568",677,"20130815 104621 540 000000 0973 0543","20130815 104621 540 000000 0973 0543.bmp","20130815_104621_540_000000_0973_0543-Prosome_mask.png","20130815_104621_540_000000_0973_0543.bmp-Lipid_mask.png","ChypIVlat","ArcticNet2013","101",1,"8/15/2013",143,266,"False",0.860065223836347,3031,0.377940684899565,3243,0.414898479011344,38038
"569",680,"20130815 104622 107 000002 0073 0612","20130815 104622 107 000002 0073 0612.bmp","20130815_104622_107_000002_0073_0612-Prosome_mask.png","20130815_104622_107_000002_0073_0612.bmp-Lipid_mask.png","ChypIVlat","ArcticNet2013","101",1,"8/15/2013",203,188,"False",0.914852037967616,3504,0.461671970598993,3355,0.434801203373567,38164
"570",681,"20130815 104622 206 000000 1033 0056","20130815 104622 206 000000 1033 0056.bmp","20130815_104622_206_000000_1033_0056-Prosome_mask.png","20130815_104622_206_000000_1033_0056.bmp-Lipid_mask.png","ChypIVlat","ArcticNet2013","101",1,"8/15/2013",192,199,"False",0.809389935338769,2950,0.36407380744656,3486,0.458402356778697,38208
"571",682,"20130815 104622 284 000001 0080 0732","20130815 104622 284 000001 0080 0732.bmp","20130815_104622_284_000001_0080_0732-Prosome_mask.png","20130815_104622_284_000001_0080_0732.bmp-Lipid_mask.png","ChypIVlat","ArcticNet2013","101",1,"8/15/2013",224,156,"False",0.894766619519095,3327,0.429801492014105,3371,0.437665316948541,34944
"572",683,"20130815 104622 440 000000 0445 0107","20130815 104622 440 000000 0445 0107.bmp","20130815_104622_440_000000_0445_0107-Prosome_mask.png","20130815_104622_440_000000_0445_0107.bmp-Lipid_mask.png","MlongFlat","ArcticNet2013","101",1,"8/15/2013",296,124,"False",0.769035532994924,935,0.074568443261195,1156,0.099934826913314,36704
"573",684,"20130815 104623 306 000000 0189 0103","20130815 104623 306 000000 0189 0103.bmp","20130815_104623_306_000000_0189_0103-Prosome_mask.png","20130815_104623_306_000000_0189_0103.bmp-Lipid_mask.png","MlongFlat","ArcticNet2013","101",1,"8/15/2013",182,188,"False",0.590395480225989,777,0.057758520417681,912,0.072048995526883,34216
"574",685,"20130815 104623 340 000000 0221 0103","20130815 104623 340 000000 0221 0103.bmp","20130815_104623_340_000000_0221_0103-Prosome_mask.png","20130815_104623_340_000000_0221_0103.bmp-Lipid_mask.png","MlongFlat","ArcticNet2013","101",1,"8/15/2013",233,128,"False",0.651461154668567,1232,0.109113335095633,1085,0.091564703253307,29824
"575",686,"20130815 104623 373 000000 0221 0111","20130815 104623 373 000000 0221 0111.bmp","20130815_104623_373_000000_0221_0111-Prosome_mask.png","20130815_104623_373_000000_0221_0111.bmp-Lipid_mask.png","MlongFlat","ArcticNet2013","101",1,"8/15/2013",257,168,"False",0.758951965065502,896,0.070310487137919,1118,0.095429960149332,43176
"576",688,"20130815 104623 806 000000 0829 0139","20130815 104623 806 000000 0829 0139.bmp","20130815_104623_806_000000_0829_0139-Prosome_mask.png","20130815_104623_806_000000_0829_0139.bmp-Lipid_mask.png","MlongFlat","ArcticNet2013","101",1,"8/15/2013",262,193,"False",0.595375722543353,749,0.054906019755414,1183,0.103170135554082,50566
"577",689,"20130815 104623 917 000000 0360 0132","20130815 104623 917 000000 0360 0132.bmp","20130815_104623_917_000000_0360_0132-Prosome_mask.png","20130815_104623_917_000000_0360_0132.bmp-Lipid_mask.png","ChypFlat","ArcticNet2013","101",1,"8/15/2013",212,504,"False",0.9273096294069,12521,2.67655945573937,13118,2.85425242187036,106848
"578",690,"20130815 104623 950 000000 0828 0136","20130815 104623 950 000000 0828 0136.bmp","20130815_104623_950_000000_0828_0136-Prosome_mask.png","20130815_104623_950_000000_0828_0136.bmp-Lipid_mask.png","ChypFlat","ArcticNet2013","101",1,"8/15/2013",220,440,"False",0.735506958250497,9779,1.9030113968852,12045,2.53716343342563,96800
"579",691,"20130815 104625 339 000000 0921 0064","20130815 104625 339 000000 0921 0064.bmp","20130815_104625_339_000000_0921_0064-Prosome_mask.png","20130815_104625_339_000000_0921_0064.bmp-Lipid_mask.png","CglacVlat","ArcticNet2013","101",1,"8/15/2013",244,196,"False",0.727232042962631,4233,0.599252237193864,3486,0.458402356778697,47824
"580",692,"20130815 104625 889 000001 1072 0720","20130815 104625 889 000001 1072 0720.bmp","20130815_104625_889_000001_1072_0720-Prosome_mask.png","20130815_104625_889_000001_1072_0720.bmp-Lipid_mask.png","ChypIVlat","ArcticNet2013","101",1,"8/15/2013",233,251,"False",0.824,3671,0.49230869270312,3853,0.526305230361763,58483
"581",693,"20130815 104626 205 000001 0165 0759","20130815 104626 205 000001 0165 0759.bmp","20130815_104626_205_000001_0165_0759-Prosome_mask.png","20130815_104626_205_000001_0165_0759.bmp-Lipid_mask.png","CglacVdors","ArcticNet2013","101",1,"8/15/2013",193,247,"False",0.748951274604711,2410,0.275434648867111,3010,0.374331881793754,47671
"582",694,"20130815 104626 571 000001 0613 0724","20130815 104626 571 000001 0613 0724.bmp","20130815_104626_571_000001_0613_0724-Prosome_mask.png","20130815_104626_571_000001_0613_0724.bmp-Lipid_mask.png","ChypFlat","ArcticNet2013","101",1,"8/15/2013",421,143,"False",0.92678168001643,9332,1.78402189928176,9431,1.81019241779267,60203
"583",695,"20130815 104627 704 000003 0897 0543","20130815 104627 704 000003 0897 0543.bmp","20130815_104627_704_000003_0897_0543-Prosome_mask.png","20130815_104627_704_000003_0897_0543.bmp-Lipid_mask.png","ChypIVlat","ArcticNet2013","101",1,"8/15/2013",222,233,"False",0.807876640966868,4538,0.659641623521211,4138,0.580772340443553,51726
"584",696,"20130815 104627 849 000001 0696 0440","20130815 104627 849 000001 0696 0440.bmp","20130815_104627_849_000001_0696_0440-Prosome_mask.png","20130815_104627_849_000001_0696_0440.bmp-Lipid_mask.png","ChypIVlat","ArcticNet2013","101",1,"8/15/2013",132,200,"False",0.901969766376546,4076,0.568798202831188,4228,0.598275645594604,26400
"585",697,"20130815 104628 271 000000 0025 0323","20130815 104628 271 000000 0025 0323.bmp","20130815_104628_271_000000_0025_0323-Prosome_mask.png","20130815_104628_271_000000_0025_0323.bmp-Lipid_mask.png","ChypVlat","ArcticNet2013","101",1,"8/15/2013",203,485,"False",0.897715165147389,7927,1.4243124741972,8103,1.46813607835797,98455
"586",698,"20130815 104628 471 000000 0529 0244","20130815 104628 471 000000 0529 0244.bmp","20130815_104628_471_000000_0529_0244-Prosome_mask.png","20130815_104628_471_000000_0529_0244.bmp-Lipid_mask.png","ChypVlat","ArcticNet2013","101",1,"8/15/2013",335,305,"False",0.90006667777963,11510,2.38297233348529,11287,2.31949487961363,102175
"587",699,"20130815 104629 054 000000 0151 0352","20130815 104629 054 000000 0151 0352.bmp","20130815_104629_054_000000_0151_0352-Prosome_mask.png","20130815_104629_054_000000_0151_0352.bmp-Lipid_mask.png","CglacFlat","ArcticNet2013","101",1,"8/15/2013",148,278,"False",0.835538005923001,4496,0.651231427927502,4801,0.712972547226537,41144
"588",700,"20130815 104629 187 000000 0675 0396","20130815 104629 187 000000 0675 0396.bmp","20130815_104629_187_000000_0675_0396-Prosome_mask.png","20130815_104629_187_000000_0675_0396.bmp-Lipid_mask.png","CglacFlat","ArcticNet2013","101",1,"8/15/2013",136,251,"False",0.920102492429536,4131,0.579416985930124,4112,0.575742567033292,34136
"589",701,"20130815 104629 287 000000 0963 0352","20130815 104629 287 000000 0963 0352.bmp","20130815_104629_287_000000_0963_0352-Prosome_mask.png","20130815_104629_287_000000_0963_0352.bmp-Lipid_mask.png","CglacFdorsS","ArcticNet2013","101",1,"8/15/2013",216,214,"False",0.831094472583131,3972,0.548867864977455,4343,0.620847616404317,46224
"590",702,"20130815 104629 848 000000 0212 0596","20130815 104629 848 000000 0212 0596.bmp","20130815_104629_848_000000_0212_0596-Prosome_mask.png","20130815_104629_848_000000_0212_0596.bmp-Lipid_mask.png","ChypFlat","ArcticNet2013","101",1,"8/15/2013",296,408,"False",0.933867894569704,12157,2.56977741913647,12202,2.58291349930507,120768
"591",703,"20130815 104630 637 000000 0973 0807","20130815 104630 637 000000 0973 0807.bmp","20130815_104630_637_000000_0973_0807-Prosome_mask.png","20130815_104630_637_000000_0973_0807.bmp-Lipid_mask.png","MlongFlat","ArcticNet2013","101",1,"8/15/2013",198,133,"False",0.715333822450477,1243,0.110460043799993,1095,0.09273134053362,26334
"592",704,"20130815 104631 470 000001 0853 0383","20130815 104631 470 000001 0853 0383.bmp","20130815_104631_470_000001_0853_0383-Prosome_mask.png","20130815_104631_470_000001_0853_0383.bmp-Lipid_mask.png","ChypIVlat","ArcticNet2013","101",1,"8/15/2013",143,331,"False",0.794117647058823,3379,0.439099313603716,4002,0.554596890049478,47333
"593",705,"20130815 104631 470 000002 0685 0759","20130815 104631 470 000002 0685 0759.bmp","20130815_104631_470_000002_0685_0759-Prosome_mask.png","20130815_104631_470_000002_0685_0759.bmp-Lipid_mask.png","ChypFlat","ArcticNet2013","101",1,"8/15/2013",524,282,"False",0.825494150867285,11073,2.25902567771806,11554,2.39555261950673,147768
"594",707,"20130815 104631 736 000001 0025 0731","20130815 104631 736 000001 0025 0731.bmp","20130815_104631_736_000001_0025_0731-Prosome_mask.png","20130815_104631_736_000001_0025_0731.bmp-Lipid_mask.png","ChypIVlat","ArcticNet2013","101",1,"8/15/2013",203,252,"False",0.826928988625884,3249,0.415958166511872,2694,0.32120605957808,51156
"595",708,"20130815 104631 770 000000 0217 0719","20130815 104631 770 000000 0217 0719.bmp","20130815_104631_770_000000_0217_0719-Prosome_mask.png","20130815_104631_770_000000_0217_0719.bmp-Lipid_mask.png","ChypIVlat","ArcticNet2013","101",1,"8/15/2013",252,247,"False",0.940635451505017,3518,0.46421942150466,3445,0.450978861388909,62244
"596",709,"20130815 104633 186 000000 0319 0852","20130815 104633 186 000000 0319 0852.bmp","20130815_104633_186_000000_0319_0852-Prosome_mask.png","20130815_104633_186_000000_0319_0852.bmp-Lipid_mask.png","ChypIVlat","ArcticNet2013","101",1,"8/15/2013",131,345,"False",0.819788747574908,4628,0.677763032041698,3814,0.518967790015618,45195
"597",710,"20130815 104633 286 000000 0851 0160","20130815 104633 286 000000 0851 0160.bmp","20130815_104633_286_000000_0851_0160-Prosome_mask.png","20130815_104633_286_000000_0851_0160.bmp-Lipid_mask.png","ChypVlat","ArcticNet2013","101",1,"8/15/2013",178,459,"False",0.821277111353447,8093,1.46563632196926,6938,1.18505465717366,81702
"598",712,"20130815 104634 999 000000 0025 0499","20130815 104634 999 000000 0025 0499.bmp","20130815_104634_999_000000_0025_0499-Prosome_mask.png","20130815_104634_999_000000_0025_0499.bmp-Lipid_mask.png","CglacVdors","ArcticNet2013","101",1,"8/15/2013",198,198,"False",0.742108797850907,2340,0.26445570285306,2848,0.346816884680908,39204
"599",713,"20130815 104635 634 000000 0973 0140","20130815 104635 634 000000 0973 0140.bmp","20130815_104635_634_000000_0973_0140-Prosome_mask.png","20130815_104635_634_000000_0973_0140.bmp-Lipid_mask.png","ChypIVdors","ArcticNet2013","101",1,"8/15/2013",128,207,"False",0.826312910284464,3597,0.47866630578643,3080,0.386398153479452,26496
"600",716,"20130815 104637 478 000000 0308 0068","20130815 104637 478 000000 0308 0068.bmp","20130815_104637_478_000000_0308_0068-Prosome_mask.png","20130815_104637_478_000000_0308_0068.bmp-Lipid_mask.png","ChypIVlat","ArcticNet2013","101",1,"8/15/2013",124,272,"False",0.804443359375,3914,0.537838376118421,3477,0.456769952017744,33728
"601",717,"20130815 104637 567 000000 0025 0495","20130815 104637 567 000000 0025 0495.bmp","20130815_104637_567_000000_0025_0495-Prosome_mask.png","20130815_104637_567_000000_0025_0495.bmp-Lipid_mask.png","CglacVdors","ArcticNet2013","101",1,"8/15/2013",154,247,"False",0.836581709145427,2864,0.349508556490001,3261,0.418079772367501,38038
"602",718,"20130815 104637 645 000000 0868 0140","20130815 104637 645 000000 0868 0140.bmp","20130815_104637_645_000000_0868_0140-Prosome_mask.png","20130815_104637_645_000000_0868_0140.bmp-Lipid_mask.png","ChypVlat","ArcticNet2013","101",1,"8/15/2013",308,168,"False",0.926170556289447,6611,1.10867366209526,6512,1.08582769459651,51744
"603",719,"20130815 104638 300 000000 1049 0592","20130815 104638 300 000000 1049 0592.bmp","20130815_104638_300_000000_1049_0592-Prosome_mask.png","20130815_104638_300_000000_1049_0592.bmp-Lipid_mask.png","CglacVlat","ArcticNet2013","101",1,"8/15/2013",207,173,"False",0.868888888888889,3408,0.444308357423709,3320,0.42855405530358,35811
"604",720,"20130815 104638 333 000000 0889 0576","20130815 104638 333 000000 0889 0576.bmp","20130815_104638_333_000000_0889_0576-Prosome_mask.png","20130815_104638_333_000000_0889_0576.bmp-Lipid_mask.png","CglacVlat","ArcticNet2013","101",1,"8/15/2013",207,154,"False",0.854203152364273,4231,0.598861547922684,4239,0.600424725833132,31878
"605",721,"20130815 104638 644 000000 0868 0076","20130815 104638 644 000000 0868 0076.bmp","20130815_104638_644_000000_0868_0076-Prosome_mask.png","20130815_104638_644_000000_0868_0076.bmp-Lipid_mask.png","ChypVlat","ArcticNet2013","101",1,"8/15/2013",220,316,"False",0.932057276446522,6582,1.10196785260909,6641,1.11562247872373,69520
"606",722,"20130815 104638 700 000000 0961 0371","20130815 104638 700 000000 0961 0371.bmp","20130815_104638_700_000000_0961_0371-Prosome_mask.png","20130815_104638_700_000000_0961_0371.bmp-Lipid_mask.png","ChypIVlat","ArcticNet2013","101",1,"8/15/2013",257,252,"False",0.909148936170213,4335,0.619269960890867,4638,0.679784848810296,64764
"607",724,"20130815 104639 733 000000 0021 0103","20130815 104639 733 000000 0021 0103.bmp","20130815_104639_733_000000_0021_0103-Prosome_mask.png","20130815_104639_733_000000_0021_0103.bmp-Lipid_mask.png","ChypIVlat","ArcticNet2013","101",1,"8/15/2013",262,154,"False",0.861773117254528,3787,0.513904682276279,4025,0.559000214406347,40348
"608",725,"20130815 104640 099 000001 0865 0668","20130815 104640 099 000001 0865 0668.bmp","20130815_104640_099_000001_0865_0668-Prosome_mask.png","20130815_104640_099_000001_0865_0668.bmp-Lipid_mask.png","ChypIVlat","ArcticNet2013","101",1,"8/15/2013",241,124,"False",0.790697674418605,3309,0.426595816612967,3467,0.454958051300635,29884
"609",726,"20130815 104640 166 000002 0449 0727","20130815 104640 166 000002 0449 0727.bmp","20130815_104640_166_000002_0449_0727-Prosome_mask.png","20130815_104640_166_000002_0449_0727.bmp-Lipid_mask.png","ChypFlat","ArcticNet2013","101",1,"8/15/2013",548,228,"False",0.919481175776973,11621,2.41474394202745,11169,2.28609763866146,124944
"610",727,"20130815 104640 577 000000 0544 0316","20130815 104640 577 000000 0544 0316.bmp","20130815_104640_577_000000_0544_0316-Prosome_mask.png","20130815_104640_577_000000_0544_0316.bmp-Lipid_mask.png","ChypFlat","ArcticNet2013","101",1,"8/15/2013",188,456,"False",0.908433133732535,11845,2.47921073281816,11102,2.26719430140104,85728
"611",728,"20130815 104640 610 000000 0136 0644","20130815 104640 610 000000 0136 0644.bmp","20130815_104640_610_000000_0136_0644-Prosome_mask.png","20130815_104640_610_000000_0136_0644.bmp-Lipid_mask.png","ChypFlat","ArcticNet2013","101",1,"8/15/2013",224,432,"False",0.86863794714929,11545,2.39297789565391,10447,2.08469946172868,96768
"612",729,"20130815 104640 677 000000 0864 0632","20130815 104640 677 000000 0864 0632.bmp","20130815_104640_677_000000_0864_0632-Prosome_mask.png","20130815_104640_677_000000_0864_0632.bmp-Lipid_mask.png","ChypFlat","ArcticNet2013","101",1,"8/15/2013",204,412,"False",0.781259760541385,7866,1.40920927732017,9243,1.76058472177374,84048
"613",730,"20130815 104641 782 000000 0655 0256","20130815 104641 782 000000 0655 0256.bmp","20130815_104641_782_000000_0655_0256-Prosome_mask.png","20130815_104641_782_000000_0655_0256.bmp-Lipid_mask.png","ChypIVlat","ArcticNet2013","101",1,"8/15/2013",170,214,"False",0.899803536345776,3840,0.523856266234588,3896,0.534427997875357,36380
"614",731,"20130815 104642 698 000000 0497 0743","20130815 104642 698 000000 0497 0743.bmp","20130815_104642_698_000000_0497_0743-Prosome_mask.png","20130815_104642_698_000000_0497_0743.bmp-Lipid_mask.png","CglacFlat","ArcticNet2013","101",1,"8/15/2013",326,154,"False",0.811887991753994,5514,0.863096160828999,5033,0.760950168460888,50204
"615",732,"20130815 104643 282 000001 1072 0660","20130815 104643 282 000001 1072 0660.bmp","20130815_104643_282_000001_1072_0660-Prosome_mask.png","20130815_104643_282_000001_1072_0660.bmp-Lipid_mask.png","MlongFlat","ArcticNet2013","101",1,"8/15/2013",131,267,"False",0.573298429319372,987,0.08035126608062,816,0.061797011430356,34977
"616",733,"20130815 104643 298 000001 0093 0632","20130815 104643 298 000001 0093 0632.bmp","20130815_104643_298_000001_0093_0632-Prosome_mask.png","20130815_104643_298_000001_0093_0632.bmp-Lipid_mask.png","ChypIVlat","ArcticNet2013","101",1,"8/15/2013",211,188,"False",0.895573566084788,3068,0.384322175277489,3013,0.374846841063329,39668
"617",734,"20130815 104643 331 000001 0085 0500","20130815 104643 331 000001 0085 0500.bmp","20130815_104643_331_000001_0085_0500-Prosome_mask.png","20130815_104643_331_000001_0085_0500.bmp-Lipid_mask.png","ChypFlat","ArcticNet2013","101",1,"8/15/2013",327,132,"False",0.828053204353083,6987,1.19662006063849,8131,1.47514163143873,43164
"618",735,"20130815 104643 365 000000 0325 0267","20130815 104643 365 000000 0325 0267.bmp","20130815_104643_365_000000_0325_0267-Prosome_mask.png","20130815_104643_365_000000_0325_0267.bmp-Lipid_mask.png","ChypFlat","ArcticNet2013","101",1,"8/15/2013",520,272,"False",0.844385752016561,13769,3.05154912283339,12069,2.54414248301078,141440
"619",736,"20130815 104643 765 000000 0297 0271","20130815 104643 765 000000 0297 0271.bmp","20130815_104643_765_000000_0297_0271-Prosome_mask.png","20130815_104643_765_000000_0297_0271.bmp-Lipid_mask.png","ChypIVlat","ArcticNet2013","101",1,"8/15/2013",212,262,"False",0.835756596661282,3428,0.447910636635521,3390,0.441073166108537,55544
"620",737,"20130815 104643 809 000001 0848 0624","20130815 104643 809 000001 0848 0624.bmp","20130815_104643_809_000001_0848_0624-Prosome_mask.png","20130815_104643_809_000001_0848_0624.bmp-Lipid_mask.png","ChypIVlat","ArcticNet2013","101",1,"8/15/2013",168,252,"False",0.883888388838884,3989,0.552112301505415,4383,0.628752439476611,42336
"621",739,"20130815 104644 281 000000 0271 0560","20130815 104644 281 000000 0271 0560.bmp","20130815_104644_281_000000_0271_0560-Prosome_mask.png","20130815_104644_281_000000_0271_0560.bmp-Lipid_mask.png","ChypVlat","ArcticNet2013","101",1,"8/15/2013",208,455,"False",0.944914851108363,10340,2.05529136233405,10103,1.99056581159935,94640
"622",741,"20130815 104645 431 000000 0669 0323","20130815 104645 431 000000 0669 0323.bmp","20130815_104645_431_000000_0669_0323-Prosome_mask.png","20130815_104645_431_000000_0669_0323.bmp-Lipid_mask.png","MlongFlat","ArcticNet2013","101",1,"8/15/2013",203,149,"False",0.603143418467583,982,0.079790081140145,650,0.045149764120605,30247
"623",742,"20130815 104645 775 000000 0264 0684","20130815 104645 775 000000 0264 0684.bmp","20130815_104645_775_000000_0264_0684-Prosome_mask.png","20130815_104645_775_000000_0264_0684.bmp-Lipid_mask.png","CglacFlat","ArcticNet2013","101",1,"8/15/2013",160,244,"False",0.543863972400197,2555,0.298561979666246,3710,0.499540896415012,39040
"624",743,"20130815 104646 264 000000 0641 0119","20130815 104646 264 000000 0641 0119.bmp","20130815_104646_264_000000_0641_0119-Prosome_mask.png","20130815_104646_264_000000_0641_0119.bmp-Lipid_mask.png","MlongFlat","ArcticNet2013","101",1,"8/15/2013",203,158,"False",0.739980449657869,780,0.058066494100041,1000,0.081815399162142,32074
"625",746,"20130815 104649 329 000001 0973 0635","20130815 104649 329 000001 0973 0635.bmp","20130815_104649_329_000001_0973_0635-Prosome_mask.png","20130815_104649_329_000001_0973_0635.bmp-Lipid_mask.png","ChypIVdors","ArcticNet2013","101",1,"8/15/2013",212,282,"False",0.892911392405063,3669,0.491938594276518,3808,0.517841474205593,59784
"626",747,"20130815 104649 629 000000 0801 0783","20130815 104649 629 000000 0801 0783.bmp","20130815_104649_629_000000_0801_0783-Prosome_mask.png","20130815_104649_629_000000_0801_0783.bmp-Lipid_mask.png","ChypVlat","ArcticNet2013","101",1,"8/15/2013",317,266,"False",0.86819830713422,7918,1.42208134716514,7532,1.32730668957157,84322
"627",748,"20130815 104649 773 000000 0996 0764","20130815 104649 773 000000 0996 0764.bmp","20130815_104649_773_000000_0996_0764-Prosome_mask.png","20130815_104649_773_000000_0996_0764.bmp-Lipid_mask.png","ChypIVlat","ArcticNet2013","101",1,"8/15/2013",172,172,"False",0.865683229813665,3693,0.496384827208842,3516,0.463855263689945,29584
"628",749,"20130815 104650 306 000000 0900 0456","20130815 104650 306 000000 0900 0456.bmp","20130815_104650_306_000000_0900_0456-Prosome_mask.png","20130815_104650_306_000000_0900_0456.bmp-Lipid_mask.png","ChypVlat","ArcticNet2013","101",1,"8/15/2013",208,312,"False",0.913506400287116,7868,1.40970376060139,8127,1.47414027605477,64896
"629",750,"20130815 104650 662 000000 0849 0219","20130815 104650 662 000000 0849 0219.bmp","20130815_104650_662_000000_0849_0219-Prosome_mask.png","20130815_104650_662_000000_0849_0219.bmp-Lipid_mask.png","ChypVlat","ArcticNet2013","101",1,"8/15/2013",326,247,"False",0.907070229368645,7899,1.41737435493385,8231,1.5002362114822,80522
"630",751,"20130815 104650 828 000000 0577 0179","20130815 104650 828 000000 0577 0179.bmp","20130815_104650_828_000000_0577_0179-Prosome_mask.png","20130815_104650_828_000000_0577_0179.bmp-Lipid_mask.png","CglacFlat","ArcticNet2013","101",1,"8/15/2013",272,158,"False",0.804920913884007,2007,0.213968788456469,2101,0.227920298960169,42976
"631",753,"20130815 104651 039 000000 0188 0284","20130815 104651 039 000000 0188 0284.bmp","20130815_104651_039_000000_0188_0284-Prosome_mask.png","20130815_104651_039_000000_0188_0284.bmp-Lipid_mask.png","ChypVlat","ArcticNet2013","101",1,"8/15/2013",348,188,"False",0.934977287475665,7361,1.28590197112723,7548,1.3311992486694,65424
"632",754,"20130815 104651 339 000000 0908 0776","20130815 104651 339 000000 0908 0776.bmp","20130815_104651_339_000000_0908_0776-Prosome_mask.png","20130815_104651_339_000000_0908_0776.bmp-Lipid_mask.png","ChypVlat","ArcticNet2013","101",1,"8/15/2013",188,292,"False",0.893336844877535,7395,1.29410566892628,6983,1.19567478739334,54896
"633",756,"20130815 104653 305 000000 1000 0476","20130815 104653 305 000000 1000 0476.bmp","20130815_104653_305_000000_1000_0476-Prosome_mask.png","20130815_104653_305_000000_1000_0476.bmp-Lipid_mask.png","ChypVlat","ArcticNet2013","101",1,"8/15/2013",300,208,"False",0.904817469578263,5634,0.889123924604125,5793,0.923936071745048,62400
"634",757,"20130815 104653 999 000000 0069 0251","20130815 104653 999 000000 0069 0251.bmp","20130815_104653_999_000000_0069_0251-Prosome_mask.png","20130815_104653_999_000000_0069_0251.bmp-Lipid_mask.png","ChypVlat","ArcticNet2013","101",1,"8/15/2013",336,401,"False",0.881104245565079,9886,1.93180590842489,8989,1.69416910855325,134736
"635",758,"20130815 104654 227 000001 0829 0779","20130815 104654 227 000001 0829 0779.bmp","20130815_104654_227_000001_0829_0779-Prosome_mask.png","20130815_104654_227_000001_0829_0779.bmp-Lipid_mask.png","CglacFlat","ArcticNet2013","101",1,"8/15/2013",352,168,"False",0.813015798160811,3811,0.518404547880736,3878,0.531023601816403,59136
"636",759,"20130815 104654 327 000001 0609 0383","20130815 104654 327 000001 0609 0383.bmp","20130815_104654_327_000001_0609_0383-Prosome_mask.png","20130815_104654_327_000001_0609_0383.bmp-Lipid_mask.png","ChypFlat","ArcticNet2013","101",1,"8/15/2013",440,217,"False",0.852865177078583,11519,2.38554408958618,12861,2.77737289191302,95480
"637",760,"20130815 104654 660 000000 0905 0663","20130815 104654 660 000000 0905 0663.bmp","20130815_104654_660_000000_0905_0663-Prosome_mask.png","20130815_104654_660_000000_0905_0663.bmp-Lipid_mask.png","ChypVdors","ArcticNet2013","101",1,"8/15/2013",257,410,"False",0.860711974110032,7546,1.33071250715574,6828,1.15920461305375,105370
"638",761,"20130815 104654 727 000000 0109 0147","20130815 104654 727 000000 0109 0147.bmp","20130815_104654_727_000000_0109_0147-Prosome_mask.png","20130815_104654_727_000000_0109_0147.bmp-Lipid_mask.png","ChypVlat","ArcticNet2013","101",1,"8/15/2013",445,173,"False",0.892818132168214,6779,1.14774029287328,7084,1.21960572979598,76985
"639",763,"20130815 104656 304 000000 1036 0360","20130815 104656 304 000000 1036 0360.bmp","20130815_104656_304_000000_1036_0360-Prosome_mask.png","20130815_104656_304_000000_1036_0360.bmp-Lipid_mask.png","ChypIVlat","ArcticNet2013","101",1,"8/15/2013",172,208,"False",0.843202883625129,3502,0.461308364309845,3657,0.489719614371203,35776
"640",764,"20130815 104656 659 000000 0029 0152","20130815 104656 659 000000 0029 0152.bmp","20130815_104656_659_000000_0029_0152-Prosome_mask.png","20130815_104656_659_000000_0029_0152.bmp-Lipid_mask.png","ChypFdors","ArcticNet2013","101",1,"8/15/2013",440,132,"False",0.866522678185745,8603,1.59460068813512,8681,1.61458650092111,58080
"641",765,"20130815 104657 109 000000 0499 0888","20130815 104657 109 000000 0499 0888.bmp","20130815_104657_109_000000_0499_0888-Prosome_mask.png","20130815_104657_109_000000_0499_0888.bmp-Lipid_mask.png","ChypVlat","ArcticNet2013","101",1,"8/15/2013",148,382,"False",0.891906873614191,7002,1.20016666640394,6650,1.11770945327502,56536
"642",769,"20130815 104659 070 000000 0988 0252","20130815 104659 070 000000 0988 0252.bmp","20130815_104659_070_000000_0988_0252-Prosome_mask.png","20130815_104659_070_000000_0988_0252.bmp-Lipid_mask.png","ChypVdors","ArcticNet2013","101",1,"8/15/2013",316,220,"False",0.910054719562244,8356,1.53176763421942,8399,1.54265608191108,69520
"643",770,"20130815 104659 075 000000 0207 0672","20130815 104659 075 000000 0207 0672.bmp","20130815_104659_075_000000_0207_0672-Prosome_mask.png","20130815_104659_075_000000_0207_0672.bmp-Lipid_mask.png","ChypFlat","ArcticNet2013","101",1,"8/15/2013",246,506,"False",0.85161649058702,12429,2.64945771751728,10881,2.20514936603282,124476
"644",772,"20130815 104659 974 000000 0887 0704","20130815 104659 974 000000 0887 0704.bmp","20130815_104659_974_000000_0887_0704-Prosome_mask.png","20130815_104659_974_000000_0887_0704.bmp-Lipid_mask.png","ChypIVlat","ArcticNet2013","101",1,"8/15/2013",161,292,"False",0.884051815672117,4641,0.680391717094098,4231,0.598861547922684,47012
"645",773,"20130815 104700 202 000001 0941 0843","20130815 104700 202 000001 0941 0843.bmp","20130815_104700_202_000001_0941_0843-Prosome_mask.png","20130815_104700_202_000001_0941_0843.bmp-Lipid_mask.png","ChypIVlat","ArcticNet2013","101",1,"8/15/2013",257,138,"False",0.843463780183181,3435,0.449173324723664,3207,0.408556023892554,35466
"646",774,"20130815 104700 235 000000 0133 0171","20130815 104700 235 000000 0133 0171.bmp","20130815_104700_235_000000_0133_0171-Prosome_mask.png","20130815_104700_235_000000_0133_0171.bmp-Lipid_mask.png","ChypIVdors","ArcticNet2013","101",1,"8/15/2013",193,188,"False",0.84524463991204,3602,0.479584757150888,3111,0.391775315387309,36284
"647",775,"20130815 104700 301 000000 0985 0620","20130815 104700 301 000000 0985 0620.bmp","20130815_104700_301_000000_0985_0620-Prosome_mask.png","20130815_104700_301_000000_0985_0620.bmp-Lipid_mask.png","ChypVlat","ArcticNet2013","101",1,"8/15/2013",207,263,"False",0.79045245398773,4177,0.588339530291888,5162,0.78799578392624,54441
"648",776,"20130815 104700 334 000000 0953 0775","20130815 104700 334 000000 0953 0775.bmp","20130815_104700_334_000000_0953_0775-Prosome_mask.png","20130815_104700_334_000000_0953_0775.bmp-Lipid_mask.png","ChypIVdors","ArcticNet2013","101",1,"8/15/2013",262,188,"False",0.837215388641717,3805,0.517278569072457,3215,0.409963131842084,49256
"649",777,"20130815 104700 358 000000 0025 0283","20130815 104700 358 000000 0025 0283.bmp","20130815_104700_358_000000_0025_0283-Prosome_mask.png","20130815_104700_358_000000_0025_0283.bmp-Lipid_mask.png","ChypIVlat","ArcticNet2013","101",1,"8/15/2013",257,282,"False",0.860767326732673,4341,0.620453098910134,4680,0.688294550066003,72474
"650",778,"20130815 104700 391 000002 0625 0607","20130815 104700 391 000002 0625 0607.bmp","20130815_104700_391_000002_0625_0607-Prosome_mask.png","20130815_104700_391_000002_0625_0607.bmp-Lipid_mask.png","ChypIVlat","ArcticNet2013","101",1,"8/15/2013",154,292,"False",0.875264270613108,5197,0.795378418426045,4560,0.664058800266136,44968
"651",781,"20130815 104700 668 000000 0721 0307","20130815 104700 668 000000 0721 0307.bmp","20130815_104700_668_000000_0721_0307-Prosome_mask.png","20130815_104700_668_000000_0721_0307.bmp-Lipid_mask.png","CglacFlat","ArcticNet2013","101",1,"8/15/2013",208,154,"False",0.89763779527559,2886,0.353218941303823,2898,0.355247327574358,32032
"652",782,"20130815 104700 834 000000 0861 0275","20130815 104700 834 000000 0861 0275.bmp","20130815_104700_834_000000_0861_0275-Prosome_mask.png","20130815_104700_834_000000_0861_0275.bmp-Lipid_mask.png","ChypIVlat","ArcticNet2013","101",1,"8/15/2013",212,292,"False",0.864652053628432,4275,0.607472885321838,4487,0.649433114587902,61904
"653",783,"20130815 104700 868 000000 0457 0887","20130815 104700 868 000000 0457 0887.bmp","20130815_104700_868_000000_0457_0887-Prosome_mask.png","20130815_104700_868_000000_0457_0887.bmp-Lipid_mask.png","CglacVlat","ArcticNet2013","101",1,"8/15/2013",301,154,"False",0.869463869463869,3825,0.521034451116776,3393,0.441611912387392,46354
"654",784,"20130815 104700 999 000000 0273 0839","20130815 104700 999 000000 0273 0839.bmp","20130815_104700_999_000000_0273_0839-Prosome_mask.png","20130815_104700_999_000000_0273_0839.bmp-Lipid_mask.png","ChypIVlat","ArcticNet2013","101",1,"8/15/2013",222,212,"False",0.865716429107277,3747,0.506428980185527,3714,0.500284300860859,47064
"655",785,"20130815 104701 791 000000 0953 0364","20130815 104701 791 000000 0953 0364.bmp","20130815_104701_791_000000_0953_0364-Prosome_mask.png","20130815_104701_791_000000_0953_0364.bmp-Lipid_mask.png","ChypFdors","ArcticNet2013","101",1,"8/15/2013",154,380,"False",0.762058182507344,8478,1.5627156535378,10117,1.99437337905914,58520
"656",787,"20130815 104701 935 000000 0372 0792","20130815 104701 935 000000 0372 0792.bmp","20130815_104701_935_000000_0372_0792-Prosome_mask.png","20130815_104701_935_000000_0372_0792.bmp-Lipid_mask.png","ChypIVlat","ArcticNet2013","101",1,"8/15/2013",172,180,"False",0.860695187165775,3402,0.44322923707676,3557,0.471336190664679,30960
"657",788,"20130815 104701 957 000000 0765 0247","20130815 104701 957 000000 0765 0247.bmp","20130815_104701_957_000000_0765_0247-Prosome_mask.png","20130815_104701_957_000000_0765_0247.bmp-Lipid_mask.png","ChypVlat","ArcticNet2013","101",1,"8/15/2013",331,306,"False",0.805859424116685,6789,1.15007740069894,7573,1.33728765037245,101286
"658",789,"20130815 104702 391 000001 0961 0639","20130815 104702 391 000001 0961 0639.bmp","20130815_104702_391_000001_0961_0639-Prosome_mask.png","20130815_104702_391_000001_0961_0639.bmp-Lipid_mask.png","MlongFlat","ArcticNet2013","101",1,"8/15/2013",212,178,"False",0.788321167883212,1083,0.091331864509065,1122,0.09590145496905,37736
"659",790,"20130815 104702 407 000000 1035 0772","20130815 104702 407 000000 1035 0772.bmp","20130815_104702_407_000000_1035_0772-Prosome_mask.png","20130815_104702_407_000000_1035_0772.bmp-Lipid_mask.png","ChypVlat","ArcticNet2013","101",1,"8/15/2013",297,287,"False",0.865612104539202,7156,1.23674485289393,6407,1.06174096176441,85239
"660",791,"20130815 104702 735 000000 0556 0840","20130815 104702 735 000000 0556 0840.bmp","20130815_104702_735_000000_0556_0840-Prosome_mask.png","20130815_104702_735_000000_0556_0840.bmp-Lipid_mask.png","CglacVlat","ArcticNet2013","101",1,"8/15/2013",124,244,"False",0.904007177033493,3177,0.40329125982726,3190,0.405570348726346,30256
"661",792,"20130815 104703 201 000000 1052 0728","20130815 104703 201 000000 1052 0728.bmp","20130815_104703_201_000000_1052_0728-Prosome_mask.png","20130815_104703_201_000000_1052_0728.bmp-Lipid_mask.png","ChypIVdors","ArcticNet2013","101",1,"8/15/2013",152,212,"False",0.87463976945245,3308,0.426417917422267,3197,0.406799014015594,32224
"662",793,"20130815 104703 501 000000 0984 0624","20130815 104703 501 000000 0984 0624.bmp","20130815_104703_501_000000_0984_0624-Prosome_mask.png","20130815_104703_501_000000_0984_0624.bmp-Lipid_mask.png","ChypIVdors","ArcticNet2013","101",1,"8/15/2013",196,148,"False",0.823899371069182,3656,0.489534824118571,3594,0.478115467747965,29008
"663",796,"20130815 104704 490 000002 0289 0616","20130815 104704 490 000002 0289 0616.bmp","20130815_104704_490_000002_0289_0616-Prosome_mask.png","20130815_104704_490_000002_0289_0616.bmp-Lipid_mask.png","ChypIVdors","ArcticNet2013","101",1,"8/15/2013",180,158,"False",0.842722406321693,3917,0.538407352892904,3312,0.427129636754666,28440
"664",797,"20130815 104704 701 000001 0500 0484","20130815 104704 701 000001 0500 0484.bmp","20130815_104704_701_000001_0500_0484-Prosome_mask.png","20130815_104704_701_000001_0500_0484.bmp-Lipid_mask.png","ChypIVlat","ArcticNet2013","101",1,"8/15/2013",116,248,"False",0.857031857031857,3426,0.447550048449441,3744,0.505869520088277,28768
"665",798,"20130815 104704 706 000000 0475 0280","20130815 104704 706 000000 0475 0280.bmp","20130815_104704_706_000000_0475_0280-Prosome_mask.png","20130815_104704_706_000000_0475_0280.bmp-Lipid_mask.png","ChypVlat","ArcticNet2013","101",1,"8/15/2013",148,450,"False",0.729957805907173,6612,1.10890509661706,8558,1.5831016550685,66600
"666",799,"20130815 104704 856 000000 0029 0831","20130815 104704 856 000000 0029 0831.bmp","20130815_104704_856_000000_0029_0831-Prosome_mask.png","20130815_104704_856_000000_0029_0831.bmp-Lipid_mask.png","ChypVlat","ArcticNet2013","101",1,"8/15/2013",406,198,"False",0.852379707112971,6910,1.17845976371142,7257,1.26089778969012,80388
"667",801,"20130815 104705 389 000000 0025 0603","20130815 104705 389 000000 0025 0603.bmp","20130815_104705_389_000000_0025_0603-Prosome_mask.png","20130815_104705_389_000000_0025_0603.bmp-Lipid_mask.png","ChypIVlat","ArcticNet2013","101",1,"8/15/2013",143,287,"False",0.876835033590445,3657,0.489719614371203,3886,0.532535927092158,41041
"668",802,"20130815 104705 439 000000 0631 0524","20130815 104705 439 000000 0631 0524.bmp","20130815_104705_439_000000_0631_0524-Prosome_mask.png","20130815_104705_439_000000_0631_0524.bmp-Lipid_mask.png","CglacVlat","ArcticNet2013","101",1,"8/15/2013",254,157,"False",0.632914394119042,3629,0.484552757817012,3257,0.417372240212569,39878
"669",803,"20130815 104705 739 000000 0955 0500","20130815 104705 739 000000 0955 0500.bmp","20130815_104705_739_000000_0955_0500-Prosome_mask.png","20130815_104705_739_000000_0955_0500.bmp-Lipid_mask.png","ChypIVlat","ArcticNet2013","101",1,"8/15/2013",140,324,"False",0.859919839679359,4874,0.727976027129452,4407,0.63350852470734,45360
"670",804,"20130815 104705 739 000001 0111 0836","20130815 104705 739 000001 0111 0836.bmp","20130815_104705_739_000001_0111_0836-Prosome_mask.png","20130815_104705_739_000001_0111_0836.bmp-Lipid_mask.png","ChypVdors","ArcticNet2013","101",1,"8/15/2013",220,382,"False",0.902363823227133,4513,0.654631974328996,4742,0.700909573762532,84040
"671",805,"20130815 104705 789 000001 0461 0775","20130815 104705 789 000001 0461 0775.bmp","20130815_104705_789_000001_0461_0775-Prosome_mask.png","20130815_104705_789_000001_0461_0775.bmp-Lipid_mask.png","MlongFlat","ArcticNet2013","101",1,"8/15/2013",228,154,"False",0.840851063829787,1079,0.090866677222979,1084,0.091448263475575,35112
"672",807,"20130815 104707 888 000000 0697 0807","20130815 104707 888 000000 0697 0807.bmp","20130815_104707_888_000000_0697_0807-Prosome_mask.png","20130815_104707_888_000000_0697_0807.bmp-Lipid_mask.png","ChypIVlat","ArcticNet2013","101",1,"8/15/2013",208,163,"False",0.858341725411212,2680,0.318904809728324,2856,0.348162004313553,33904
"673",808,"20130815 104707 999 000001 0685 0691","20130815 104707 999 000001 0685 0691.bmp","20130815_104707_999_000001_0685_0691-Prosome_mask.png","20130815_104707_999_000001_0685_0691.bmp-Lipid_mask.png","ChypIVlat","ArcticNet2013","101",1,"8/15/2013",301,143,"False",0.879281537176274,4672,0.686671408402954,4326,0.617496420484866,43043
"674",809,"20130815 104708 888 000000 0177 0747","20130815 104708 888 000000 0177 0747.bmp","20130815_104708_888_000000_0177_0747-Prosome_mask.png","20130815_104708_888_000000_0177_0747.bmp-Lipid_mask.png","CglacVlat","ArcticNet2013","101",1,"8/15/2013",306,193,"False",0.877990903697845,4471,0.646239497289798,5026,0.759490038204188,59058
"675",810,"20130815 104708 988 000000 0109 0779","20130815 104708 988 000000 0109 0779.bmp","20130815_104708_988_000000_0109_0779-Prosome_mask.png","20130815_104708_988_000000_0109_0779.bmp-Lipid_mask.png","ChypFlat","ArcticNet2013","101",1,"8/15/2013",569,198,"False",0.861010373618959,10257,2.03255892171606,11809,2.4688184980782,112662
"676",811,"20130815 104709 388 000000 0649 0120","20130815 104709 388 000000 0649 0120.bmp","20130815_104709_388_000000_0649_0120-Prosome_mask.png","20130815_104709_388_000000_0649_0120.bmp-Lipid_mask.png","ChypFlat","ArcticNet2013","101",1,"8/15/2013",425,177,"False",0.856098274349225,9173,1.74221110086385,9865,1.92614526405874,75225
"677",812,"20130815 104709 554 000000 0033 0735","20130815 104709 554 000000 0033 0735.bmp","20130815_104709_554_000000_0033_0735-Prosome_mask.png","20130815_104709_554_000000_0033_0735.bmp-Lipid_mask.png","ChypVlat","ArcticNet2013","101",1,"8/15/2013",385,247,"False",0.80205688166582,7339,1.28060135966398,6854,1.16530044338766,95095
"678",813,"20130815 104710 832 000001 0532 0724","20130815 104710 832 000001 0532 0724.bmp","20130815_104710_832_000001_0532_0724-Prosome_mask.png","20130815_104710_832_000001_0532_0724.bmp-Lipid_mask.png","ChypFlat","ArcticNet2013","101",1,"8/15/2013",168,312,"False",0.908799144156192,7279,1.26617585124478,6995,1.19851122404668,52416
"679",814,"20130815 104711 254 000000 0021 0175","20130815 104711 254 000000 0021 0175.bmp","20130815_104711_254_000000_0021_0175-Prosome_mask.png","20130815_104711_254_000000_0021_0175.bmp-Lipid_mask.png","ChypIVlat","ArcticNet2013","101",1,"8/15/2013",188,228,"False",0.918686868686869,3832,0.522350775885405,3766,0.509976177290024,42864
"680",816,"20130815 104711 753 000001 0965 0359","20130815 104711 753 000001 0965 0359.bmp","20130815_104711_753_000001_0965_0359-Prosome_mask.png","20130815_104711_753_000001_0965_0359.bmp-Lipid_mask.png","CglacVlat","ArcticNet2013","101",1,"8/15/2013",198,233,"False",0.909960422163588,2886,0.353218941303823,2905,0.356432028515959,46134
"681",817,"20130815 104712 453 000000 0865 0131","20130815 104712 453 000000 0865 0131.bmp","20130815_104712_453_000000_0865_0131-Prosome_mask.png","20130815_104712_453_000000_0865_0131.bmp-Lipid_mask.png","MlongFlat","ArcticNet2013","101",1,"8/15/2013",178,238,"False",0.782991202346041,819,0.062110759228446,1005,0.082380461163245,42364
"682",818,"20130815 104712 703 000000 0331 0152","20130815 104712 703 000000 0331 0152.bmp","20130815_104712_703_000000_0331_0152-Prosome_mask.png","20130815_104712_703_000000_0331_0152.bmp-Lipid_mask.png","ChypIVlat","ArcticNet2013","101",1,"8/15/2013",119,312,"False",0.846903096903097,3607,0.480503693112341,3788,0.514091960871671,37128
"683",819,"20130815 104712 886 000000 0025 0215","20130815 104712 886 000000 0025 0215.bmp","20130815_104712_886_000000_0025_0215-Prosome_mask.png","20130815_104712_886_000000_0025_0215.bmp-Lipid_mask.png","ChypVlat","ArcticNet2013","101",1,"8/15/2013",317,296,"False",0.940333882934872,9455,1.81655256474513,9374,1.79511172444812,93832
"684",821,"20130815 104713 619 000000 0157 0356","20130815 104713 619 000000 0157 0356.bmp","20130815_104713_619_000000_0157_0356-Prosome_mask.png","20130815_104713_619_000000_0157_0356.bmp-Lipid_mask.png","ChypIVlat","ArcticNet2013","101",1,"8/15/2013",180,180,"False",0.80140734949179,3686,0.495086871657588,3226,0.411900078366133,32400
"685",822,"20130815 104714 686 000000 0081 0399","20130815 104714 686 000000 0081 0399.bmp","20130815_104714_686_000000_0081_0399-Prosome_mask.png","20130815_104714_686_000000_0081_0399.bmp-Lipid_mask.png","CglacVdors","ArcticNet2013","101",1,"8/15/2013",198,233,"False",0.908422986092889,3691,0.496013887285842,3582,0.475913863455028,46134
"686",823,"20130815 104714 869 000000 1047 0288","20130815 104714 869 000000 1047 0288.bmp","20130815_104714_869_000000_1047_0288-Prosome_mask.png","20130815_104714_869_000000_1047_0288.bmp-Lipid_mask.png","ChypIVlat","ArcticNet2013","101",1,"8/15/2013",174,267,"False",0.89220128786072,4063,0.56629622735314,3871,0.529701289269342,46458
"687",827,"20130815 104717 185 000001 0649 0207","20130815 104717 185 000001 0649 0207.bmp","20130815_104717_185_000001_0649_0207-Prosome_mask.png","20130815_104717_185_000001_0649_0207.bmp-Lipid_mask.png","CglacVlat","ArcticNet2013","101",1,"8/15/2013",252,208,"False",0.809795617749954,5296,0.816362902391922,4533,0.658638852663256,52416
"688",829,"20130815 104717 868 000000 0979 0424","20130815 104717 868 000000 0979 0424.bmp","20130815_104717_868_000000_0979_0424-Prosome_mask.png","20130815_104717_868_000000_0979_0424.bmp-Lipid_mask.png","CglacVlat","ArcticNet2013","101",1,"8/15/2013",140,241,"False",0.841602184797451,3972,0.548867864977455,4120,0.577288906178093,33740
"689",831,"20130815 104718 417 000001 0025 0779","20130815 104718 417 000001 0025 0779.bmp","20130815_104718_417_000001_0025_0779-Prosome_mask.png","20130815_104718_417_000001_0025_0779.bmp-Lipid_mask.png","ChypIVlat","ArcticNet2013","101",1,"8/15/2013",193,277,"False",0.9089944282303,3681,0.494160333749426,3514,0.463491184581157,53461
"690",832,"20130815 104718 501 000000 0435 0440","20130815 104718 501 000000 0435 0440.bmp","20130815_104718_501_000000_0435_0440-Prosome_mask.png","20130815_104718_501_000000_0435_0440.bmp-Lipid_mask.png","CglacVlat","ArcticNet2013","101",1,"8/15/2013",127,220,"False",0.896245278826927,4279,0.608257410782689,4256,0.603750200779875,27940
"691",833,"20130815 104718 601 000000 0907 0412","20130815 104718 601 000000 0907 0412.bmp","20130815_104718_601_000000_0907_0412-Prosome_mask.png","20130815_104718_601_000000_0907_0412.bmp-Lipid_mask.png","CglacVlat","ArcticNet2013","101",1,"8/15/2013",157,292,"False",0.599007561436673,2640,0.312355007462254,4127,0.578642889289404,45844
"692",834,"20130815 104718 828 000000 0088 0256","20130815 104718 828 000000 0088 0256.bmp","20130815_104718_828_000000_0088_0256-Prosome_mask.png","20130815_104718_828_000000_0088_0256.bmp-Lipid_mask.png","ChypVdors","ArcticNet2013","101",1,"8/15/2013",256,152,"False",0.665627563576702,4311,0.614543635262625,5841,0.934517413253728,38912
"693",835,"20130815 104719 417 000000 0185 0016","20130815 104719 417 000000 0185 0016.bmp","20130815_104719_417_000000_0185_0016-Prosome_mask.png","20130815_104719_417_000000_0185_0016.bmp-Lipid_mask.png","ChypFlat","ArcticNet2013","101",1,"8/15/2013",410,188,"False",0.8872041798996,9157,1.7380188771724,9264,1.76610714521538,77080
"694",837,"20130815 104719 999 000000 0729 0183","20130815 104719 999 000000 0729 0183.bmp","20130815_104719_999_000000_0729_0183-Prosome_mask.png","20130815_104719_999_000000_0729_0183.bmp-Lipid_mask.png","ChypFlat","ArcticNet2013","101",1,"8/15/2013",544,272,"False",0.766575127500981,10340,2.05529136233405,12175,2.57502963786951,147968
"695",838,"20130815 104720 961 000000 0100 0196","20130815 104720 961 000000 0100 0196.bmp","20130815_104720_961_000000_0100_0196-Prosome_mask.png","20130815_104720_961_000000_0100_0196.bmp-Lipid_mask.png","ChypIVlat","ArcticNet2013","101",1,"8/15/2013",172,220,"False",0.944715051144666,4032,0.560342258073174,3953,0.545247970026813,37840
"696",839,"20130815 104721 783 000001 1041 0568","20130815 104721 783 000001 1041 0568.bmp","20130815_104721_783_000001_1041_0568-Prosome_mask.png","20130815_104721_783_000001_1041_0568.bmp-Lipid_mask.png","ChypIVlat","ArcticNet2013","101",1,"8/15/2013",180,207,"False",0.860383944153578,2660,0.315625230132576,2670,0.31726385303682,37260
"697",840,"20130815 104722 427 000000 0868 0484","20130815 104722 427 000000 0868 0484.bmp","20130815_104722_427_000000_0868_0484-Prosome_mask.png","20130815_104722_427_000000_0868_0484.bmp-Lipid_mask.png","MlongFlat","ArcticNet2013","101",1,"8/15/2013",148,212,"False",0.606945540647198,1084,0.091448263475575,952,0.076445872602582,31376
"698",842,"20130815 104724 160 000002 0096 0688","20130815 104724 160 000002 0096 0688.bmp","20130815_104724_160_000002_0096_0688-Prosome_mask.png","20130815_104724_160_000002_0096_0688.bmp-Lipid_mask.png","ChypIVlat","ArcticNet2013","101",1,"8/15/2013",200,216,"False",0.857419511014282,4019,0.557850596906766,3654,0.489165301234164,43200
"699",843,"20130815 104724 259 000000 1056 0132","20130815 104724 259 000000 1056 0132.bmp","20130815_104724_259_000000_1056_0132-Prosome_mask.png","20130815_104724_259_000000_1056_0132.bmp-Lipid_mask.png","ChypIVlat","ArcticNet2013","101",1,"8/15/2013",212,204,"False",0.827486087587709,3516,0.463855263689945,4037,0.561301402993919,43248
"700",844,"20130815 104724 582 000001 0025 0571","20130815 104724 582 000001 0025 0571.bmp","20130815_104724_582_000001_0025_0571-Prosome_mask.png","20130815_104724_582_000001_0025_0571.bmp-Lipid_mask.png","MlongFlat","ArcticNet2013","101",1,"8/15/2013",158,208,"False",0.683544303797468,1355,0.124426040438756,1305,0.118134720925374,32864
"701",847,"20130815 104725 665 000000 1059 0776","20130815 104725 665 000000 1059 0776.bmp","20130815_104725_665_000000_1059_0776-Prosome_mask.png","20130815_104725_665_000000_1059_0776.bmp-Lipid_mask.png","ChypIVlat","ArcticNet2013","101",1,"8/15/2013",161,312,"False",0.85795330569496,4250,0.602575926287298,4265,0.605512792180118,50232
"702",848,"20130815 104725 981 000000 0113 0643","20130815 104725 981 000000 0113 0643.bmp","20130815_104725_981_000000_0113_0643-Prosome_mask.png","20130815_104725_981_000000_0113_0643.bmp-Lipid_mask.png","ChypFlat","ArcticNet2013","101",1,"8/15/2013",504,366,"False",0.946635379607903,12743,2.74226850781825,12974,2.81110473534712,184464
"703",849,"20130815 104727 392 000000 0944 0140","20130815 104727 392 000000 0944 0140.bmp","20130815_104727_392_000000_0944_0140-Prosome_mask.png","20130815_104727_392_000000_0944_0140.bmp-Lipid_mask.png","CglacVlat","ArcticNet2013","101",1,"8/15/2013",208,260,"False",0.690837178642057,3657,0.489719614371203,4038,0.561493286172109,54080
"704",850,"20130815 104727 614 000000 0733 0016","20130815 104727 614 000000 0733 0016.bmp","20130815_104727_614_000000_0733_0016-Prosome_mask.png","20130815_104727_614_000000_0733_0016.bmp-Lipid_mask.png","ChypIVlat","ArcticNet2013","101",1,"8/15/2013",226,132,"False",0.869978284473399,3281,0.421622376158315,3608,0.480687538419594,29832
"705",853,"20130815 104729 180 000000 0801 0016","20130815 104729 180 000000 0801 0016.bmp","20130815_104729_180_000000_0801_0016-Prosome_mask.png","20130815_104729_180_000000_0801_0016.bmp-Lipid_mask.png","ChypVlat","ArcticNet2013","101",1,"8/15/2013",331,158,"False",0.891409767925182,5468,0.8531755315467,5453,0.849947381720249,52298
"706",854,"20130815 104729 730 000000 0631 0708","20130815 104729 730 000000 0631 0708.bmp","20130815_104729_730_000000_0631_0708-Prosome_mask.png","20130815_104729_730_000000_0631_0708.bmp-Lipid_mask.png","ChypFdors","ArcticNet2013","101",1,"8/15/2013",140,444,"False",0.430867544539117,4457,0.643448641960518,10321,2.05008140896197,62160
"707",855,"20130815 104730 524 000000 0552 0320","20130815 104730 524 000000 0552 0320.bmp","20130815_104730_524_000000_0552_0320-Prosome_mask.png","20130815_104730_524_000000_0552_0320.bmp-Lipid_mask.png","ChypVlat","ArcticNet2013","101",1,"8/15/2013",324,356,"False",0.921173719544392,12837,2.7702230619776,12632,2.70935912834837,115344
"708",856,"20130815 104730 962 000000 0315 0516","20130815 104730 962 000000 0315 0516.bmp","20130815_104730_962_000000_0315_0516-Prosome_mask.png","20130815_104730_962_000000_0315_0516.bmp-Lipid_mask.png","ChypFlat","ArcticNet2013","101",1,"8/15/2013",322,476,"False",0.86302261265658,10834,2.19201560057313,12070,2.54443339127967,153272
"709",858,"20130815 104732 295 000002 1023 0448","20130815 104732 295 000002 1023 0448.bmp","20130815_104732_295_000002_1023_0448-Prosome_mask.png","20130815_104732_295_000002_1023_0448.bmp-Lipid_mask.png","ChypIVlat","ArcticNet2013","101",1,"8/15/2013",170,245,"False",0.889784946236559,4055,0.564758060848333,4381,0.628356544823234,41650
"710",859,"20130815 104732 412 000000 0541 0032","20130815 104732 412 000000 0541 0032.bmp","20130815_104732_412_000000_0541_0032-Prosome_mask.png","20130815_104732_412_000000_0541_0032.bmp-Lipid_mask.png","ChypFlat","ArcticNet2013","101",1,"8/15/2013",451,158,"False",0.921244575754778,10221,2.02272074873409,10588,2.12362720650807,71258
"711",860,"20130815 104732 778 000001 0025 0627","20130815 104732 778 000001 0025 0627.bmp","20130815_104732_778_000001_0025_0627-Prosome_mask.png","20130815_104732_778_000001_0025_0627.bmp-Lipid_mask.png","ChypIVdors","ArcticNet2013","101",1,"8/15/2013",158,262,"False",0.900426104507737,4358,0.623808697039268,4116,0.576515593843558,41396
"712",861,"20130815 104733 611 000000 0209 0115","20130815 104733 611 000000 0209 0115.bmp","20130815_104733_611_000000_0209_0115-Prosome_mask.png","20130815_104733_611_000000_0209_0115.bmp-Lipid_mask.png","ChypIVlat","ArcticNet2013","101",1,"8/15/2013",336,154,"False",0.782646801051709,4464,0.644843653872614,3672,0.492493770653799,51744
"713",862,"20130815 104733 778 000000 0769 0187","20130815 104733 778 000000 0769 0187.bmp","20130815_104733_778_000000_0769_0187-Prosome_mask.png","20130815_104733_778_000000_0769_0187.bmp-Lipid_mask.png","ChypVlat","ArcticNet2013","101",1,"8/15/2013",208,380,"False",0.91758318251427,6803,1.15335154969011,6971,1.19284020237026,79040
"714",864,"20130815 104736 710 000000 0445 0363","20130815 104736 710 000000 0445 0363.bmp","20130815_104736_710_000000_0445_0363-Prosome_mask.png","20130815_104736_710_000000_0445_0363.bmp-Lipid_mask.png","ChypFlat","ArcticNet2013","101",1,"8/15/2013",564,233,"False",0.931477016411293,12210,2.58525073227531,12623,2.70669560044671,131412
"715",865,"20130815 104736 743 000000 0037 0691","20130815 104736 743 000000 0037 0691.bmp","20130815_104736_743_000000_0037_0691-Prosome_mask.png","20130815_104736_743_000000_0037_0691.bmp-Lipid_mask.png","ChypFlat","ArcticNet2013","101",1,"8/15/2013",534,277,"False",0.59774602892892,6930,1.18316936797444,11075,2.25958877036056,147918
"716",866,"20130815 104736 810 000000 0765 0679","20130815 104736 810 000000 0765 0679.bmp","20130815_104736_810_000000_0765_0679-Prosome_mask.png","20130815_104736_810_000000_0765_0679.bmp-Lipid_mask.png","ChypFlat","ArcticNet2013","101",1,"8/15/2013",509,252,"False",0.880143285894085,9360,1.79141301374693,10060,1.97888368047286,128268
"717",867,"20130815 104737 687 000000 0996 0216","20130815 104737 687 000000 0996 0216.bmp","20130815_104737_687_000000_0996_0216-Prosome_mask.png","20130815_104737_687_000000_0996_0216.bmp-Lipid_mask.png","ChypIVdors","ArcticNet2013","101",1,"8/15/2013",220,136,"False",0.813626785296183,4096,0.572653318482414,3650,0.488426486040044,29920
"718",872,"20130815 104741 908 000000 0165 0731","20130815 104741 908 000000 0165 0731.bmp","20130815_104741_908_000000_0165_0731-Prosome_mask.png","20130815_104741_908_000000_0165_0731.bmp-Lipid_mask.png","CglacFlat","ArcticNet2013","101",1,"8/15/2013",301,198,"False",0.827753779697624,5428,0.844574629551001,4727,0.697851770623384,59598
"719",875,"20130815 104742 874 000001 0929 0727","20130815 104742 874 000001 0929 0727.bmp","20130815_104742_874_000001_0929_0727-Prosome_mask.png","20130815_104742_874_000001_0929_0727.bmp-Lipid_mask.png","MlongFlat","ArcticNet2013","101",1,"8/15/2013",272,188,"False",0.673338098641887,1142,0.098268488701119,1199,0.105100680079792,51136
"720",876,"20130815 104743 124 000001 1072 0596","20130815 104743 124 000001 1072 0596.bmp","20130815_104743_124_000001_1072_0596-Prosome_mask.png","20130815_104743_124_000001_1072_0596.bmp-Lipid_mask.png","MlongFlat","ArcticNet2013","101",1,"8/15/2013",204,136,"False",0.581979320531758,1976,0.209421386766493,1237,0.109724911456249,27744
"721",877,"20130815 104743 441 000000 0913 0751","20130815 104743 441 000000 0913 0751.bmp","20130815_104743_441_000000_0913_0751-Prosome_mask.png","20130815_104743_441_000000_0913_0751.bmp-Lipid_mask.png","CglacVdors","ArcticNet2013","101",1,"8/15/2013",173,198,"False",0.873990306946688,2812,0.340781641189805,2988,0.370561479869853,34254
"722",879,"20130815 104745 351 000001 0116 0708","20130815 104745 351 000001 0116 0708.bmp","20130815_104745_351_000001_0116_0708-Prosome_mask.png","20130815_104745_351_000001_0116_0708.bmp-Lipid_mask.png","ChypIVlat","ArcticNet2013","101",1,"8/15/2013",200,224,"False",0.842570281124498,3518,0.46421942150466,3364,0.436411630154287,44800
"723",880,"20130815 104745 373 000001 0973 0447","20130815 104745 373 000001 0973 0447.bmp","20130815_104745_373_000001_0973_0447-Prosome_mask.png","20130815_104745_373_000001_0973_0447.bmp-Lipid_mask.png","MlongFlat","ArcticNet2013","101",1,"8/15/2013",133,198,"False",0.685034439574202,1377,0.127222489936883,1314,0.119260508728261,26334
"724",881,"20130815 104745 384 000001 0108 0576","20130815 104745 384 000001 0108 0576.bmp","20130815_104745_384_000001_0108_0576-Prosome_mask.png","20130815_104745_384_000001_0108_0576.bmp-Lipid_mask.png","ChypFlat","ArcticNet2013","101",1,"8/15/2013",140,348,"False",0.902622169249106,8017,1.44667658710838,7946,1.42902579222339,48720
"725",883,"20130815 104745 906 000000 0897 0811","20130815 104745 906 000000 0897 0811.bmp","20130815_104745_906_000000_0897_0811-Prosome_mask.png","20130815_104745_906_000000_0897_0811.bmp-Lipid_mask.png","ChypIVlat","ArcticNet2013","101",1,"8/15/2013",212,212,"False",0.866715399610136,3928,0.540495017427549,3733,0.503819624246318,44944
"726",885,"20130815 104746 999 000000 0401 0119","20130815 104746 999 000000 0401 0119.bmp","20130815_104746_999_000000_0401_0119-Prosome_mask.png","20130815_104746_999_000000_0401_0119.bmp-Lipid_mask.png","ChypVlat","ArcticNet2013","101",1,"8/15/2013",385,257,"False",0.904599295699498,8988,1.69390902356588,8860,1.66070919310569,98945
"727",886,"20130815 104747 084 000001 0092 0756","20130815 104747 084 000001 0092 0756.bmp","20130815_104747_084_000001_0092_0756-Prosome_mask.png","20130815_104747_084_000001_0092_0756.bmp-Lipid_mask.png","ChypVlat","ArcticNet2013","101",1,"8/15/2013",112,300,"False",0.889713871785585,5069,0.768471588177175,5366,0.83129080332476,33600
"728",887,"20130815 104747 172 000000 0089 0331","20130815 104747 172 000000 0089 0331.bmp","20130815_104747_172_000000_0089_0331-Prosome_mask.png","20130815_104747_172_000000_0089_0331.bmp-Lipid_mask.png","ChypVlat","ArcticNet2013","101",1,"8/15/2013",233,430,"False",0.930288461538462,7936,1.42654456402754,8124,1.47338938240757,100190
"729",888,"20130815 104747 472 000000 0809 0823","20130815 104747 472 000000 0809 0823.bmp","20130815_104747_472_000000_0809_0823-Prosome_mask.png","20130815_104747_472_000000_0809_0823.bmp-Lipid_mask.png","ChypVlat","ArcticNet2013","101",1,"8/15/2013",361,233,"False",0.775331977509271,7122,1.22864317140107,7718,1.37275059940785,84113
"730",889,"20130815 104748 639 000000 0037 0695","20130815 104748 639 000000 0037 0695.bmp","20130815_104748_639_000000_0037_0695-Prosome_mask.png","20130815_104748_639_000000_0037_0695.bmp-Lipid_mask.png","ChypIVlat","ArcticNet2013","101",1,"8/15/2013",242,257,"False",0.936915887850467,4178,0.588533915133022,4112,0.575742567033292,62194
"731",890,"20130815 104748 805 000000 0693 0263","20130815 104748 805 000000 0693 0263.bmp","20130815_104748_805_000000_0693_0263-Prosome_mask.png","20130815_104748_805_000000_0693_0263.bmp-Lipid_mask.png","MlongFlat","ArcticNet2013","101",1,"8/15/2013",247,119,"False",0.606662395900064,1479,0.140407767376046,1029,0.085107585691116,29393
"732",893,"20130815 104753 003 000000 0449 0736","20130815 104753 003 000000 0449 0736.bmp","20130815_104753_003_000000_0449_0736-Prosome_mask.png","20130815_104753_003_000000_0449_0736.bmp-Lipid_mask.png","ChypVlat","ArcticNet2013","101",1,"8/15/2013",274,132,"False",0.888712522045855,5318,0.821046498115904,5391,0.836640206144127,36168
"733",894,"20130815 104753 054 000000 0383 0148","20130815 104753 054 000000 0383 0148.bmp","20130815_104753_054_000000_0383_0148-Prosome_mask.png","20130815_104753_054_000000_0383_0148.bmp-Lipid_mask.png","ChypIVlat","ArcticNet2013","101",1,"8/15/2013",220,177,"False",0.868965517241379,2543,0.296628605866115,2335,0.263676214302954,38940
"734",895,"20130815 104754 569 000000 0473 0204","20130815 104754 569 000000 0473 0204.bmp","20130815_104754_569_000000_0473_0204-Prosome_mask.png","20130815_104754_569_000000_0473_0204.bmp-Lipid_mask.png","ChypFlat","ArcticNet2013","101",1,"8/15/2013",444,226,"False",0.96284591732149,11591,2.40614559950998,11390,2.34875540653034,100344
"735",896,"20130815 104755 001 000000 0157 0520","20130815 104755 001 000000 0157 0520.bmp","20130815_104755_001_000000_0157_0520-Prosome_mask.png","20130815_104755_001_000000_0157_0520.bmp-Lipid_mask.png","ChypFlat","ArcticNet2013","101",1,"8/15/2013",365,218,"False",0.887743293003682,8863,1.66148524032318,9080,1.7178827727806,79570
"736",898,"20130815 104757 202 000000 0993 0244","20130815 104757 202 000000 0993 0244.bmp","20130815_104757_202_000000_0993_0244-Prosome_mask.png","20130815_104757_202_000000_0993_0244.bmp-Lipid_mask.png","ChypIVdors","ArcticNet2013","101",1,"8/15/2013",177,207,"False",0.867159858475394,3077,0.385878870281541,2728,0.32681371866413,36639
"737",899,"20130815 104757 868 000000 0837 0552","20130815 104757 868 000000 0837 0552.bmp","20130815_104757_868_000000_0837_0552-Prosome_mask.png","20130815_104757_868_000000_0837_0552.bmp-Lipid_mask.png","ChypIVlat","ArcticNet2013","101",1,"8/15/2013",211,143,"False",0.906380607411535,3399,0.442689947970607,3443,0.450617594525512,30173
"738",900,"20130815 104758 651 000000 0891 0512","20130815 104758 651 000000 0891 0512.bmp","20130815_104758_651_000000_0891_0512-Prosome_mask.png","20130815_104758_651_000000_0891_0512.bmp-Lipid_mask.png","CglacVlat","ArcticNet2013","101",1,"8/15/2013",220,256,"False",0.836629213483146,3985,0.551348431078804,4188,0.590478735545555,56320
"739",901,"20130815 104758 712 000000 0052 0228","20130815 104758 712 000000 0052 0228.bmp","20130815_104758_712_000000_0052_0228-Prosome_mask.png","20130815_104758_712_000000_0052_0228.bmp-Lipid_mask.png","ChypFdors","ArcticNet2013","101",1,"8/15/2013",140,468,"False",0.775871766029246,8760,1.63489821657747,10185,2.01289573458248,65520
"740",902,"20130815 104759 884 000000 0343 0264","20130815 104759 884 000000 0343 0264.bmp","20130815_104759_884_000000_0343_0264-Prosome_mask.png","20130815_104759_884_000000_0343_0264.bmp-Lipid_mask.png","ChypFlat","ArcticNet2013","101",1,"8/15/2013",280,355,"False",0.714257175201438,14443,3.25958477856827,11300,2.32318238223726,99400
"741",903,"20130815 104759 912 000001 0308 0716","20130815 104759 912 000001 0308 0716.bmp","20130815_104759_912_000001_0308_0716-Prosome_mask.png","20130815_104759_912_000001_0308_0716.bmp-Lipid_mask.png","ChypIVlat","ArcticNet2013","101",1,"8/15/2013",200,160,"False",0.841869247108803,3865,0.52856860143248,3939,0.542584904745238,32000
"742",904,"20130815 104800 145 000000 0212 0260","20130815 104800 145 000000 0212 0260.bmp","20130815_104800_145_000000_0212_0260-Prosome_mask.png","20130815_104800_145_000000_0212_0260.bmp-Lipid_mask.png","ChypIVlat","ArcticNet2013","101",1,"8/15/2013",128,236,"False",0.785908913974309,2329,0.26274166501776,2259,0.251906545474545,30208
"743",905,"20130815 104800 278 000000 0113 0307","20130815 104800 278 000000 0113 0307.bmp","20130815_104800_278_000000_0113_0307-Prosome_mask.png","20130815_104800_278_000000_0113_0307.bmp-Lipid_mask.png","ChypIVlat","ArcticNet2013","101",1,"8/15/2013",292,158,"False",0.816967509025271,2770,0.333777559498614,2263,0.252522301019844,46136
"744",906,"20130815 104800 600 000000 0425 0128","20130815 104800 600 000000 0425 0128.bmp","20130815_104800_600_000000_0425_0128-Prosome_mask.png","20130815_104800_600_000000_0425_0128.bmp-Lipid_mask.png","ChypVlat","ArcticNet2013","101",1,"8/15/2013",323,132,"False",0.762320328542094,6113,0.99509861037394,7619,1.34851026625684,42636
"745",907,"20130815 104800 834 000001 0401 0531","20130815 104800 834 000001 0401 0531.bmp","20130815_104800_834_000001_0401_0531-Prosome_mask.png","20130815_104800_834_000001_0401_0531.bmp-Lipid_mask.png","ChypIVlat","ArcticNet2013","101",1,"8/15/2013",306,143,"False",0.863282172373081,3868,0.529134861892778,4023,0.55861693616602,43758
"746",908,"20130815 104800 877 000000 0133 0651","20130815 104800 877 000000 0133 0651.bmp","20130815_104800_877_000000_0133_0651-Prosome_mask.png","20130815_104800_877_000000_0133_0651.bmp-Lipid_mask.png","ChypFlat","ArcticNet2013","101",1,"8/15/2013",490,287,"False",0.774907415770933,10914,2.21438384197657,8736,1.62872017703241,140630
"747",909,"20130815 104800 911 000000 0853 0627","20130815 104800 911 000000 0853 0627.bmp","20130815_104800_911_000000_0853_0627-Prosome_mask.png","20130815_104800_911_000000_0853_0627.bmp-Lipid_mask.png","ChypFdors","ArcticNet2013","101",1,"8/15/2013",336,317,"False",0.863539205759928,8395,1.54164230753818,8170,1.4849146486825,106512
"748",911,"20130815 104801 300 000001 0025 0719","20130815 104801 300 000001 0025 0719.bmp","20130815_104801_300_000001_0025_0719-Prosome_mask.png","20130815_104801_300_000001_0025_0719.bmp-Lipid_mask.png","MlongFlat","ArcticNet2013","101",1,"8/15/2013",252,182,"False",0.610897927858787,1047,0.087168881676186,1052,0.087743867815752,45864
"749",914,"20130815 104801 633 000001 0061 0684","20130815 104801 633 000001 0061 0684.bmp","20130815_104801_633_000001_0061_0684-Prosome_mask.png","20130815_104801_633_000001_0061_0684.bmp-Lipid_mask.png","ChypVdors","ArcticNet2013","101",1,"8/15/2013",274,196,"False",0.894102885821832,3678,0.493604640477457,3870,0.529512461602523,53704
"750",915,"20130815 104801 744 000000 0232 0604","20130815 104801 744 000000 0232 0604.bmp","20130815_104801_744_000000_0232_0604-Prosome_mask.png","20130815_104801_744_000000_0232_0604.bmp-Lipid_mask.png","ChypFlat","ArcticNet2013","101",1,"8/15/2013",232,396,"False",0.756463975472662,9437,1.81178187858659,7750,1.38061123437692,91872
"751",916,"20130815 104801 778 000000 0952 0580","20130815 104801 778 000000 0952 0580.bmp","20130815_104801_778_000000_0952_0580-Prosome_mask.png","20130815_104801_778_000000_0952_0580.bmp-Lipid_mask.png","ChypFdors","ArcticNet2013","101",1,"8/15/2013",256,272,"False",0.836872586872587,8590,1.59127639191194,8537,1.57774329035095,69632
"752",918,"20130815 104804 649 000000 0843 0216","20130815 104804 649 000000 0843 0216.bmp","20130815_104804_649_000000_0843_0216-Prosome_mask.png","20130815_104804_649_000000_0843_0216.bmp-Lipid_mask.png","CglacFlat","ArcticNet2013","101",1,"8/15/2013",250,231,"False",0.924887652471646,4456,0.643249422469642,4539,0.659842228094151,57750
"753",919,"20130815 104804 732 000000 0021 0595","20130815 104804 732 000000 0021 0595.bmp","20130815_104804_732_000000_0021_0595-Prosome_mask.png","20130815_104804_732_000000_0021_0595.bmp-Lipid_mask.png","MlongFlat","ArcticNet2013","101",1,"8/15/2013",128,222,"False",0.479921000658328,781,0.058169252146149,1467,0.138838083681827,28416
"754",920,"20130815 104806 543 000002 0312 0692","20130815 104806 543 000002 0312 0692.bmp","20130815_104806_543_000002_0312_0692-Prosome_mask.png","20130815_104806_543_000002_0312_0692.bmp-Lipid_mask.png","ChypIVdors","ArcticNet2013","101",1,"8/15/2013",168,192,"False",0.845312863456618,3984,0.551157508981921,3949,0.544486727927593,32256
"755",921,"20130815 104806 965 000001 0433 0771","20130815 104806 965 000001 0433 0771.bmp","20130815_104806_965_000001_0433_0771-Prosome_mask.png","20130815_104806_965_000001_0433_0771.bmp-Lipid_mask.png","ChypFlat","ArcticNet2013","101",1,"8/15/2013",385,208,"False",0.886939571150097,7549,1.33144263780621,7939,1.4272888078091,80080
"756",922,"20130815 104809 497 000002 0025 0427","20130815 104809 497 000002 0025 0427.bmp","20130815_104809_497_000002_0025_0427-Prosome_mask.png","20130815_104809_497_000002_0025_0427.bmp-Lipid_mask.png","MlongFlat","ArcticNet2013","101",1,"8/15/2013",158,212,"False",0.637032085561497,1013,0.083286783121443,1436,0.134805676640914,33496
"757",924,"20130815 104809 697 000000 0173 0699","20130815 104809 697 000000 0173 0699.bmp","20130815_104809_697_000000_0173_0699-Prosome_mask.png","20130815_104809_697_000000_0173_0699.bmp-Lipid_mask.png","ChypIVlat","ArcticNet2013","101",1,"8/15/2013",228,193,"False",0.835962783171521,4853,0.723651148294034,4224,0.597494688212099,44004
"758",925,"20130815 104809 763 000000 0777 0739","20130815 104809 763 000000 0777 0739.bmp","20130815_104809_763_000000_0777_0739-Prosome_mask.png","20130815_104809_763_000000_0777_0739.bmp-Lipid_mask.png","MlongFlat","ArcticNet2013","101",1,"8/15/2013",217,149,"False",0.776470588235294,1275,0.114403446608601,1141,0.098149760200109,32333
"759",926,"20130815 104809 808 000000 1020 0420","20130815 104809 808 000000 1020 0420.bmp","20130815_104809_808_000000_1020_0420-Prosome_mask.png","20130815_104809_808_000000_1020_0420.bmp-Lipid_mask.png","ChypIVlat","ArcticNet2013","101",1,"8/15/2013",148,224,"False",0.845650140318054,2816,0.341450781630545,3103,0.390385702686163,33152
"760",928,"20130815 104810 763 000000 0997 0136","20130815 104810 763 000000 0997 0136.bmp","20130815_104810_763_000000_0997_0136-Prosome_mask.png","20130815_104810_763_000000_0997_0136.bmp-Lipid_mask.png","ChypIVlat","ArcticNet2013","101",1,"8/15/2013",192,154,"False",0.870798643231576,3068,0.384322175277489,2999,0.372445367035028,29568
"761",929,"20130815 104811 441 000000 0672 0196","20130815 104811 441 000000 0672 0196.bmp","20130815_104811_441_000000_0672_0196-Prosome_mask.png","20130815_104811_441_000000_0672_0196.bmp-Lipid_mask.png","ChypFlat","ArcticNet2013","101",1,"8/15/2013",188,452,"False",0.911363841501941,10429,2.07974426155136,10747,2.16776129126528,84976
"762",930,"20130815 104812 796 000000 0413 0431","20130815 104812 796 000000 0413 0431.bmp","20130815_104812_796_000000_0413_0431-Prosome_mask.png","20130815_104812_796_000000_0413_0431.bmp-Lipid_mask.png","ChypFlat","ArcticNet2013","101",1,"8/15/2013",247,499,"False",0.934730190404922,11796,2.465068702345,11473,2.37240758958068,123253
"763",931,"20130815 104813 295 000001 0209 0643","20130815 104813 295 000001 0209 0643.bmp","20130815_104813_295_000001_0209_0643-Prosome_mask.png","20130815_104813_295_000001_0209_0643.bmp-Lipid_mask.png","ChypFlat","ArcticNet2013","101",1,"8/15/2013",475,203,"False",0.920413252582829,13493,2.96745957699746,13460,2.9574488098842,96425
"764",932,"20130815 104814 495 000000 0857 0260","20130815 104814 495 000000 0857 0260.bmp","20130815_104814_495_000000_0857_0260-Prosome_mask.png","20130815_104814_495_000000_0857_0260.bmp-Lipid_mask.png","CglacVlat","ArcticNet2013","101",1,"8/15/2013",211,139,"False",0.861547085201794,3444,0.450798217991951,3198,0.406974621147455,29329
"765",934,"20130815 104815 672 000000 0180 0432","20130815 104815 672 000000 0180 0432.bmp","20130815_104815_672_000000_0180_0432-Prosome_mask.png","20130815_104815_672_000000_0180_0432.bmp-Lipid_mask.png","ChypIVlat","ArcticNet2013","101",1,"8/15/2013",192,192,"False",0.888833869769745,4000,0.554214445756902,3629,0.484552757817012,36864
"766",935,"20130815 104816 999 000000 0025 0243","20130815 104816 999 000000 0025 0243.bmp","20130815_104816_999_000000_0025_0243-Prosome_mask.png","20130815_104816_999_000000_0025_0243.bmp-Lipid_mask.png","ChypIVlat","ArcticNet2013","101",1,"8/15/2013",272,212,"False",0.920408163265306,4317,0.615724281631053,4152,0.583485663156482,57664
"767",936,"20130815 104817 993 000000 0313 0763","20130815 104817 993 000000 0313 0763.bmp","20130815_104817_993_000000_0313_0763-Prosome_mask.png","20130815_104817_993_000000_0313_0763.bmp-Lipid_mask.png","MlongFlat","ArcticNet2013","101",1,"8/15/2013",238,133,"False",0.598726114649682,919,0.072813257239562,1089,0.092030870010496,31654
"768",937,"20130815 104818 304 000000 0120 0248","20130815 104818 304 000000 0120 0248.bmp","20130815_104818_304_000000_0120_0248-Prosome_mask.png","20130815_104818_304_000000_0120_0248.bmp-Lipid_mask.png","ChypIVlat","ArcticNet2013","101",1,"8/15/2013",212,188,"False",0.922599016308568,3732,0.503633383771631,3695,0.496755843477187,39856
"769",938,"20130815 104818 560 000000 0769 0531","20130815 104818 560 000000 0769 0531.bmp","20130815_104818_560_000000_0769_0531-Prosome_mask.png","20130815_104818_560_000000_0769_0531.bmp-Lipid_mask.png","MlongFlat","ArcticNet2013","101",1,"8/15/2013",262,182,"False",0.692383778437191,801,0.060234862841885,910,0.071831043406572,47684
"770",939,"20130815 104820 293 000002 0025 0735","20130815 104820 293 000002 0025 0735.bmp","20130815_104820_293_000002_0025_0735-Prosome_mask.png","20130815_104820_293_000002_0025_0735.bmp-Lipid_mask.png","ChypIVlat","ArcticNet2013","101",1,"8/15/2013",266,247,"False",0.927370216914453,3905,0.536132440293867,4003,0.554788139435298,65702
"771",940,"20130815 104820 392 000000 0957 0179","20130815 104820 392 000000 0957 0179.bmp","20130815_104820_392_000000_0957_0179-Prosome_mask.png","20130815_104820_392_000000_0957_0179.bmp-Lipid_mask.png","ChypIVlat","ArcticNet2013","101",1,"8/15/2013",252,262,"False",0.795821934842079,3325,0.429444979657343,3896,0.534427997875357,66024
"772",942,"20130815 104821 559 000000 1009 0624","20130815 104821 559 000000 1009 0624.bmp","20130815_104821_559_000000_1009_0624-Prosome_mask.png","20130815_104821_559_000000_1009_0624.bmp-Lipid_mask.png","ChypIVlat","ArcticNet2013","101",1,"8/15/2013",226,143,"False",0.837269660005191,3662,0.490643853608439,3417,0.445928391801605,32318
"773",943,"20130815 104823 525 000000 0845 0187","20130815 104823 525 000000 0845 0187.bmp","20130815_104823_525_000000_0845_0187-Prosome_mask.png","20130815_104823_525_000000_0845_0187.bmp-Lipid_mask.png","CglacVlat","ArcticNet2013","101",1,"8/15/2013",322,257,"False",0.815341478069297,4838,0.720566298479105,4226,0.597885131791684,82754
"774",944,"20130815 104823 836 000001 1064 0644","20130815 104823 836 000001 1064 0644.bmp","20130815_104823_836_000001_1064_0644-Prosome_mask.png","20130815_104823_836_000001_1064_0644.bmp-Lipid_mask.png","ChypIVlat","ArcticNet2013","101",1,"8/15/2013",220,192,"False",0.921036585365854,3191,0.405745809671386,3110,0.391601539458798,42240
"775",945,"20130815 104824 757 000001 0537 0847","20130815 104824 757 000001 0537 0847.bmp","20130815_104824_757_000001_0537_0847-Prosome_mask.png","20130815_104824_757_000001_0537_0847.bmp-Lipid_mask.png","ChypFlat","ArcticNet2013","101",1,"8/15/2013",553,188,"False",0.904037399065023,11173,2.28722756234177,11228,2.3027795872306,103964
"776",946,"20130815 104825 624 000000 0581 0556","20130815 104825 624 000000 0581 0556.bmp","20130815_104825_624_000000_0581_0556-Prosome_mask.png","20130815_104825_624_000000_0581_0556.bmp-Lipid_mask.png","ChypFdors","ArcticNet2013","101",1,"8/15/2013",320,124,"False",0.542101431691337,4511,0.654231657000873,8199,1.49219326962175,39680
"777",947,"20130815 104826 657 000000 0453 0367","20130815 104826 657 000000 0453 0367.bmp","20130815_104826_657_000000_0453_0367-Prosome_mask.png","20130815_104826_657_000000_0453_0367.bmp-Lipid_mask.png","ChypVlat","ArcticNet2013","101",1,"8/15/2013",440,401,"False",0.924830095421158,14193,3.18198005702701,13846,3.07512394645997,176440
"778",948,"20130815 104826 856 000000 0265 0364","20130815 104826 856 000000 0265 0364.bmp","20130815_104826_856_000000_0265_0364-Prosome_mask.png","20130815_104826_856_000000_0265_0364.bmp-Lipid_mask.png","ChypFlat","ArcticNet2013","101",1,"8/15/2013",342,286,"False",0.881270559210526,8696,1.61843777487379,9605,1.85644216141008,97812
"779",949,"20130815 104827 001 000000 0124 0276","20130815 104827 001 000000 0124 0276.bmp","20130815_104827_001_000000_0124_0276-Prosome_mask.png","20130815_104827_001_000000_0124_0276.bmp-Lipid_mask.png","CglacFlat","ArcticNet2013","101",1,"8/15/2013",140,212,"False",0.84664103144085,3845,0.524797803275089,4319,0.616117969050797,29680
"780",951,"20130815 104827 723 000000 0065 0415","20130815 104827 723 000000 0065 0415.bmp","20130815_104827_723_000000_0065_0415-Prosome_mask.png","20130815_104827_723_000000_0065_0415.bmp-Lipid_mask.png","MlongFlat","ArcticNet2013","101",1,"8/15/2013",124,242,"False",0.722612359550562,1283,0.115395225286145,1170,0.101608851566236,30008
"781",952,"20130815 104827 999 000002 0401 0503","20130815 104827 999 000002 0401 0503.bmp","20130815_104827_999_000002_0401_0503-Prosome_mask.png","20130815_104827_999_000002_0401_0503.bmp-Lipid_mask.png","ChypIVdors","ArcticNet2013","101",1,"8/15/2013",222,182,"False",0.888771466314399,3606,0.480319867172301,3543,0.468778023716467,40404
"782",953,"20130815 104828 189 000002 0973 0296","20130815 104828 189 000002 0973 0296.bmp","20130815_104828_189_000002_0973_0296-Prosome_mask.png","20130815_104828_189_000002_0973_0296.bmp-Lipid_mask.png","ChypIVlat","ArcticNet2013","101",1,"8/15/2013",177,150,"False",0.799660921164171,2920,0.358974325843183,3449,0.451701634210204,26550
"783",954,"20130815 104829 667 000000 0756 0088","20130815 104829 667 000000 0756 0088.bmp","20130815_104829_667_000000_0756_0088-Prosome_mask.png","20130815_104829_667_000000_0756_0088.bmp-Lipid_mask.png","ChypIVlat","ArcticNet2013","101",1,"8/15/2013",140,240,"False",0.880842321520288,3540,0.468230344140985,3784,0.51334295924965,33600
"784",955,"20130815 104829 706 000002 0967 0684","20130815 104829 706 000002 0967 0684.bmp","20130815_104829_706_000002_0967_0684-Prosome_mask.png","20130815_104829_706_000002_0967_0684.bmp-Lipid_mask.png","CglacVdors","ArcticNet2013","101",1,"8/15/2013",204,308,"False",0.840208629682314,3712,0.499912560586521,4050,0.563797292058492,62832
"785",956,"20130815 104831 133 000000 0292 0776","20130815 104831 133 000000 0292 0776.bmp","20130815_104831_133_000000_0292_0776-Prosome_mask.png","20130815_104831_133_000000_0292_0776.bmp-Lipid_mask.png","ChypIVlat","ArcticNet2013","101",1,"8/15/2013",124,264,"False",0.81767955801105,3062,0.383285341932164,3518,0.46421942150466,32736
"786",958,"20130815 104832 071 000000 0143 0376","20130815 104832 071 000000 0143 0376.bmp","20130815_104832_071_000000_0143_0376-Prosome_mask.png","20130815_104832_071_000000_0143_0376.bmp-Lipid_mask.png","CglacVlat","ArcticNet2013","101",1,"8/15/2013",136,287,"False",0.447930574098798,1425,0.133382719037352,2913,0.357787301274033,39032
"787",960,"20130815 104833 820 000000 0897 0263","20130815 104833 820 000000 0897 0263.bmp","20130815_104833_820_000000_0897_0263-Prosome_mask.png","20130815_104833_820_000000_0897_0263.bmp-Lipid_mask.png","ChypIVdors","ArcticNet2013","101",1,"8/15/2013",168,272,"False",0.87037037037037,3532,0.466770727646302,3740,0.505123838252702,45696
"788",961,"20130815 104834 465 000000 0564 0108","20130815 104834 465 000000 0564 0108.bmp","20130815_104834_465_000000_0564_0108-Prosome_mask.png","20130815_104834_465_000000_0564_0108.bmp-Lipid_mask.png","ChypFlat","ArcticNet2013","101",1,"8/15/2013",168,480,"False",0.928963090269253,12070,2.54443339127967,11500,2.38011572281886,80640
"789",962,"20130815 104836 486 000000 0973 0715","20130815 104836 486 000000 0973 0715.bmp","20130815_104836_486_000000_0973_0715-Prosome_mask.png","20130815_104836_486_000000_0973_0715.bmp-Lipid_mask.png","CglacVlat","ArcticNet2013","101",1,"8/15/2013",272,228,"False",0.858455425875341,3619,0.482711114084634,3865,0.52856860143248,62016
"790",964,"20130815 104837 397 000000 0244 0180","20130815 104837 397 000000 0244 0180.bmp","20130815_104837_397_000000_0244_0180-Prosome_mask.png","20130815_104837_397_000000_0244_0180.bmp-Lipid_mask.png","MlongFdors","ArcticNet2013","101",1,"8/15/2013",144,192,"False",0.742315238718116,1412,0.131706416959082,1252,0.111565271696376,27648
"791",965,"20130815 104837 836 000000 1071 0148","20130815 104837 836 000000 1071 0148.bmp","20130815_104837_836_000000_1071_0148-Prosome_mask.png","20130815_104837_836_000000_1071_0148.bmp-Lipid_mask.png","ChypVlat","ArcticNet2013","101",1,"8/15/2013",310,319,"False",0.773001158748552,7213,1.25035990839176,8088,1.46438688376781,98890
"792",968,"20130815 104840 701 000002 0187 0372","20130815 104840 701 000002 0187 0372.bmp","20130815_104840_701_000002_0187_0372-Prosome_mask.png","20130815_104840_701_000002_0187_0372.bmp-Lipid_mask.png","CglacVlat","ArcticNet2013","101",1,"8/15/2013",199,214,"False",0.854258985721319,1821,0.18709525734749,1945,0.204901014835209,42586
"793",970,"20130815 104841 517 000001 0025 0623","20130815 104841 517 000001 0025 0623.bmp","20130815_104841_517_000001_0025_0623-Prosome_mask.png","20130815_104841_517_000001_0025_0623.bmp-Lipid_mask.png","ChypFlat","ArcticNet2013","101",1,"8/15/2013",430,173,"False",0.890353920888272,9471,1.8207960731791,9597,1.85430870201062,74390
"794",971,"20130815 104842 228 000000 0244 0484","20130815 104842 228 000000 0244 0484.bmp","20130815_104842_228_000000_0244_0484-Prosome_mask.png","20130815_104842_228_000000_0244_0484.bmp-Lipid_mask.png","ChypVlat","ArcticNet2013","101",1,"8/15/2013",196,348,"False",0.948483496877788,8596,1.59281044509719,8878,1.66536697336992,68208
"795",972,"20130815 104843 217 000001 0025 0803","20130815 104843 217 000001 0025 0803.bmp","20130815_104843_217_000001_0025_0803-Prosome_mask.png","20130815_104843_217_000001_0025_0803.bmp-Lipid_mask.png","ChypVlat","ArcticNet2013","101",1,"8/15/2013",371,138,"False",0.910543130990415,6344,1.04736060408934,6214,1.01785842817267,51198
"796",973,"20130815 104843 867 000000 1072 0580","20130815 104843 867 000000 1072 0580.bmp","20130815_104843_867_000000_1072_0580-Prosome_mask.png","20130815_104843_867_000000_1072_0580.bmp-Lipid_mask.png","CglacVdors","ArcticNet2013","101",1,"8/15/2013",157,231,"False",0.529311809685642,2026,0.216769153762097,3374,0.438202914318622,36267
"797",974,"20130815 104850 614 000000 0025 0407","20130815 104850 614 000000 0025 0407.bmp","20130815_104850_614_000000_0025_0407-Prosome_mask.png","20130815_104850_614_000000_0025_0407.bmp-Lipid_mask.png","ChypIVlat","ArcticNet2013","101",1,"8/15/2013",143,257,"False",0.871117458050696,2627,0.310234401144106,2614,0.308117778832898,36751
"798",975,"20130815 104854 246 000000 0141 0147","20130815 104854 246 000000 0141 0147.bmp","20130815_104854_246_000000_0141_0147-Prosome_mask.png","20130815_104854_246_000000_0141_0147.bmp-Lipid_mask.png","ChypIVlat","ArcticNet2013","101",1,"8/15/2013",272,133,"False",0.809327179985426,3997,0.55364091555792,3452,0.452243922921017,36176
"799",976,"20130815 104854 545 000000 0841 0360","20130815 104854 545 000000 0841 0360.bmp","20130815_104854_545_000000_0841_0360-Prosome_mask.png","20130815_104854_545_000000_0841_0360.bmp-Lipid_mask.png","CglacVlat","ArcticNet2013","101",1,"8/15/2013",184,196,"False",0.816671133744304,3375,0.438382153818699,3403,0.443409040282461,36064
"800",977,"20130815 104854 845 000000 0025 0275","20130815 104854 845 000000 0025 0275.bmp","20130815_104854_845_000000_0025_0275-Prosome_mask.png","20130815_104854_845_000000_0025_0275.bmp-Lipid_mask.png","ChypFdors","ArcticNet2013","101",1,"8/15/2013",578,173,"False",0.731769758031216,9328,1.78296671295449,11642,2.42076780378077,99994
"801",978,"20130815 104855 056 000000 0472 0812","20130815 104855 056 000000 0472 0812.bmp","20130815_104855_056_000000_0472_0812-Prosome_mask.png","20130815_104855_056_000000_0472_0812.bmp-Lipid_mask.png","ChypVlat","ArcticNet2013","101",1,"8/15/2013",140,292,"False",0.938309093814927,6060,0.983212236557969,6068,0.985003884242945,40880
"802",980,"20130815 104856 622 000000 0496 0280","20130815 104856 622 000000 0496 0280.bmp","20130815_104856_622_000000_0496_0280-Prosome_mask.png","20130815_104856_622_000000_0496_0280.bmp-Lipid_mask.png","ChypFlat","ArcticNet2013","101",1,"8/15/2013",240,472,"False",0.915536236228734,13084,2.84404846256262,12475,2.66299909285726,113280
"803",981,"20130815 104856 778 000000 0293 0112","20130815 104856 778 000000 0293 0112.bmp","20130815_104856_778_000000_0293_0112-Prosome_mask.png","20130815_104856_778_000000_0293_0112.bmp-Lipid_mask.png","ChypFlat","ArcticNet2013","101",1,"8/15/2013",256,248,"False",0.835306019221042,8412,1.54595211552437,9730,1.88986496131276,63488
"804",982,"20130815 104857 022 000000 0180 0596","20130815 104857 022 000000 0180 0596.bmp","20130815_104857_022_000000_0180_0596-Prosome_mask.png","20130815_104857_022_000000_0180_0596.bmp-Lipid_mask.png","ChypFlat","ArcticNet2013","101",1,"8/15/2013",232,388,"False",0.882498453927025,8912,1.67417479389719,9352,1.7893004082531,90016
"805",983,"20130815 104859 255 000000 1016 0320","20130815 104859 255 000000 1016 0320.bmp","20130815_104859_255_000000_1016_0320-Prosome_mask.png","20130815_104859_255_000000_1016_0320.bmp-Lipid_mask.png","ChypIVdors","ArcticNet2013","101",1,"8/15/2013",220,188,"False",0.795454545454545,2595,0.305031445910803,2935,0.361521590738696,41360
"806",984,"20130815 104859 921 000000 0860 0628","20130815 104859 921 000000 0860 0628.bmp","20130815_104859_921_000000_0860_0628-Prosome_mask.png","20130815_104859_921_000000_0860_0628.bmp-Lipid_mask.png","ChypIVlat","ArcticNet2013","101",1,"8/15/2013",152,224,"False",0.895383774924884,3338,0.431763765061804,3601,0.47940102809689,34048
"807",986,"20130815 104900 487 000000 0909 0743","20130815 104900 487 000000 0909 0743.bmp","20130815_104900_487_000000_0909_0743-Prosome_mask.png","20130815_104900_487_000000_0909_0743.bmp-Lipid_mask.png","ChypVlat","ArcticNet2013","101",1,"8/15/2013",272,346,"False",0.812310636262159,5273,0.81147431505936,6092,0.990384211290062,94112
"808",988,"20130815 104900 543 000000 0793 0064","20130815 104900 543 000000 0793 0064.bmp","20130815_104900_543_000000_0793_0064-Prosome_mask.png","20130815_104900_543_000000_0793_0064.bmp-Lipid_mask.png","CglacFlat","ArcticNet2013","101",1,"8/15/2013",165,222,"False",0.91637347767253,3621,0.483079288317964,3460,0.453690901570228,36630
"809",990,"20130815 104900 819 000000 0829 0471","20130815 104900 819 000000 0829 0471.bmp","20130815_104900_819_000000_0829_0471-Prosome_mask.png","20130815_104900_819_000000_0829_0471.bmp-Lipid_mask.png","ChypIVlat","ArcticNet2013","101",1,"8/15/2013",306,163,"False",0.880170575692964,4646,0.68140349550972,4172,0.587367871387292,49878
"810",991,"20130815 104900 819 000001 0025 0807","20130815 104900 819 000001 0025 0807.bmp","20130815_104900_819_000001_0025_0807-Prosome_mask.png","20130815_104900_819_000001_0025_0807.bmp-Lipid_mask.png","ChypVdors","ArcticNet2013","101",1,"8/15/2013",361,257,"False",0.881047120418848,4330,0.618284487741598,4652,0.682618175873374,92777
"811",992,"20130815 104902 653 000000 0448 0204","20130815 104902 653 000000 0448 0204.bmp","20130815_104902_653_000000_0448_0204-Prosome_mask.png","20130815_104902_653_000000_0448_0204.bmp-Lipid_mask.png","ChypVlat","ArcticNet2013","101",1,"8/15/2013",140,344,"False",0.853591879229568,6849,1.16412748476114,7394,1.29386417873865,48160
"812",993,"20130815 104902 676 000002 0213 0739","20130815 104902 676 000002 0213 0739.bmp","20130815_104902_676_000002_0213_0739-Prosome_mask.png","20130815_104902_676_000002_0213_0739.bmp-Lipid_mask.png","ChypIVdors","ArcticNet2013","101",1,"8/15/2013",238,208,"False",0.88232579603138,4104,0.574197370674521,4054,0.564565871056881,49504
"813",994,"20130815 104903 386 000000 0604 0448","20130815 104903 386 000000 0604 0448.bmp","20130815_104903_386_000000_0604_0448-Prosome_mask.png","20130815_104903_386_000000_0604_0448.bmp-Lipid_mask.png","CglacVlat","ArcticNet2013","101",1,"8/15/2013",240,120,"False",0.834655746096749,3754,0.507735048969632,3414,0.44538819995922,28800
"814",995,"20130815 104903 686 000000 0928 0424","20130815 104903 686 000000 0928 0424.bmp","20130815_104903_686_000000_0928_0424-Prosome_mask.png","20130815_104903_686_000000_0928_0424.bmp-Lipid_mask.png","ChypIVlat","ArcticNet2013","101",1,"8/15/2013",132,248,"False",0.835232668566002,3818,0.519719041435274,3912,0.537459150317944,32736
"815",996,"20130815 104903 686 000001 0084 0760","20130815 104903 686 000001 0084 0760.bmp","20130815_104903_686_000001_0084_0760-Prosome_mask.png","20130815_104903_686_000001_0084_0760.bmp-Lipid_mask.png","ChypVdors","ArcticNet2013","101",1,"8/15/2013",208,292,"False",0.885670397191134,4342,0.620650349025452,4251,0.602771594981853,60736
"816",997,"20130815 104905 941 000000 0921 0467","20130815 104905 941 000000 0921 0467.bmp","20130815_104905_941_000000_0921_0467-Prosome_mask.png","20130815_104905_941_000000_0921_0467.bmp-Lipid_mask.png","ChypIVlat","ArcticNet2013","101",1,"8/15/2013",277,182,"False",0.864110515928954,3222,0.411195443323853,3390,0.441073166108537,50414
"817",999,"20130815 104908 999 000000 0153 0275","20130815 104908 999 000000 0153 0275.bmp","20130815_104908_999_000000_0153_0275-Prosome_mask.png","20130815_104908_999_000000_0153_0275.bmp-Lipid_mask.png","CglacFlat","ArcticNet2013","101",1,"8/15/2013",222,133,"False",0.880147835269271,3473,0.456044953776476,3649,0.48824183029694,29526
"818",1000,"20130815 104910 372 000000 0881 0455","20130815 104910 372 000000 0881 0455.bmp","20130815_104910_372_000000_0881_0455-Prosome_mask.png","20130815_104910_372_000000_0881_0455.bmp-Lipid_mask.png","ChypIVlat","ArcticNet2013","101",1,"8/15/2013",262,143,"False",0.799907897766521,3988,0.551921306598562,3829,0.521786524713932,37466
"819",1001,"20130815 104910 650 000000 0304 0076","20130815 104910 650 000000 0304 0076.bmp","20130815_104910_650_000000_0304_0076-Prosome_mask.png","20130815_104910_650_000000_0304_0076.bmp-Lipid_mask.png","ChypIVlat","ArcticNet2013","101",1,"8/15/2013",112,240,"False",0.867913669064748,3140,0.39682403418413,3351,0.434085984649522,26880
"820",1003,"20130815 104911 972 000000 0069 0207","20130815 104911 972 000000 0069 0207.bmp","20130815_104911_972_000000_0069_0207-Prosome_mask.png","20130815_104911_972_000000_0069_0207.bmp-Lipid_mask.png","MlongFlat","ArcticNet2013","101",1,"8/15/2013",143,262,"False",0.793478260869565,1493,0.14224518951485,1477,0.140145816163695,37466
"821",1004,"20130815 104912 816 000000 1020 0212","20130815 104912 816 000000 1020 0212.bmp","20130815_104912_816_000000_1020_0212-Prosome_mask.png","20130815_104912_816_000000_1020_0212.bmp-Lipid_mask.png","ChypIVlat","ArcticNet2013","101",1,"8/15/2013",164,204,"False",0.866666666666667,3280,0.421445050591974,3440,0.4500758437452,33456
"822",1005,"20130815 104914 437 000000 0021 0295","20130815 104914 437 000000 0021 0295.bmp","20130815_104914_437_000000_0021_0295-Prosome_mask.png","20130815_104914_437_000000_0021_0295.bmp-Lipid_mask.png","ChypIVlat","ArcticNet2013","101",1,"8/15/2013",233,262,"False",0.929171668667467,4084,0.570339388537642,3951,0.544867312369761,61046
"823",1006,"20130815 104914 504 000000 0093 0139","20130815 104914 504 000000 0093 0139.bmp","20130815_104914_504_000000_0093_0139-Prosome_mask.png","20130815_104914_504_000000_0093_0139.bmp-Lipid_mask.png","ChypIVlat","ArcticNet2013","101",1,"8/15/2013",247,154,"False",0.86395123302854,3529,0.466223695115494,3198,0.406974621147455,38038
"824",1007,"20130815 104915 254 000000 1072 0724","20130815 104915 254 000000 1072 0724.bmp","20130815_104915_254_000000_1072_0724-Prosome_mask.png","20130815_104915_254_000000_1072_0724.bmp-Lipid_mask.png","ChypIVlat","ArcticNet2013","101",1,"8/15/2013",170,251,"False",0.876660341555977,2532,0.294859389108058,2413,0.275907914043187,42670
"825",1008,"20130815 104916 548 000000 0880 0336","20130815 104916 548 000000 0880 0336.bmp","20130815_104916_548_000000_0880_0336-Prosome_mask.png","20130815_104916_548_000000_0880_0336.bmp-Lipid_mask.png","CglacVlat","ArcticNet2013","101",1,"8/15/2013",148,224,"False",0.839952996474736,4015,0.557084547424965,3814,0.518967790015618,33152
"826",1009,"20130815 104917 603 000000 0109 0107","20130815 104917 603 000000 0109 0107.bmp","20130815_104917_603_000000_0109_0107-Prosome_mask.png","20130815_104917_603_000000_0109_0107.bmp-Lipid_mask.png","ChypFlat","ArcticNet2013","101",1,"8/15/2013",539,247,"False",0.904370402423193,10770,2.17416612133479,11235,2.30476101628847,133133
"827",1010,"20130815 104919 969 000001 0965 0691","20130815 104919 969 000001 0965 0691.bmp","20130815_104919_969_000001_0965_0691-Prosome_mask.png","20130815_104919_969_000001_0965_0691.bmp-Lipid_mask.png","ChypIVlat","ArcticNet2013","101",1,"8/15/2013",238,272,"False",0.819221344949633,3194,0.406272317866261,3488,0.458765331076907,64736
"828",1012,"20130815 104923 267 000000 0549 0367","20130815 104923 267 000000 0549 0367.bmp","20130815_104923_267_000000_0549_0367-Prosome_mask.png","20130815_104923_267_000000_0549_0367.bmp-Lipid_mask.png","CglacFlat","ArcticNet2013","101",1,"8/15/2013",238,158,"False",0.899589228662711,4103,0.574004301550532,4221,0.59690915455657,37604
"829",1013,"20130815 104923 367 000000 0837 0323","20130815 104923 367 000000 0837 0323.bmp","20130815_104923_367_000000_0837_0323-Prosome_mask.png","20130815_104923_367_000000_0837_0323.bmp-Lipid_mask.png","CglacFdorsS","ArcticNet2013","101",1,"8/15/2013",203,252,"False",0.872394188250158,4683,0.688903500162285,4209,0.594568601817232,51156
"830",1014,"20130815 104923 517 000000 0075 0436","20130815 104923 517 000000 0075 0436.bmp","20130815_104923_517_000000_0075_0436-Prosome_mask.png","20130815_104923_517_000000_0075_0436.bmp-Lipid_mask.png","ChypFdorsEXT","ArcticNet2013","101",1,"8/15/2013",420,492,"False",0.82823613086771,14035,3.13320051308384,11670,2.42880604382776,206640
"831",1015,"20130815 104923 612 000000 1032 0700","20130815 104923 612 000000 1032 0700.bmp","20130815_104923_612_000000_1032_0700-Prosome_mask.png","20130815_104923_612_000000_1032_0700.bmp-Lipid_mask.png","ChypIVlat","ArcticNet2013","101",1,"8/15/2013",152,240,"False",0.807394002068252,3220,0.410843250413454,3771,0.510910782449589,36480
"832",1018,"20130815 104927 266 000000 0193 0823","20130815 104927 266 000000 0193 0823.bmp","20130815_104927_266_000000_0193_0823-Prosome_mask.png","20130815_104927_266_000000_0193_0823.bmp-Lipid_mask.png","ChypIVlat","ArcticNet2013","101",1,"8/15/2013",326,154,"False",0.818539976825029,4020,0.558042154561927,3827,0.521410450576972,50204
"833",1019,"20130815 104927 366 000000 0725 0131","20130815 104927 366 000000 0725 0131.bmp","20130815_104927_366_000000_0725_0131-Prosome_mask.png","20130815_104927_366_000000_0725_0131.bmp-Lipid_mask.png","ChypVlat","ArcticNet2013","101",1,"8/15/2013",436,208,"False",0.897576457010964,6748,1.14050358715892,6406,1.06151228077874,90688
"834",1020,"20130815 104927 416 000000 0331 0260","20130815 104927 416 000000 0331 0260.bmp","20130815_104927_416_000000_0331_0260-Prosome_mask.png","20130815_104927_416_000000_0331_0260.bmp-Lipid_mask.png","ChypIVlat","ArcticNet2013","101",1,"8/15/2013",153,235,"False",0.861951983298539,3578,0.475180617499595,3557,0.471336190664679,35955
"835",1021,"20130815 104927 677 000000 0604 0632","20130815 104927 677 000000 0604 0632.bmp","20130815_104927_677_000000_0604_0632-Prosome_mask.png","20130815_104927_677_000000_0604_0632.bmp-Lipid_mask.png","ChypFdors","ArcticNet2013","101",1,"8/15/2013",132,340,"False",0.627344090710859,5847,0.935842411381523,9079,1.71762169033361,44880
"836",1023,"20130815 104928 909 000000 0288 0440","20130815 104928 909 000000 0288 0440.bmp","20130815_104928_909_000000_0288_0440-Prosome_mask.png","20130815_104928_909_000000_0288_0440.bmp-Lipid_mask.png","ChypFlat","ArcticNet2013","101",1,"8/15/2013",304,364,"False",0.902556818181818,9709,1.88423846412727,10382,2.06682100894899,110656
"837",1024,"20130815 104930 242 000002 0996 0372","20130815 104930 242 000002 0996 0372.bmp","20130815_104930_242_000002_0996_0372-Prosome_mask.png","20130815_104930_242_000002_0996_0372.bmp-Lipid_mask.png","ChypIVlat","ArcticNet2013","101",1,"8/15/2013",160,188,"False",0.91377057747583,3641,0.486765276860021,3683,0.494530891560558,30080
"838",1027,"20130815 104933 730 000000 1021 0016","20130815 104933 730 000000 1021 0016.bmp","20130815_104933_730_000000_1021_0016-Prosome_mask.png","20130815_104933_730_000000_1021_0016.bmp-Lipid_mask.png","ChypVlat","ArcticNet2013","101",1,"8/15/2013",229,274,"False",0.876548545087871,6523,1.08835965907239,6504,1.08398728627899,62746
"839",1028,"20130815 104934 213 000001 1072 0568","20130815 104934 213 000001 1072 0568.bmp","20130815_104934_213_000001_1072_0568-Prosome_mask.png","20130815_104934_213_000001_1072_0568.bmp-Lipid_mask.png","ChypIVdors","ArcticNet2013","101",1,"8/15/2013",212,194,"False",0.884635416666667,3654,0.489165301234164,3583,0.476097223579577,41128
"840",1029,"20130815 104935 862 000000 0529 0227","20130815 104935 862 000000 0529 0227.bmp","20130815_104935_862_000000_0529_0227-Prosome_mask.png","20130815_104935_862_000000_0529_0227.bmp-Lipid_mask.png","ChypIVlat","ArcticNet2013","101",1,"8/15/2013",203,198,"False",0.872659176029963,3709,0.499355092875766,3791,0.514653909374329,40194
"841",1030,"20130815 104936 595 000002 0137 0220","20130815 104936 595 000002 0137 0220.bmp","20130815_104936_595_000002_0137_0220-Prosome_mask.png","20130815_104936_595_000002_0137_0220.bmp-Lipid_mask.png","CglacVlat","ArcticNet2013","101",1,"8/15/2013",154,177,"False",0.776533333333333,1682,0.167677550802392,1649,0.163154688477046,27258
"842",1031,"20130815 104937 362 000001 0965 0631","20130815 104937 362 000001 0965 0631.bmp","20130815_104937_362_000001_0965_0631-Prosome_mask.png","20130815_104937_362_000001_0965_0631.bmp-Lipid_mask.png","MlongFlat","ArcticNet2013","101",1,"8/15/2013",252,154,"False",0.595664467483506,929,0.073908900040988,764,0.056429199364453,38808
"843",1032,"20130815 104938 361 000000 0145 0531","20130815 104938 361 000000 0145 0531.bmp","20130815_104938_361_000000_0145_0531-Prosome_mask.png","20130815_104938_361_000000_0145_0531.bmp-Lipid_mask.png","ChypVlat","ArcticNet2013","101",1,"8/15/2013",430,242,"False",0.941493143727781,9561,1.84471650154642,9553,1.84258676282669,104060
"844",1033,"20130815 104940 605 000000 0948 0688","20130815 104940 605 000000 0948 0688.bmp","20130815_104940_605_000000_0948_0688-Prosome_mask.png","20130815_104940_605_000000_0948_0688.bmp-Lipid_mask.png","CglacVlat","ArcticNet2013","101",1,"8/15/2013",124,220,"False",0.907925407925408,3193,0.406096794245401,3355,0.434801203373567,27280
"845",1034,"20130815 104943 643 000000 0099 0640","20130815 104943 643 000000 0099 0640.bmp","20130815_104943_643_000000_0099_0640-Prosome_mask.png","20130815_104943_643_000000_0099_0640.bmp-Lipid_mask.png","MlongFdors","ArcticNet2013","101",1,"8/15/2013",216,194,"False",0.709323583180987,2096,0.227172113041828,1644,0.162472385031669,41904
"846",1036,"20130815 104944 076 000000 0743 0904","20130815 104944 076 000000 0743 0904.bmp","20130815_104944_076_000000_0743_0904-Prosome_mask.png","20130815_104944_076_000000_0743_0904.bmp-Lipid_mask.png","MlongFlat","ArcticNet2013","101",1,"8/15/2013",119,261,"False",0.846810933940774,1618,0.158937144972619,1625,0.15988683208101,31059
"847",1037,"20130815 104944 109 000000 0647 0904","20130815 104944 109 000000 0647 0904.bmp","20130815_104944_109_000000_0647_0904-Prosome_mask.png","20130815_104944_109_000000_0647_0904.bmp-Lipid_mask.png","MlongFlat","ArcticNet2013","101",1,"8/15/2013",119,235,"False",0.697506925207756,1340,0.122529221816209,1724,0.17348282053592,27965
"848",1038,"20130815 104944 176 000000 0555 0896","20130815 104944 176 000000 0555 0896.bmp","20130815_104944_176_000000_0555_0896-Prosome_mask.png","20130815_104944_176_000000_0555_0896.bmp-Lipid_mask.png","MlongFlat","ArcticNet2013","101",1,"8/15/2013",106,251,"False",0.804506699147381,1394,0.129395055548002,1569,0.152333252788206,26606
"849",1039,"20130815 104944 209 000000 0427 0868","20130815 104944 209 000000 0427 0868.bmp","20130815_104944_209_000000_0427_0868-Prosome_mask.png","20130815_104944_209_000000_0427_0868.bmp-Lipid_mask.png","MlongFlat","ArcticNet2013","101",1,"8/15/2013",114,241,"False",0.717437722419929,1097,0.092965155405959,1316,0.119511082674033,27474
"850",1041,"20130815 104950 940 000000 0995 0512","20130815 104950 940 000000 0995 0512.bmp","20130815_104950_940_000000_0995_0512-Prosome_mask.png","20130815_104950_940_000000_0995_0512.bmp-Lipid_mask.png","ChypVdorsext","ArcticNet2013","101",1,"8/15/2013",174,396,"False",0.805988660524451,5009,0.755947225305014,5184,0.792634084466575,68904
"851",1042,"20130815 104951 001 000000 0356 0072","20130815 104951 001 000000 0356 0072.bmp","20130815_104951_001_000000_0356_0072-Prosome_mask.png","20130815_104951_001_000000_0356_0072.bmp-Lipid_mask.png","ChypIVlat","ArcticNet2013","101",1,"8/15/2013",208,136,"False",0.859223300970874,2189,0.241198278909132,2024,0.216473906661144,28288
"852",1043,"20130815 104951 189 000000 0373 0859","20130815 104951 189 000000 0373 0859.bmp","20130815_104951_189_000000_0373_0859-Prosome_mask.png","20130815_104951_189_000000_0373_0859.bmp-Lipid_mask.png","ChypVlat","ArcticNet2013","101",1,"8/15/2013",361,173,"False",0.914696337505795,6001,0.970026633248074,6389,1.0576267805114,62453
"853",1044,"20130815 104951 206 000000 0679 0548","20130815 104951 206 000000 0679 0548.bmp","20130815_104951_206_000000_0679_0548-Prosome_mask.png","20130815_104951_206_000000_0679_0548.bmp-Lipid_mask.png","ChypVdors","ArcticNet2013","101",1,"8/15/2013",106,329,"False",0.922544951590595,5581,0.877602081528165,5539,0.868501029274088,34874
"854",1045,"20130815 104951 339 000000 0959 0548","20130815 104951 339 000000 0959 0548.bmp","20130815_104951_339_000000_0959_0548-Prosome_mask.png","20130815_104951_339_000000_0959_0548.bmp-Lipid_mask.png","ChypVdors","ArcticNet2013","101",1,"8/15/2013",119,371,"False",0.793056501021103,5608,0.883466528863613,4928,0.739129640067753,44149
"855",1047,"20130815 104952 755 000000 0397 0327","20130815 104952 755 000000 0397 0327.bmp","20130815_104952_755_000000_0397_0327-Prosome_mask.png","20130815_104952_755_000000_0397_0327.bmp-Lipid_mask.png","ChypFlat","ArcticNet2013","101",1,"8/15/2013",583,296,"False",0.956216529164857,13483,2.96442502761459,13548,2.98416486644252,172568
"856",1048,"20130815 104953 155 000000 0081 0643","20130815 104953 155 000000 0081 0643.bmp","20130815_104953_155_000000_0081_0643-Prosome_mask.png","20130815_104953_155_000000_0081_0643.bmp-Lipid_mask.png","ChypFlat","ArcticNet2013","101",1,"8/15/2013",480,287,"False",0.903992821893226,10906,2.21214420551168,10314,2.04816287063546,137760
"857",1049,"20130815 104955 388 000000 0917 0367","20130815 104955 388 000000 0917 0367.bmp","20130815_104955_388_000000_0917_0367-Prosome_mask.png","20130815_104955_388_000000_0917_0367.bmp-Lipid_mask.png","ChypIVdors","ArcticNet2013","101",1,"8/15/2013",233,272,"False",0.841793570219966,3077,0.385878870281541,3454,0.452605548243529,63376
"858",1050,"20130815 104955 999 000000 0761 0675","20130815 104955 999 000000 0761 0675.bmp","20130815_104955_999_000000_0761_0675-Prosome_mask.png","20130815_104955_999_000000_0761_0675.bmp-Lipid_mask.png","ChypIVlat","ArcticNet2013","101",1,"8/15/2013",277,188,"False",0.854796320630749,4404,0.632913474554836,4065,0.566680948926645,52076
"859",1051,"20130815 104956 598 000000 0864 0436","20130815 104956 598 000000 0864 0436.bmp","20130815_104956_598_000000_0864_0436-Prosome_mask.png","20130815_104956_598_000000_0864_0436.bmp-Lipid_mask.png","CglacVlat","ArcticNet2013","101",1,"8/15/2013",208,196,"False",0.781564108850208,3678,0.493604640477457,3589,0.477197792607551,40768
"860",1052,"20130815 104958 831 000000 0316 0188","20130815 104958 831 000000 0316 0188.bmp","20130815_104958_831_000000_0316_0188-Prosome_mask.png","20130815_104958_831_000000_0316_0188.bmp-Lipid_mask.png","ChypFlat","ArcticNet2013","101",1,"8/15/2013",264,272,"False",0.8644863954622,10135,1.99927176547853,10902,2.21102462133723,71808
"861",1054,"20130815 105002 596 000000 0816 0140","20130815 105002 596 000000 0816 0140.bmp","20130815_105002_596_000000_0816_0140-Prosome_mask.png","20130815_105002_596_000000_0816_0140.bmp-Lipid_mask.png","CglacFlat","ArcticNet2013","101",1,"8/15/2013",236,176,"False",0.909607193563654,4099,0.573232203884604,3971,0.54867717982643,41536
"862",1055,"20130815 105006 783 000000 0205 0123","20130815 105006 783 000000 0205 0123.bmp","20130815_105006_783_000000_0205_0123-Prosome_mask.png","20130815_105006_783_000000_0205_0123.bmp-Lipid_mask.png","ChypIVlat","ArcticNet2013","101",1,"8/15/2013",296,138,"False",0.896542481908335,3662,0.490643853608439,3414,0.44538819995922,40848
"863",1056,"20130815 105008 916 000000 0577 0567","20130815 105008 916 000000 0577 0567.bmp","20130815_105008_916_000000_0577_0567-Prosome_mask.png","20130815_105008_916_000000_0577_0567.bmp-Lipid_mask.png","MlongFlat","ArcticNet2013","101",1,"8/15/2013",217,124,"False",0.739752144899905,904,0.071178279740476,921,0.07303202508513,26908
"864",1057,"20130815 105008 949 000000 0921 0259","20130815 105008 949 000000 0921 0259.bmp","20130815_105008_949_000000_0921_0259-Prosome_mask.png","20130815_105008_949_000000_0921_0259.bmp-Lipid_mask.png","ChypIVlat","ArcticNet2013","101",1,"8/15/2013",252,203,"False",0.920984455958549,3762,0.509228832553642,3653,0.488980568608906,51156
"865",1058,"20130815 105010 999 000000 0249 0687","20130815 105010 999 000000 0249 0687.bmp","20130815_105010_999_000000_0249_0687-Prosome_mask.png","20130815_105010_999_000000_0249_0687.bmp-Lipid_mask.png","CglacVlat","ArcticNet2013","101",1,"8/15/2013",238,114,"False",0.915777329102971,3376,0.438561413500953,3266,0.41896465140876,27132
"866",1060,"20130815 105011 948 000000 0853 0395","20130815 105011 948 000000 0853 0395.bmp","20130815_105011_948_000000_0853_0395-Prosome_mask.png","20130815_105011_948_000000_0853_0395.bmp-Lipid_mask.png","CglacVlat","ArcticNet2013","101",1,"8/15/2013",228,163,"False",0.662987679671458,2613,0.307955127101349,3866,0.528757336368039,37164
"867",1061,"20130815 105011 981 000000 0737 0395","20130815 105011 981 000000 0737 0395.bmp","20130815_105011_981_000000_0737_0395-Prosome_mask.png","20130815_105011_981_000000_0737_0395.bmp-Lipid_mask.png","CglacVlat","ArcticNet2013","101",1,"8/15/2013",203,158,"False",0.849561715233357,3839,0.523668014704401,3968,0.548105233863814,32074
"868",1062,"20130815 105012 581 000000 0309 0411","20130815 105012 581 000000 0309 0411.bmp","20130815_105012_581_000000_0309_0411-Prosome_mask.png","20130815_105012_581_000000_0309_0411.bmp-Lipid_mask.png","CglacVlat","ArcticNet2013","101",1,"8/15/2013",208,149,"False",0.891120251633196,3879,0.531212577698882,3937,0.542204760075773,30992
"869",1063,"20130815 105019 411 000000 0025 0284","20130815 105019 411 000000 0025 0284.bmp","20130815_105019_411_000000_0025_0284-Prosome_mask.png","20130815_105019_411_000000_0025_0284.bmp-Lipid_mask.png","ChypFdorsEXT","ArcticNet2013","101",1,"8/15/2013",353,372,"False",0.856696674627962,10818,2.18754946438639,9394,1.80039923876033,131316
"870",1064,"20130815 105019 745 000000 0933 0747","20130815 105019 745 000000 0933 0747.bmp","20130815_105019_745_000000_0933_0747-Prosome_mask.png","20130815_105019_745_000000_0933_0747.bmp-Lipid_mask.png","ChypIVlat","ArcticNet2013","101",1,"8/15/2013",296,188,"False",0.768986083499006,4913,0.736026732281903,3985,0.551348431078804,55648
"871",1066,"20130815 105023 810 000000 0505 0679","20130815 105023 810 000000 0505 0679.bmp","20130815_105023_810_000000_0505_0679-Prosome_mask.png","20130815_105023_810_000000_0505_0679.bmp-Lipid_mask.png","ChypFdors","ArcticNet2013","101",1,"8/15/2013",420,163,"False",0.50938195695961,4858,0.724680237549893,9380,1.79669752906054,68460
"872",1068,"20130815 105026 375 000002 0897 0419","20130815 105026 375 000002 0897 0419.bmp","20130815_105026_375_000002_0897_0419-Prosome_mask.png","20130815_105026_375_000002_0897_0419.bmp-Lipid_mask.png","ChypIVlat","ArcticNet2013","101",1,"8/15/2013",233,198,"False",0.870036101083032,4072,0.56802804077807,4216,0.595933616539606,46134
"873",1069,"20130815 105027 653 000002 0940 0608","20130815 105027 653 000002 0940 0608.bmp","20130815_105027_653_000002_0940_0608-Prosome_mask.png","20130815_105027_653_000002_0940_0608.bmp-Lipid_mask.png","CglacVdors","ArcticNet2013","101",1,"8/15/2013",192,236,"False",0.86082059533387,3485,0.458220899299778,3454,0.452605548243529,45312
"874",1070,"20130815 105030 018 000000 0116 0300","20130815 105030 018 000000 0116 0300.bmp","20130815_105030_018_000000_0116_0300-Prosome_mask.png","20130815_105030_018_000000_0116_0300.bmp-Lipid_mask.png","CglacVlat","ArcticNet2013","101",1,"8/15/2013",128,220,"False",0.756910569105691,3494,0.459854728441481,2989,0.370732633603827,28160
"875",1072,"20130815 105030 585 000000 0088 0288","20130815 105030 585 000000 0088 0288.bmp","20130815_105030_585_000000_0088_0288-Prosome_mask.png","20130815_105030_585_000000_0088_0288.bmp-Lipid_mask.png","ChypIVlat","ArcticNet2013","101",1,"8/15/2013",208,136,"False",0.905969360802958,3599,0.479033628153873,3617,0.482343017160796,28288
"876",1077,"20130815 105037 204 000001 0957 0567","20130815 105037 204 000001 0957 0567.bmp","20130815_105037_204_000001_0957_0567-Prosome_mask.png","20130815_105037_204_000001_0957_0567.bmp-Lipid_mask.png","MlongFlat","ArcticNet2013","101",1,"8/15/2013",128,238,"False",0.229432213209733,1144,0.098506064222005,978,0.079341914042955,30464
"877",1078,"20130815 105037 887 000000 0951 0212","20130815 105037 887 000000 0951 0212.bmp","20130815_105037_887_000000_0951_0212-Prosome_mask.png","20130815_105037_887_000000_0951_0212.bmp-Lipid_mask.png","ChypVlat","ArcticNet2013","101",1,"8/15/2013",284,340,"False",0.867418142780462,5443,0.847797155154564,4994,0.75282500557019,96560
"878",1079,"20130815 105038 648 000002 0160 0296","20130815 105038 648 000002 0160 0296.bmp","20130815_105038_648_000002_0160_0296-Prosome_mask.png","20130815_105038_648_000002_0160_0296.bmp-Lipid_mask.png","CglacVlat","ArcticNet2013","101",1,"8/15/2013",188,164,"False",0.784408602150538,1617,0.158801602635967,1702,0.170435178778053,30832
"879",1080,"20130815 105038 954 000000 0727 0500","20130815 105038 954 000000 0727 0500.bmp","20130815_105038_954_000000_0727_0500-Prosome_mask.png","20130815_105038_954_000000_0727_0500.bmp-Lipid_mask.png","ChypVlat","ArcticNet2013","101",1,"8/15/2013",229,231,"False",0.946918418240114,5510,0.862232244608025,5420,0.842857331818774,52899
"880",1081,"20130815 105039 537 000000 0049 0488","20130815 105039 537 000000 0049 0488.bmp","20130815_105039_537_000000_0049_0488-Prosome_mask.png","20130815_105039_537_000000_0049_0488.bmp-Lipid_mask.png","MlongFdors","ArcticNet2013","101",1,"8/15/2013",139,192,"False",0.431891891891892,1151,0.099338820748688,1498,0.142903003246883,26688
"881",1082,"20130815 105041 386 000000 0175 0412","20130815 105041 386 000000 0175 0412.bmp","20130815_105041_386_000000_0175_0412-Prosome_mask.png","20130815_105041_386_000000_0175_0412.bmp-Lipid_mask.png","CglacVlat","ArcticNet2013","101",1,"8/15/2013",246,147,"False",0.605323411562679,2423,0.277487078860777,3186,0.40486871398742,36162
"882",1084,"20130815 105044 785 000000 0631 0304","20130815 105044 785 000000 0631 0304.bmp","20130815_105044_785_000000_0631_0304-Prosome_mask.png","20130815_105044_785_000000_0631_0304.bmp-Lipid_mask.png","ChypVlat","ArcticNet2013","101",1,"8/15/2013",161,429,"False",0.871053129135943,4689,0.690121845067071,5207,0.797491220703815,69069
"883",1085,"20130815 105046 834 000000 0945 0360","20130815 105046 834 000000 0945 0360.bmp","20130815_105046_834_000000_0945_0360-Prosome_mask.png","20130815_105046_834_000000_0945_0360.bmp-Lipid_mask.png","ChypVdorsext","ArcticNet2013","101",1,"8/15/2013",286,154,"False",0.808118952088742,3713,0.500098421212425,3948,0.544296463169274,44044
"884",1086,"20130815 105047 134 000000 0257 0119","20130815 105047 134 000000 0257 0119.bmp","20130815_105047_134_000000_0257_0119-Prosome_mask.png","20130815_105047_134_000000_0257_0119.bmp-Lipid_mask.png","ChypIVlat","ArcticNet2013","101",1,"8/15/2013",168,257,"False",0.877911646586345,2462,0.28366944607855,2214,0.245007943145786,43176
"885",1088,"20130815 105050 449 000003 1031 0364","20130815 105050 449 000003 1031 0364.bmp","20130815_105050_449_000003_1031_0364-Prosome_mask.png","20130815_105050_449_000003_1031_0364.bmp-Lipid_mask.png","CglacVlat","ArcticNet2013","101",1,"8/15/2013",246,198,"False",0.077431539187913,1909,0.199685824006167,2655,0.314806795548068,48708
"886",1089,"20130815 105050 582 000000 0895 0432","20130815 105050 582 000000 0895 0432.bmp","20130815_105050_582_000000_0895_0432-Prosome_mask.png","20130815_105050_582_000000_0895_0432.bmp-Lipid_mask.png","ChypIVlat","ArcticNet2013","101",1,"8/15/2013",225,188,"False",0.85295554469956,3689,0.495643023733835,3897,0.53461730655145,42300
"887",1090,"20130815 105054 964 000000 0217 0235","20130815 105054 964 000000 0217 0235.bmp","20130815_105054_964_000000_0217_0235-Prosome_mask.png","20130815_105054_964_000000_0217_0235.bmp-Lipid_mask.png","ChypFlat","ArcticNet2013","101",1,"8/15/2013",336,326,"False",0.729392727964972,7752,1.38110293422643,10417,2.07644259947983,109536
"888",1094,"20130815 105059 712 000002 0159 0776","20130815 105059 712 000002 0159 0776.bmp","20130815_105059_712_000002_0159_0776-Prosome_mask.png","20130815_105059_712_000002_0159_0776.bmp-Lipid_mask.png","ChypVlat","ArcticNet2013","101",1,"8/15/2013",161,304,"False",0.776924517699944,4304,0.613167003526092,5183,0.792423090071406,48944
"889",1096,"20130815 105059 812 000001 1023 0564","20130815 105059 812 000001 1023 0564.bmp","20130815_105059_812_000001_1023_0564-Prosome_mask.png","20130815_105059_812_000001_1023_0564.bmp-Lipid_mask.png","ChypIVdors","ArcticNet2013","101",1,"8/15/2013",199,235,"False",0.810555674747908,4474,0.646837970239384,3965,0.547533452196761,46765
"890",1097,"20130815 105059 845 000001 1011 0564","20130815 105059 845 000001 1011 0564.bmp","20130815_105059_845_000001_1011_0564-Prosome_mask.png","20130815_105059_845_000001_1011_0564.bmp-Lipid_mask.png","ChypIVdors","ArcticNet2013","101",1,"8/15/2013",195,241,"False",0.815992931301082,4055,0.564758060848333,4166,0.586202464711112,46995
"891",1098,"20130815 105059 945 000001 1072 0544","20130815 105059 945 000001 1072 0544.bmp","20130815_105059_945_000001_1072_0544-Prosome_mask.png","20130815_105059_945_000001_1072_0544.bmp-Lipid_mask.png","ChypIVdors","ArcticNet2013","101",1,"8/15/2013",212,245,"False",0.851941215178767,4362,0.624598973404372,4081,0.569761309334078,51940
"892",1099,"20130815 105103 627 000000 0025 0259","20130815 105103 627 000000 0025 0259.bmp","20130815_105103_627_000000_0025_0259-Prosome_mask.png","20130815_105103_627_000000_0025_0259.bmp-Lipid_mask.png","ChypIVdors","ArcticNet2013","101",1,"8/15/2013",149,242,"False",0.859743483657427,2300,0.258237594318627,2195,0.242111098111231,36058
"893",1100,"20130815 105109 875 000000 0339 0288","20130815 105109 875 000000 0339 0288.bmp","20130815_105109_875_000000_0339_0288-Prosome_mask.png","20130815_105109_875_000000_0339_0288.bmp-Lipid_mask.png","CglacFdorsL","ArcticNet2013","101",1,"",165,224,"False",0.740595354923127,2474,0.285579239725353,2847,0.34664884557663,36960
"894",1102,"20130815 105121 464 000000 0048 0360","20130815 105121 464 000000 0048 0360.bmp","20130815_105121_464_000000_0048_0360-Prosome_mask.png","20130815_105121_464_000000_0048_0360.bmp-Lipid_mask.png","ChypFdorsEXT","ArcticNet2013","101",1,"8/15/2013",396,376,"False",0.877140919111413,11505,2.38154391021291,10634,2.13636984290761,148896
"895",1103,"20130815 105123 786 000002 0841 0655","20130815 105123 786 000002 0841 0655.bmp","20130815_105123_786_000002_0841_0655-Prosome_mask.png","20130815_105123_786_000002_0841_0655.bmp-Lipid_mask.png","CglacVdors","ArcticNet2013","101",1,"8/15/2013",292,238,"False",0.88241308793456,3740,0.505123838252702,3624,0.483631694565344,69496
"896",1105,"20130815 105126 396 000000 0596 0388","20130815 105126 396 000000 0596 0388.bmp","20130815_105126_396_000000_0596_0388-Prosome_mask.png","20130815_105126_396_000000_0596_0388.bmp-Lipid_mask.png","ChypIVlat","ArcticNet2013","101",1,"8/15/2013",128,212,"False",0.871927162367223,2914,0.357956809917361,3254,0.416841807723332,27136
"897",1106,"20130815 105126 718 000000 0025 0335","20130815 105126 718 000000 0025 0335.bmp","20130815_105126_718_000000_0025_0335-Prosome_mask.png","20130815_105126_718_000000_0025_0335.bmp-Lipid_mask.png","ChypIVlat","ArcticNet2013","101",1,"8/15/2013",168,257,"False",0.894111945723286,3773,0.5112847564193,4044,0.562644964366609,43176
"898",1107,"20130815 105127 451 000001 0657 0636","20130815 105127 451 000001 0657 0636.bmp","20130815_105127_451_000001_0657_0636-Prosome_mask.png","20130815_105127_451_000001_0657_0636.bmp-Lipid_mask.png","ChypVlat","ArcticNet2013","101",1,"8/15/2013",305,162,"False",0.871145374449339,4071,0.56783554516939,4424,0.636883381555446,49410
"899",1108,"20130815 105127 501 000000 0859 0440","20130815 105127 501 000000 0859 0440.bmp","20130815_105127_501_000000_0859_0440-Prosome_mask.png","20130815_105127_501_000000_0859_0440.bmp-Lipid_mask.png","ChypVlat","ArcticNet2013","101",1,"8/15/2013",178,361,"False",0.927904107174335,5486,0.857053755108775,5451,0.849517216437477,64258
"900",1109,"20130815 105128 584 000000 1005 0300","20130815 105128 584 000000 1005 0300.bmp","20130815_105128_584_000000_1005_0300-Prosome_mask.png","20130815_105128_584_000000_1005_0300.bmp-Lipid_mask.png","MlongFdors","ArcticNet2013","101",1,"8/15/2013",158,180,"False",0.631659056316591,1690,0.168779115241955,1526,0.146602140024435,28440
"901",1110,"20130815 105131 433 000000 0459 0504","20130815 105131 433 000000 0459 0504.bmp","20130815_105131_433_000000_0459_0504-Prosome_mask.png","20130815_105131_433_000000_0459_0504.bmp-Lipid_mask.png","ChypVdors","ArcticNet2013","101",1,"8/15/2013",284,194,"False",0.832083269554569,6379,1.05534302597371,5590,0.879555702099485,55096
"902",1111,"20130815 105131 916 000000 0945 0119","20130815 105131 916 000000 0945 0119.bmp","20130815_105131_916_000000_0945_0119-Prosome_mask.png","20130815_105131_916_000000_0945_0119.bmp-Lipid_mask.png","ChypVlat","ArcticNet2013","101",1,"8/15/2013",301,361,"False",0.909461189340161,8407,1.54468418105274,8001,1.44269373796441,108661
"903",1113,"20130815 105133 781 000000 0901 0060","20130815 105133 781 000000 0901 0060.bmp","20130815_105133_781_000000_0901_0060-Prosome_mask.png","20130815_105133_781_000000_0901_0060.bmp-Lipid_mask.png","ChypVlat","ArcticNet2013","101",1,"8/15/2013",244,252,"False",0.915031115366204,4049,0.563605192364536,3952,0.545057632047863,61488
"904",1116,"20130815 105139 596 000000 0567 0248","20130815 105139 596 000000 0567 0248.bmp","20130815_105139_596_000000_0567_0248-Prosome_mask.png","20130815_105139_596_000000_0567_0248.bmp-Lipid_mask.png","ChypVdors","ArcticNet2013","101",1,"8/15/2013",136,349,"False",0.819761129207383,4738,0.700093799690128,5318,0.821046498115904,47464
"905",1117,"20130815 105139 863 000001 0111 0680","20130815 105139 863 000001 0111 0680.bmp","20130815_105139_863_000001_0111_0680-Prosome_mask.png","20130815_105139_863_000001_0111_0680.bmp-Lipid_mask.png","ChypIVlat","ArcticNet2013","101",1,"8/15/2013",187,204,"False",0.811732065001982,2231,0.247607879306593,2340,0.26445570285306,38148
"906",1118,"20130815 105140 679 000000 0581 0152","20130815 105140 679 000000 0581 0152.bmp","20130815_105140_679_000000_0581_0152-Prosome_mask.png","20130815_105140_679_000000_0581_0152.bmp-Lipid_mask.png","ChypVlat","ArcticNet2013","101",1,"8/15/2013",308,143,"False",0.823191489361702,4562,0.664460764083771,4007,0.55555331850984,44044
"907",1119,"20130815 105141 590 000000 0072 0564","20130815 105141 590 000000 0072 0564.bmp","20130815_105141_590_000000_0072_0564-Prosome_mask.png","20130815_105141_590_000000_0072_0564.bmp-Lipid_mask.png","MlongFdors","ArcticNet2013","101",1,"8/15/2013",204,148,"False",0.749235474006116,1440,0.135324145259601,1420,0.132737296752934,30192
"908",1120,"20130815 105146 343 000003 0981 0212","20130815 105146 343 000003 0981 0212.bmp","20130815_105146_343_000003_0981_0212-Prosome_mask.png","20130815_105146_343_000003_0981_0212.bmp-Lipid_mask.png","CglacVlat","ArcticNet2013","101",1,"8/15/2013",143,218,"False",0.73036187113857,1721,0.173066358047868,2200,0.242872505519506,31174
"909",1121,"20130815 105146 476 000000 0845 0280","20130815 105146 476 000000 0845 0280.bmp","20130815_105146_476_000000_0845_0280-Prosome_mask.png","20130815_105146_476_000000_0845_0280.bmp-Lipid_mask.png","ChypIVlat","ArcticNet2013","101",1,"8/15/2013",135,199,"False",0.845516847515705,3214,0.409787170509218,3249,0.415958166511872,26865
"910",1122,"20130815 105148 887 000000 0968 0436","20130815 105148 887 000000 0968 0436.bmp","20130815_105148_887_000000_0968_0436-Prosome_mask.png","20130815_105148_887_000000_0968_0436.bmp-Lipid_mask.png","ChypVdorsext","ArcticNet2013","101",1,"8/15/2013",164,304,"False",0.867185939684442,4818,0.716458816924651,4531,0.658237861966099,49856
"911",1124,"20130815 105149 286 000000 0932 0472","20130815 105149 286 000000 0932 0472.bmp","20130815_105149_286_000000_0932_0472-Prosome_mask.png","20130815_105149_286_000000_0932_0472.bmp-Lipid_mask.png","ChypVdors","ArcticNet2013","101",1,"8/15/2013",112,284,"False",0.803484602917342,4491,0.650232195907196,4411,0.634302164372751,31808
"912",1125,"20130815 105155 406 000001 0949 0680","20130815 105155 406 000001 0949 0680.bmp","20130815_105155_406_000001_0949_0680-Prosome_mask.png","20130815_105155_406_000001_0949_0680.bmp-Lipid_mask.png","ChypVlat","ArcticNet2013","101",1,"8/15/2013",233,124,"False",0.799624295554164,4498,0.651631239013465,4124,0.578062503864994,28892
"913",1127,"20130815 105155 606 000002 0109 0624","20130815 105155 606 000002 0109 0624.bmp","20130815_105155_606_000002_0109_0624-Prosome_mask.png","20130815_105155_606_000002_0109_0624.bmp-Lipid_mask.png","ChypVlat","ArcticNet2013","101",1,"8/15/2013",218,143,"False",0.83088396578197,4431,0.638274462577889,3916,0.538217675562128,31174
"914",1129,"20130815 105155 706 000001 0973 0412","20130815 105155 706 000001 0973 0412.bmp","20130815_105155_706_000001_0973_0412-Prosome_mask.png","20130815_105155_706_000001_0973_0412.bmp-Lipid_mask.png","ChypIVdors","ArcticNet2013","101",1,"8/15/2013",169,177,"False",0.830826000567698,3349,0.433728496902545,3101,0.390038512040586,29913
"915",1130,"20130815 105155 739 000001 0961 0412","20130815 105155 739 000001 0961 0412.bmp","20130815_105155_739_000001_0961_0412-Prosome_mask.png","20130815_105155_739_000001_0961_0412.bmp-Lipid_mask.png","ChypIVdors","ArcticNet2013","101",1,"8/15/2013",173,173,"False",0.800056882821388,3333,0.430871517656209,2996,0.371931318787046,29929
"916",1131,"20130815 105155 839 000001 1033 0392","20130815 105155 839 000001 1033 0392.bmp","20130815_105155_839_000001_1033_0392-Prosome_mask.png","20130815_105155_839_000001_1033_0392.bmp-Lipid_mask.png","ChypIVdors","ArcticNet2013","101",1,"8/15/2013",177,188,"False",0.792142658122039,3324,0.429266754031773,3108,0.391254051301334,33276
"917",1135,"20130815 105217 597 000000 0025 0407","20130815 105217 597 000000 0025 0407.bmp","20130815_105217_597_000000_0025_0407-Prosome_mask.png","20130815_105217_597_000000_0025_0407.bmp-Lipid_mask.png","ChypFdorsEXT","ArcticNet2013","101",1,"8/15/2013",464,490,"False",0.872873492112589,12869,2.77975729593501,11351,2.33766429862395,227360
"918",1136,"20130815 105221 496 000000 0205 0231","20130815 105221 496 000000 0205 0231.bmp","20130815_105221_496_000000_0205_0231-Prosome_mask.png","20130815_105221_496_000000_0205_0231.bmp-Lipid_mask.png","ChypIVlat","ArcticNet2013","101",1,"8/15/2013",222,178,"False",0.849035812672176,3413,0.445208176084752,3299,0.424817744725159,39516
"919",1137,"20130815 105222 529 000000 0497 0435","20130815 105222 529 000000 0497 0435.bmp","20130815_105222_529_000000_0497_0435-Prosome_mask.png","20130815_105222_529_000000_0497_0435.bmp-Lipid_mask.png","ChypIVlat","ArcticNet2013","101",1,"8/15/2013",262,158,"False",0.823305200108903,3115,0.392470631334501,3582,0.475913863455028,41396
"920",1139,"20130815 105227 327 000000 0409 0352","20130815 105227 327 000000 0409 0352.bmp","20130815_105227_327_000000_0409_0352-Prosome_mask.png","20130815_105227_327_000000_0409_0352.bmp-Lipid_mask.png","ChypVdors","ArcticNet2013","101",1,"8/15/2013",139,252,"False",0.879926250288085,3905,0.536132440293867,4252,0.602967281168158,35028
"921",1140,"20130815 105228 293 000001 0961 0539","20130815 105228 293 000001 0961 0539.bmp","20130815_105228_293_000001_0961_0539-Prosome_mask.png","20130815_105228_293_000001_0961_0539.bmp-Lipid_mask.png","ChypIVdors","ArcticNet2013","101",1,"8/15/2013",182,247,"False",0.755429864253394,4203,0.593399275555222,3556,0.471153337362145,44954
"922",1141,"20130815 105229 504 000001 0680 0712","20130815 105229 504 000001 0680 0712.bmp","20130815_105229_504_000001_0680_0712-Prosome_mask.png","20130815_105229_504_000001_0680_0712.bmp-Lipid_mask.png","ChypVlat","ArcticNet2013","101",1,"8/15/2013",172,324,"False",0.901778496362167,4699,0.692153736471037,4711,0.694594175808854,55728
"923",1142,"20130815 105230 637 000000 1028 0376","20130815 105230 637 000000 1028 0376.bmp","20130815_105230_637_000000_1028_0376-Prosome_mask.png","20130815_105230_637_000000_1028_0376.bmp-Lipid_mask.png","MlongFdors","ArcticNet2013","101",1,"8/15/2013",192,168,"False",0.772277227722772,1563,0.151529937197694,1480,0.140538793479672,32256
"924",1143,"20130815 105235 490 000000 0517 0096","20130815 105235 490 000000 0517 0096.bmp","20130815_105235_490_000000_0517_0096-Prosome_mask.png","20130815_105235_490_000000_0517_0096.bmp-Lipid_mask.png","ChypVdors","ArcticNet2013","101",1,"8/15/2013",252,120,"False",0.869074492099323,4057,0.565142494462178,4223,0.597299492762498,30240
"925",1145,"20130815 105236 901 000000 0700 0424","20130815 105236 901 000000 0700 0424.bmp","20130815_105236_901_000000_0700_0424-Prosome_mask.png","20130815_105236_901_000000_0700_0424.bmp-Lipid_mask.png","ChypVlat","ArcticNet2013","101",1,"8/15/2013",216,176,"False",0.929520741039065,4848,0.722622461858525,4734,0.699278287284637,38016
"926",1147,"20130815 105237 999 000000 0709 0883","20130815 105237 999 000000 0709 0883.bmp","20130815_105237_999_000000_0709_0883-Prosome_mask.png","20130815_105237_999_000000_0709_0883.bmp-Lipid_mask.png","MlongFlat","ArcticNet2013","101",1,"8/15/2013",188,158,"False",0.69510582010582,1274,0.114279640157015,1289,0.116140603792979,29704
"927",1149,"20130815 105238 189 000000 0521 0887","20130815 105238 189 000000 0521 0887.bmp","20130815_105238_189_000000_0521_0887-Prosome_mask.png","20130815_105238_189_000000_0521_0887.bmp-Lipid_mask.png","MlongFlat","ArcticNet2013","101",1,"8/15/2013",222,138,"False",0.84971098265896,1589,0.155019392893115,1611,0.157989017875788,30636
"928",1150,"20130815 105238 256 000000 0429 0867","20130815 105238 256 000000 0429 0867.bmp","20130815_105238_256_000000_0429_0867-Prosome_mask.png","20130815_105238_256_000000_0429_0867.bmp-Lipid_mask.png","MlongFlat","ArcticNet2013","101",1,"8/15/2013",238,124,"False",0.717805151175812,1766,0.179342086667837,1302,0.117760112478721,29512
"929",1154,"20130815 105242 732 000000 0604 0228","20130815 105242 732 000000 0604 0228.bmp","20130815_105242_732_000000_0604_0228-Prosome_mask.png","20130815_105242_732_000000_0604_0228.bmp-Lipid_mask.png","ChypVlat","ArcticNet2013","101",1,"8/15/2013",152,328,"False",0.762382718743181,3739,0.504937465129135,4338,0.619861452170128,49856
"930",1155,"20130815 105244 999 000000 0869 0483","20130815 105244 999 000000 0869 0483.bmp","20130815_105244_999_000000_0869_0483-Prosome_mask.png","20130815_105244_999_000000_0869_0483.bmp-Lipid_mask.png","ChypVdorsext","ArcticNet2013","101",1,"8/15/2013",376,203,"False",0.834789515488483,4721,0.69662968076165,4519,0.655833330759752,76328
"931",1156,"20130815 105245 286 000000 0553 0519","20130815 105245 286 000000 0553 0519.bmp","20130815_105245_286_000000_0553_0519-Prosome_mask.png","20130815_105245_286_000000_0553_0519.bmp-Lipid_mask.png","ChypVdors","ArcticNet2013","101",1,"8/15/2013",312,124,"False",0.901471861471861,5669,0.896755324977294,5312,0.819768422270567,38688
"932",1157,"20130815 105245 419 000000 0833 0519","20130815 105245 419 000000 0833 0519.bmp","20130815_105245_419_000000_0833_0519-Prosome_mask.png","20130815_105245_419_000000_0833_0519.bmp-Lipid_mask.png","ChypVdors","ArcticNet2013","101",1,"8/15/2013",352,138,"False",0.720870896410954,5722,0.90834554674226,4395,0.631129248430511,48576
"933",1159,"20130815 105248 529 000000 0868 0356","20130815 105248 529 000000 0868 0356.bmp","20130815_105248_529_000000_0868_0356-Prosome_mask.png","20130815_105248_529_000000_0868_0356.bmp-Lipid_mask.png","ChypIVlat","ArcticNet2013","101",1,"8/15/2013",212,144,"False",0.885378590078329,3687,0.495272236578487,3534,0.46713551411177,30528
"934",1162,"20130815 105257 592 000002 0384 0708","20130815 105257 592 000002 0384 0708.bmp","20130815_105257_592_000002_0384_0708-Prosome_mask.png","20130815_105257_592_000002_0384_0708.bmp-Lipid_mask.png","ChypVlat","ArcticNet2013","101",1,"8/15/2013",164,268,"False",0.931959175505303,4836,0.720155259462288,4818,0.716458816924651,43952
"935",1163,"20130815 105257 659 000002 0132 0700","20130815 105257 659 000002 0132 0700.bmp","20130815_105257_659_000002_0132_0700-Prosome_mask.png","20130815_105257_659_000002_0132_0700.bmp-Lipid_mask.png","ChypVlat","ArcticNet2013","101",1,"8/15/2013",152,232,"False",0.89121594143961,4693,0.690934404231255,4608,0.673724378965208,35264
"936",1164,"20130815 105257 726 000001 1024 0492","20130815 105257 726 000001 1024 0492.bmp","20130815_105257_726_000001_1024_0492-Prosome_mask.png","20130815_105257_726_000001_1024_0492.bmp-Lipid_mask.png","ChypIVdors","ArcticNet2013","101",1,"8/15/2013",184,180,"False",0.854707579333858,3595,0.4782990610213,3477,0.456769952017744,33120
"937",1165,"20130815 105257 759 000001 0996 0488","20130815 105257 759 000001 0996 0488.bmp","20130815_105257_759_000001_0996_0488-Prosome_mask.png","20130815_105257_759_000001_0996_0488.bmp-Lipid_mask.png","ChypIVdors","ArcticNet2013","101",1,"8/15/2013",188,180,"False",0.655737704918033,3178,0.403466448754015,3690,0.495828445961861,33840
"938",1166,"20130815 105257 792 000001 0984 0488","20130815 105257 792 000001 0984 0488.bmp","20130815_105257_792_000001_0984_0488-Prosome_mask.png","20130815_105257_792_000001_0984_0488.bmp-Lipid_mask.png","ChypIVdors","ArcticNet2013","101",1,"8/15/2013",184,184,"False",0.814689538535878,3999,0.554023250855775,3512,0.463127184206067,33856
"939",1169,"20130815 105307 822 000000 0312 0212","20130815 105307 822 000000 0312 0212.bmp","20130815_105307_822_000000_0312_0212-Prosome_mask.png","20130815_105307_822_000000_0312_0212.bmp-Lipid_mask.png","CglacFdorsL","ArcticNet2013","101",1,"8/15/2013",156,172,"False",0.723449750534569,2168,0.238010905736494,2668,0.316935941579521,26832
"940",1171,"20130815 105325 637 000001 0581 0759","20130815 105325 637 000001 0581 0759.bmp","20130815_105325_637_000001_0581_0759-Prosome_mask.png","20130815_105325_637_000001_0581_0759.bmp-Lipid_mask.png","ChypVlat","ArcticNet2013","101",1,"8/15/2013",401,212,"False",0.84296060766649,5302,0.817639514838362,5131,0.781472741091231,85012
"941",1172,"20130815 105325 936 000000 0025 0183","20130815 105325 936 000000 0025 0183.bmp","20130815_105325_936_000000_0025_0183-Prosome_mask.png","20130815_105325_936_000000_0025_0183.bmp-Lipid_mask.png","ChypIVlat","ArcticNet2013","101",1,"8/15/2013",222,128,"False",0.828445747800587,1817,0.186528352022562,1924,0.201854319334285,28416
"942",1173,"20130815 105326 770 000000 0929 0423","20130815 105326 770 000000 0929 0423.bmp","20130815_105326_770_000000_0929_0423-Prosome_mask.png","20130815_105326_770_000000_0929_0423.bmp-Lipid_mask.png","MlongFdors","ArcticNet2013","101",1,"8/15/2013",208,238,"False",0.716487622606259,1999,0.21279269232978,1676,0.166852682527805,49504
"943",1176,"20130815 105331 967 000000 0825 0183","20130815 105331 967 000000 0825 0183.bmp","20130815_105331_967_000000_0825_0183-Prosome_mask.png","20130815_105331_967_000000_0825_0183.bmp-Lipid_mask.png","ChypVlat","ArcticNet2013","101",1,"8/15/2013",322,331,"False",0.885456885456886,5362,0.830435776261478,4893,0.731895119768222,106582
"944",1178,"20130815 105337 543 000000 0540 0172","20130815 105337 543 000000 0540 0172.bmp","20130815_105337_543_000000_0540_0172-Prosome_mask.png","20130815_105337_543_000000_0540_0172.bmp-Lipid_mask.png","ChypVdors","ArcticNet2013","101",1,"8/15/2013",128,268,"False",0.763969394852771,3305,0.425884342473371,4303,0.612970411261015,34304
"945",1179,"20130815 105337 810 000001 0084 0604","20130815 105337 810 000001 0084 0604.bmp","20130815_105337_810_000001_0084_0604-Prosome_mask.png","20130815_105337_810_000001_0084_0604.bmp-Lipid_mask.png","ChypIVlat","ArcticNet2013","101",1,"8/15/2013",176,156,"False",0.824288256227758,1931,0.202868487538754,2170,0.238313961649298,27456
"946",1180,"20130815 105338 865 000000 0505 0275","20130815 105338 865 000000 0505 0275.bmp","20130815_105338_865_000000_0505_0275-Prosome_mask.png","20130815_105338_865_000000_0505_0275.bmp-Lipid_mask.png","ChypVlat","ArcticNet2013","101",1,"8/15/2013",406,188,"False",0.83310771610907,4474,0.646837970239384,5005,0.755114285506883,76328
"947",1181,"20130815 105344 662 000000 0769 0403","20130815 105344 662 000000 0769 0403.bmp","20130815_105344_662_000000_0769_0403-Prosome_mask.png","20130815_105344_662_000000_0769_0403.bmp-Lipid_mask.png","ChypIVlat","ArcticNet2013","101",1,"8/15/2013",178,262,"False",0.799557522123894,4403,0.632715158725707,3731,0.50344716225937,46636
"948",1182,"20130815 105353 592 000001 0873 0803","20130815 105353 592 000001 0873 0803.bmp","20130815_105353_592_000001_0873_0803-Prosome_mask.png","20130815_105353_592_000001_0873_0803.bmp-Lipid_mask.png","ChypVlat","ArcticNet2013","101",1,"8/15/2013",306,163,"False",0.845135908440629,5525,0.865473158238987,4793,0.711333571173681,49878
"949",1183,"20130815 105353 725 000002 0285 0755","20130815 105353 725 000002 0285 0755.bmp","20130815_105353_725_000002_0285_0755-Prosome_mask.png","20130815_105353_725_000002_0285_0755.bmp-Lipid_mask.png","ChypVlat","ArcticNet2013","101",1,"8/15/2013",331,203,"False",0.928211821741563,5209,0.797913966313188,5132,0.781682928640491,67193
"950",1184,"20130815 105353 792 000002 0033 0747","20130815 105353 792 000002 0033 0747.bmp","20130815_105353_792_000002_0033_0747-Prosome_mask.png","20130815_105353_792_000002_0033_0747.bmp-Lipid_mask.png","ChypVlat","ArcticNet2013","101",1,"8/15/2013",287,188,"False",0.84806338028169,5139,0.783154677170863,5358,0.829580991543785,53956
"951",1186,"20130815 105403 955 000000 0213 0259","20130815 105403 955 000000 0213 0259.bmp","20130815_105403_955_000000_0213_0259-Prosome_mask.png","20130815_105403_955_000000_0213_0259.bmp-Lipid_mask.png","CglacFdorsL","ArcticNet2013","101",1,"",212,193,"False",0.774517374517375,2122,0.231070060136287,2474,0.285579239725353,40916
"952",1187,"20130815 105414 928 000000 1000 0124","20130815 105414 928 000000 1000 0124.bmp","20130815_105414_928_000000_1000_0124-Prosome_mask.png","20130815_105414_928_000000_1000_0124.bmp-Lipid_mask.png","ChypIVlat","ArcticNet2013","101",1,"8/15/2013",192,144,"False",0.829752736116741,2173,0.238768744545805,2341,0.264611676570975,27648
"953",1188,"20130815 105421 581 000000 0733 0411","20130815 105421 581 000000 0733 0411.bmp","20130815_105421_581_000000_0733_0411-Prosome_mask.png","20130815_105421_581_000000_0733_0411.bmp-Lipid_mask.png","ChypVlat","ArcticNet2013","101",1,"8/15/2013",341,208,"False",0.920663870144081,5351,0.828085701769313,5180,0.791790199706262,70928
"954",1189,"20130815 105425 513 000000 0333 0475","20130815 105425 513 000000 0333 0475.bmp","20130815_105425_513_000000_0333_0475-Prosome_mask.png","20130815_105425_513_000000_0333_0475.bmp-Lipid_mask.png","ChypVdors","ArcticNet2013","101",1,"8/15/2013",182,331,"False",0.825475017593244,4914,0.736233480942522,5462,0.851883867270427,60242
"955",1190,"20130815 105433 676 000000 0441 0219","20130815 105433 676 000000 0441 0219.bmp","20130815_105433_676_000000_0441_0219-Prosome_mask.png","20130815_105433_676_000000_0441_0219.bmp-Lipid_mask.png","ChypVdors","ArcticNet2013","101",1,"8/15/2013",331,158,"False",0.829485935984481,4623,0.676752745797614,4808,0.714407502901246,52298
"956",1193,"20130815 142931 992 000001 0923 0796","20130815 142931 992 000001 0923 0796.bmp","20130815_142931_992_000001_0923_0796-Prosome_mask.png","20130815_142931_992_000001_0923_0796.bmp-Lipid_mask.png","CglacFdorsS","ArcticNet2013","101",2,"8/15/2013",127,256,"False",0.901812688821752,3784,0.51334295924965,3770,0.510723823724082,32512
"957",1194,"20130815 142931 999 000000 0311 0800","20130815 142931 999 000000 0311 0800.bmp","20130815_142931_999_000000_0311_0800-Prosome_mask.png","20130815_142931_999_000000_0311_0800.bmp-Lipid_mask.png","CglacFdorsS","ArcticNet2013","101",2,"8/15/2013",157,256,"False",0.915557830092119,3835,0.522915194943641,3651,0.488611161008583,40192
"958",1197,"20130815 142940 188 000000 0223 0216","20130815 142940 188 000000 0223 0216.bmp","20130815_142940_188_000000_0223_0216-Prosome_mask.png","20130815_142940_188_000000_0223_0216.bmp-Lipid_mask.png","CglacVlat","ArcticNet2013","101",2,"8/15/2013",233,194,"False",0.902576251110453,3168,0.401715502864563,3257,0.417372240212569,45202
"959",1198,"20130815 142951 350 000000 0859 0808","20130815 142951 350 000000 0859 0808.bmp","20130815_142951_350_000000_0859_0808-Prosome_mask.png","20130815_142951_350_000000_0859_0808.bmp-Lipid_mask.png","ChypVlat","ArcticNet2013","101",2,"8/15/2013",170,422,"False",0.908163265306122,8228,1.49948168010443,8228,1.49948168010443,71740
"960",1199,"20130815 143000 639 000000 1033 0020","20130815 143000 639 000000 1033 0020.bmp","20130815_143000_639_000000_1033_0020-Prosome_mask.png","20130815_143000_639_000000_1033_0020.bmp-Lipid_mask.png","ChypVdors","ArcticNet2013","101",2,"8/15/2013",124,297,"False",0.589471305919566,2680,0.318904809728324,4355,0.623216170611222,36828
"961",1200,"20130815 143003 745 000000 1072 0172","20130815 143003 745 000000 1072 0172.bmp","20130815_143003_745_000000_1072_0172-Prosome_mask.png","20130815_143003_745_000000_1072_0172.bmp-Lipid_mask.png","ChypVdors","ArcticNet2013","101",2,"8/15/2013",335,172,"False",0.778402481582009,4215,0.595738561670793,4958,0.745346222111117,57620
"962",1202,"20130815 143009 676 000000 1063 0312","20130815 143009 676 000000 1063 0312.bmp","20130815_143009_676_000000_1063_0312-Prosome_mask.png","20130815_143009_676_000000_1063_0312.bmp-Lipid_mask.png","ChypIVlat","ArcticNet2013","101",2,"8/15/2013",195,188,"False",0.893293885601578,4966,0.747006396403817,4633,0.678773733138473,36660
"963",1204,"20130815 143012 575 000000 0655 0680","20130815 143012 575 000000 0655 0680.bmp","20130815_143012_575_000000_0655_0680-Prosome_mask.png","20130815_143012_575_000000_0655_0680.bmp-Lipid_mask.png","ChypVlat","ArcticNet2013","101",2,"8/15/2013",225,418,"False",0.939419886546077,8991,1.69468931151234,9129,1.73068918315984,94050
"964",1205,"20130815 143014 774 000000 0791 0188","20130815 143014 774 000000 0791 0188.bmp","20130815_143014_774_000000_0791_0188-Prosome_mask.png","20130815_143014_774_000000_0791_0188.bmp-Lipid_mask.png","ChypVlat","ArcticNet2013","101",2,"8/15/2013",157,433,"False",0.923604169641582,6809,1.15475554069724,6662,1.12049375586393,67981
"965",1206,"20130815 143016 806 000000 1071 0660","20130815 143016 806 000000 1071 0660.bmp","20130815_143016_806_000000_1071_0660-Prosome_mask.png","20130815_143016_806_000000_1071_0660.bmp-Lipid_mask.png","ChypVlat","ArcticNet2013","101",2,"8/15/2013",136,267,"False",0.315800960279354,1678,0.167127514144981,4351,0.622426376627397,36312
"966",1207,"20130815 143018 999 000000 0583 0236","20130815 143018 999 000000 0583 0236.bmp","20130815_143018_999_000000_0583_0236-Prosome_mask.png","20130815_143018_999_000000_0583_0236.bmp-Lipid_mask.png","ChypVlat","ArcticNet2013","101",2,"8/15/2013",165,334,"False",0.928883903533371,8590,1.59127639191194,8606,1.59536810464283,55110
"967",1208,"20130815 143020 438 000000 0567 0600","20130815 143020 438 000000 0567 0600.bmp","20130815_143020_438_000000_0567_0600-Prosome_mask.png","20130815_143020_438_000000_0567_0600.bmp-Lipid_mask.png","ChypFdors","ArcticNet2013","101",2,"8/15/2013",157,459,"False",0.889541466176054,12752,2.74494162597088,13951,3.1073517724195,72063
"968",1209,"20130815 143021 504 000000 0103 0824","20130815 143021 504 000000 0103 0824.bmp","20130815_143021_504_000000_0103_0824-Prosome_mask.png","20130815_143021_504_000000_0103_0824.bmp-Lipid_mask.png","ChypIVlat","ArcticNet2013","101",2,"8/15/2013",148,355,"False",0.796823552198334,4608,0.673724378965208,4669,0.686063002420288,52540
"969",1210,"20130815 143023 304 000000 0823 0264","20130815 143023 304 000000 0823 0264.bmp","20130815_143023_304_000000_0823_0264-Prosome_mask.png","20130815_143023_304_000000_0823_0264.bmp-Lipid_mask.png","ChypFdors","ArcticNet2013","101",2,"8/15/2013",386,392,"False",0.857545839210155,11229,2.30306261979247,9843,1.92021997459369,151312
"970",1212,"20130815 143026 436 000001 0859 0652","20130815 143026 436 000001 0859 0652.bmp","20130815_143026_436_000001_0859_0652-Prosome_mask.png","20130815_143026_436_000001_0859_0652.bmp-Lipid_mask.png","ChypIVlat","ArcticNet2013","101",2,"8/15/2013",208,287,"False",0.786669327479545,4977,0.749290795779928,3976,0.549630787989707,59696
"971",1218,"20130815 143047 244 000000 0809 0656","20130815 143047 244 000000 0809 0656.bmp","20130815_143047_244_000000_0809_0656-Prosome_mask.png","20130815_143047_244_000000_0809_0656.bmp-Lipid_mask.png","ChypVlat","ArcticNet2013","101",2,"8/15/2013",305,150,"False",0.881374877742071,7089,1.22079381673871,6376,1.05465816475975,45750
"972",1219,"20130815 143102 454 000000 1059 0592","20130815 143102 454 000000 1059 0592.bmp","20130815_143102_454_000000_1059_0592-Prosome_mask.png","20130815_143102_454_000000_1059_0592.bmp-Lipid_mask.png","MlongFlat","ArcticNet2013","101",2,"8/15/2013",199,194,"False",0.796268656716418,1177,0.102448728403206,1230,0.108868968305342,38606
"973",1220,"20130815 143105 470 000001 0097 0168","20130815 143105 470 000001 0097 0168.bmp","20130815_143105_470_000001_0097_0168-Prosome_mask.png","20130815_143105_470_000001_0097_0168.bmp-Lipid_mask.png","ChypFlat","ArcticNet2013","101",2,"8/15/2013",259,290,"False",0.909325210871603,8125,1.47363966858431,8173,1.48566715486507,75110
"974",1221,"20130815 143107 999 000000 0407 0144","20130815 143107 999 000000 0407 0144.bmp","20130815_143107_999_000000_0407_0144-Prosome_mask.png","20130815_143107_999_000000_0407_0144.bmp-Lipid_mask.png","CglacVlat","ArcticNet2013","101",2,"8/15/2013",119,349,"False",0.82902434421589,4777,0.708058737759683,4915,0.73644024559165,41531
"975",1223,"20130815 143108 469 000000 0605 0528","20130815 143108 469 000000 0605 0528.bmp","20130815_143108_469_000000_0605_0528-Prosome_mask.png","20130815_143108_469_000000_0605_0528.bmp-Lipid_mask.png","ChypVlat","ArcticNet2013","101",2,"8/15/2013",301,199,"False",0.908861432177494,7127,1.22983367526888,7241,1.2570630156407,59899
"976",1224,"20130815 143110 668 000000 0741 0036","20130815 143110 668 000000 0741 0036.bmp","20130815_143110_668_000000_0741_0036-Prosome_mask.png","20130815_143110_668_000000_0741_0036.bmp-Lipid_mask.png","ChypVlat","ArcticNet2013","101",2,"8/15/2013",312,139,"False",0.849640052356021,5961,0.961115191233982,5344,0.826591155123841,43368
"977",1225,"20130815 143112 151 000000 1072 0716","20130815 143112 151 000000 1072 0716.bmp","20130815_143112_151_000000_1072_0716-Prosome_mask.png","20130815_143112_151_000000_1072_0716.bmp-Lipid_mask.png","CglacFlat","ArcticNet2013","101",2,"8/15/2013",263,224,"False",0.649052132701422,4041,0.562069044044834,2918,0.358635065505731,58912
"978",1226,"20130815 143114 899 000000 0533 0084","20130815 143114 899 000000 0533 0084.bmp","20130815_143114_899_000000_0533_0084-Prosome_mask.png","20130815_143114_899_000000_0533_0084.bmp-Lipid_mask.png","ChypVlat","ArcticNet2013","101",2,"8/15/2013",241,147,"False",0.835330901511204,7224,1.25299209490969,6864,1.16764733609792,35427
"979",1227,"20130815 143115 416 000000 0339 0328","20130815 143115 416 000000 0339 0328.bmp","20130815_143115_416_000000_0339_0328-Prosome_mask.png","20130815_143115_416_000000_0339_0328.bmp-Lipid_mask.png","ChypMlat","ArcticNet2013","101",NA,"8/15/2013",144,396,"False",0.697488584474886,6432,1.06746239113672,5464,0.852314362151051,57024
"980",1229,"20130815 143116 332 000000 0517 0448","20130815 143116 332 000000 0517 0448.bmp","20130815_143116_332_000000_0517_0448-Prosome_mask.png","20130815_143116_332_000000_0517_0448.bmp-Lipid_mask.png","ChypFdors","ArcticNet2013","101",2,"8/15/2013",331,139,"False",0.93680758663476,10810,2.18531733716714,11043,2.25058392811967,46009
"981",1230,"20130815 143117 398 000000 0053 0672","20130815 143117 398 000000 0053 0672.bmp","20130815_143117_398_000000_0053_0672-Prosome_mask.png","20130815_143117_398_000000_0053_0672.bmp-Lipid_mask.png","ChypIVlat","ArcticNet2013","101",2,"8/15/2013",256,132,"False",0.826974483596598,3461,0.453871863368773,4057,0.565142494462178,33792
"982",1231,"20130815 143119 198 000000 0773 0112","20130815 143119 198 000000 0773 0112.bmp","20130815_143119_198_000000_0773_0112-Prosome_mask.png","20130815_143119_198_000000_0773_0112.bmp-Lipid_mask.png","ChypFdors","ArcticNet2013","101",2,"8/15/2013",282,342,"False",0.532472939217319,6541,1.09250637380395,8183,1.48817626678694,96444
"983",1232,"20130815 143122 330 000001 0809 0500","20130815 143122 330 000001 0809 0500.bmp","20130815_143122_330_000001_0809_0500-Prosome_mask.png","20130815_143122_330_000001_0809_0500.bmp-Lipid_mask.png","ChypIVlat","ArcticNet2013","101",2,"8/15/2013",207,184,"False",0.764462809917355,4037,0.561301402993919,3222,0.411195443323853,38088
"984",1233,"20130815 143125 862 000000 0105 0016","20130815 143125 862 000000 0105 0016.bmp","20130815_143125_862_000000_0105_0016-Prosome_mask.png","20130815_143125_862_000000_0105_0016.bmp-Lipid_mask.png","ChypVlat","ArcticNet2013","101",2,"8/15/2013",290,150,"False",0.926050718212449,5448,0.848872080963521,5413,0.841355486182849,43500
"985",1235,"20130815 143127 773 000000 0704 0192","20130815 143127 773 000000 0704 0192.bmp","20130815_143127_773_000000_0704_0192-Prosome_mask.png","20130815_143127_773_000000_0704_0192.bmp-Lipid_mask.png","CglacFlat","ArcticNet2013","101",2,"8/15/2013",176,192,"False",0.905318387789172,4001,0.554405658822408,3988,0.551921306598562,33792
"986",1236,"20130815 143129 939 000001 0896 0720","20130815 143129 939 000001 0896 0720.bmp","20130815_143129_939_000001_0896_0720-Prosome_mask.png","20130815_143129_939_000001_0896_0720.bmp-Lipid_mask.png","CglacFdorsS","ArcticNet2013","101",2,"8/15/2013",148,196,"False",0.852486187845304,3256,0.417195408745138,3450,0.45188237720598,29008
"987",1237,"20130815 143130 472 000000 0812 0284","20130815 143130 472 000000 0812 0284.bmp","20130815_143130_472_000000_0812_0284-Prosome_mask.png","20130815_143130_472_000000_0812_0284.bmp-Lipid_mask.png","ChypFlat","ArcticNet2013","101",2,"8/15/2013",172,452,"False",0.923124777817277,10880,2.20486969936739,10759,2.17110229257674,77744
"988",1238,"20130815 143134 870 000000 0936 0456","20130815 143134 870 000000 0936 0456.bmp","20130815_143134_870_000000_0936_0456-Prosome_mask.png","20130815_143134_870_000000_0936_0456.bmp-Lipid_mask.png","CglacVlat","ArcticNet2013","101",2,"8/15/2013",236,136,"False",0.838494394020288,3276,0.420735953791716,3611,0.481239190511358,32096
"989",1240,"20130815 143138 135 000000 0196 0140","20130815 143138 135 000000 0196 0140.bmp","20130815_143138_135_000000_0196_0140-Prosome_mask.png","20130815_143138_135_000000_0196_0140.bmp-Lipid_mask.png","CglacVlat","ArcticNet2013","101",2,"8/15/2013",220,148,"False",0.874916387959866,2631,0.310886471630895,2975,0.368338463604138,32560
"990",1242,"20130815 143149 297 000000 0832 0732","20130815 143149 297 000000 0832 0732.bmp","20130815_143149_297_000000_0832_0732-Prosome_mask.png","20130815_143149_297_000000_0832_0732.bmp-Lipid_mask.png","ChypVlat","ArcticNet2013","101",2,"8/15/2013",160,324,"False",0.927818962153726,7628,1.35070901354705,7195,1.24605598407253,51840
"991",1243,"20130815 143159 265 000000 1067 0496","20130815 143159 265 000000 1067 0496.bmp","20130815_143159_265_000000_1067_0496-Prosome_mask.png","20130815_143159_265_000000_1067_0496.bmp-Lipid_mask.png","CglacFdorsS","ArcticNet2013","101",2,"8/15/2013",288,183,"False",0.676946410515672,3506,0.462035655761074,3128,0.394732750541637,52704
"992",1244,"20130815 143200 825 000000 0957 0143","20130815 143200 825 000000 0957 0143.bmp","20130815_143200_825_000000_0957_0143-Prosome_mask.png","20130815_143200_825_000000_0957_0143.bmp-Lipid_mask.png","ChypVdors","ArcticNet2013","101",2,"8/15/2013",163,390,"False",0.754114614316875,3862,0.528002507968762,4984,0.750745503991804,63570
"993",1245,"20130815 143201 692 000000 1056 0096","20130815 143201 692 000000 1056 0096.bmp","20130815_143201_692_000000_1056_0096-Prosome_mask.png","20130815_143201_692_000000_1056_0096.bmp-Lipid_mask.png","ChypVdors","ArcticNet2013","101",2,"8/15/2013",316,132,"False",0.542490646712988,3651,0.488611161008583,5007,0.755530723798486,41712
"994",1246,"20130815 143203 913 000000 0357 0016","20130815 143203 913 000000 0357 0016.bmp","20130815_143203_913_000000_0357_0016-Prosome_mask.png","20130815_143203_913_000000_0357_0016.bmp-Lipid_mask.png","CglacVlat","ArcticNet2013","101",2,"8/15/2013",252,105,"False",0.809810273021749,3979,0.550203171697801,3843,0.524421132592998,26460
"995",1247,"20130815 143207 523 000001 0120 0244","20130815 143207 523 000001 0120 0244.bmp","20130815_143207_523_000001_0120_0244-Prosome_mask.png","20130815_143207_523_000001_0120_0244.bmp-Lipid_mask.png","ChypFlat","ArcticNet2013","101",2,"8/15/2013",308,276,"False",0.918250753090267,9192,1.74719297646338,9275,1.76900174294054,85008
"996",1249,"20130815 143208 045 000000 1049 0564","20130815 143208 045 000000 1049 0564.bmp","20130815_143208_045_000000_1049_0564-Prosome_mask.png","20130815_143208_045_000000_1049_0564.bmp-Lipid_mask.png","CglacFlat","ArcticNet2013","101",2,"8/15/2013",162,233,"False",0.778451658936853,2423,0.277487078860777,2562,0.299691376610014,37746
"997",1250,"20130815 143210 122 000000 0912 0428","20130815 143210 122 000000 0912 0428.bmp","20130815_143210_122_000000_0912_0428-Prosome_mask.png","20130815_143210_122_000000_0912_0428.bmp-Lipid_mask.png","ChypIVlat","ArcticNet2013","101",2,"8/15/2013",204,148,"False",0.812002124269782,3202,0.407677258310744,3622,0.483263404417413,30192
"998",1253,"20130815 143211 343 000000 0753 0184","20130815 143211 343 000000 0753 0184.bmp","20130815_143211_343_000000_0753_0184-Prosome_mask.png","20130815_143211_343_000000_0753_0184.bmp-Lipid_mask.png","ChypMlat","ArcticNet2013","101",NA,"8/15/2013",350,165,"False",0.876480836236934,5606,0.883031756684073,5165,0.788627837923374,57750
"999",1254,"20130815 143212 721 000000 0764 0112","20130815 143212 721 000000 0764 0112.bmp","20130815_143212_721_000000_0764_0112-Prosome_mask.png","20130815_143212_721_000000_0764_0112.bmp-Lipid_mask.png","ChypVlat","ArcticNet2013","101",2,"8/15/2013",148,332,"False",0.871227364185111,6348,1.04827203584368,5742,0.912729848451092,49136
"1000",1255,"20130815 143214 592 000000 0291 0820","20130815 143214 592 000000 0291 0820.bmp","20130815_143214_592_000000_0291_0820-Prosome_mask.png","20130815_143214_592_000000_0291_0820.bmp-Lipid_mask.png","ChypVlat","ArcticNet2013","101",2,"8/15/2013",136,386,"False",0.954760652288269,7383,1.29120860600284,7481,1.31492013942928,52496
"1001",1257,"20130815 143216 952 000000 0556 0160","20130815 143216 952 000000 0556 0160.bmp","20130815_143216_952_000000_0556_0160-Prosome_mask.png","20130815_143216_952_000000_0556_0160.bmp-Lipid_mask.png","ChypVlat","ArcticNet2013","101",2,"8/15/2013",156,256,"False",0.456022337860134,3802,0.516715832563707,7670,1.36098286005348,39936
"1002",1258,"20130815 143218 385 000000 0540 0524","20130815 143218 385 000000 0540 0524.bmp","20130815_143218_385_000000_0540_0524-Prosome_mask.png","20130815_143218_385_000000_0540_0524.bmp-Lipid_mask.png","ChypFdors","ArcticNet2013","101",2,"8/15/2013",148,352,"False",0.93578886787799,11568,2.39955926042367,11977,2.51741816693778,52096
"1003",1259,"20130815 143219 451 000000 0076 0748","20130815 143219 451 000000 0076 0748.bmp","20130815_143219_451_000000_0076_0748-Prosome_mask.png","20130815_143219_451_000000_0076_0748.bmp-Lipid_mask.png","ChypIVlat","ArcticNet2013","101",2,"8/15/2013",140,272,"False",0.761250235360572,5165,0.788627837923374,4189,0.590673314729317,38080
"1004",1263,"20130815 143223 839 000002 0213 0823","20130815 143223 839 000002 0213 0823.bmp","20130815_143223_839_000002_0213_0823-Prosome_mask.png","20130815_143223_839_000002_0213_0823.bmp-Lipid_mask.png","CglacFlat","ArcticNet2013","101",2,"8/15/2013",182,203,"False",0.698771005768748,2977,0.368680226291448,3796,0.515590865749394,36946
"1005",1264,"20130815 143223 906 000000 0605 0239","20130815 143223 906 000000 0605 0239.bmp","20130815_143223_906_000000_0605_0239-Prosome_mask.png","20130815_143223_906_000000_0605_0239.bmp-Lipid_mask.png","CglacFlat","ArcticNet2013","101",2,"8/15/2013",238,217,"False",0.886461982279003,4614,0.674935276875132,4541,0.660243487623015,51646
"1006",1266,"20130815 143225 999 000000 0185 0771","20130815 143225 999 000000 0185 0771.bmp","20130815_143225_999_000000_0185_0771-Prosome_mask.png","20130815_143225_999_000000_0185_0771.bmp-Lipid_mask.png","CglacFdorsS","ArcticNet2013","101",2,"8/15/2013",242,149,"False",0.82103134479272,3490,0.459128384472175,3714,0.500284300860859,36058
"1007",1268,"20130815 143226 605 000000 0713 0331","20130815 143226 605 000000 0713 0331.bmp","20130815_143226_605_000000_0713_0331-Prosome_mask.png","20130815_143226_605_000000_0713_0331.bmp-Lipid_mask.png","ChypFlat","ArcticNet2013","101",2,"8/15/2013",559,212,"False",0.917595887702649,12260,2.59987161464636,11988,2.52060937299656,118508
"1008",1269,"20130815 143227 915 000000 0128 0060","20130815 143227 915 000000 0128 0060.bmp","20130815_143227_915_000000_0128_0060-Prosome_mask.png","20130815_143227_915_000000_0128_0060.bmp-Lipid_mask.png","ChypVlat","ArcticNet2013","101",2,"8/15/2013",160,308,"False",0.900672529746508,5355,0.828940062112271,5667,0.896318761424715,49280
"1009",1270,"20130815 143229 153 000000 0535 0576","20130815 143229 153 000000 0535 0576.bmp","20130815_143229_153_000000_0535_0576-Prosome_mask.png","20130815_143229_153_000000_0535_0576.bmp-Lipid_mask.png","CglacVdors","ArcticNet2013","101",2,"8/15/2013",102,292,"False",0.698434309053778,2387,0.271813730960456,2603,0.306329911583583,29784
"1010",1272,"20130815 143230 999 000000 1072 0328","20130815 143230 999 000000 1072 0328.bmp","20130815_143230_999_000000_1072_0328-Prosome_mask.png","20130815_143230_999_000000_1072_0328.bmp-Lipid_mask.png","ChypIVlat","ArcticNet2013","101",2,"8/15/2013",182,282,"False",0.882168721863378,4891,0.731482310931565,4725,0.697444341802149,51324
"1011",1273,"20130815 143237 932 000000 0781 0716","20130815 143237 932 000000 0781 0716.bmp","20130815_143237_932_000000_0781_0716-Prosome_mask.png","20130815_143237_932_000000_0781_0716.bmp-Lipid_mask.png","ChypFlat","ArcticNet2013","101",2,"8/15/2013",399,165,"False",0.868982742960945,7949,1.42977039216528,8513,1.57162557571526,65835
"1012",1274,"20130815 143242 999 000000 0607 0440","20130815 143242 999 000000 0607 0440.bmp","20130815_143242_999_000000_0607_0440-Prosome_mask.png","20130815_143242_999_000000_0607_0440.bmp-Lipid_mask.png","ChypIVlat","ArcticNet2013","101",2,"8/15/2013",220,188,"False",0.874436090225564,3851,0.525928261984313,3628,0.484368506564815,41360
"1013",1275,"20130815 143243 380 000002 1072 0264","20130815 143243 380 000002 1072 0264.bmp","20130815_143243_380_000002_1072_0264-Prosome_mask.png","20130815_143243_380_000002_1072_0264.bmp-Lipid_mask.png","MlongFlat","ArcticNet2013","101",2,"8/15/2013",161,287,"False",0.550094517958412,877,0.068261290174438,1583,0.154212194034986,46207
"1014",1276,"20130815 143256 159 000000 1017 0344","20130815 143256 159 000000 1017 0344.bmp","20130815_143256_159_000000_1017_0344-Prosome_mask.png","20130815_143256_159_000000_1017_0344.bmp-Lipid_mask.png","CglacFdorsS","ArcticNet2013","101",2,"8/15/2013",132,256,"False",0.760057061340942,3404,0.443588863567219,2765,0.332946413287141,33792
"1015",1277,"20130815 143258 474 000000 1059 0144","20130815 143258 474 000000 1059 0144.bmp","20130815_143258_474_000000_1059_0144-Prosome_mask.png","20130815_143258_474_000000_1059_0144.bmp-Lipid_mask.png","MlongFlat","ArcticNet2013","101",2,"8/15/2013",216,204,"False",0.525032938076416,1135,0.097438220180484,1180,0.102809257740338,44064
"1016",1278,"20130815 143258 874 000000 0779 0452","20130815 143258 874 000000 0779 0452.bmp","20130815_143258_874_000000_0779_0452-Prosome_mask.png","20130815_143258_874_000000_0779_0452.bmp-Lipid_mask.png","CglacFlat","ArcticNet2013","101",2,"8/15/2013",165,271,"False",0.876072849068453,4452,0.642452714413491,4510,0.65403152362513,44715
"1017",1279,"20130815 143259 907 000001 0967 0748","20130815 143259 907 000001 0967 0748.bmp","20130815_143259_907_000001_0967_0748-Prosome_mask.png","20130815_143259_907_000001_0967_0748.bmp-Lipid_mask.png","ChypIVlat","ArcticNet2013","101",2,"8/15/2013",199,282,"False",0.821944809461235,4554,0.662853310816466,3765,0.50978931281401,56118
"1018",1281,"20130815 143300 534 000000 0933 0563","20130815 143300 534 000000 0933 0563.bmp","20130815_143300_534_000000_0933_0563-Prosome_mask.png","20130815_143300_534_000000_0933_0563.bmp-Lipid_mask.png","MlongFlat","ArcticNet2013","101",2,"8/15/2013",182,233,"False",0.639461883408072,728,0.052793001850789,1100,0.093316181487541,42406
"1019",1282,"20130815 143300 700 000000 1017 0448","20130815 143300 700 000000 1017 0448.bmp","20130815_143300_700_000000_1017_0448-Prosome_mask.png","20130815_143300_700_000000_1017_0448.bmp-Lipid_mask.png","ChypIVdors","ArcticNet2013","101",2,"8/15/2013",218,162,"False",0.746583481877599,2634,0.311375771808614,3245,0.415251625469841,35316
"1020",1284,"20130815 143303 806 000000 1067 0600","20130815 143303 806 000000 1067 0600.bmp","20130815_143303_806_000000_1067_0600-Prosome_mask.png","20130815_143303_806_000000_1067_0600.bmp-Lipid_mask.png","ChypIVdors","ArcticNet2013","101",2,"8/15/2013",182,304,"False",0.877172653534183,3889,0.533103354285327,4211,0.594958518063673,55328
"1021",1287,"20130815 143310 486 000000 0241 0668","20130815 143310 486 000000 0241 0668.bmp","20130815_143310_486_000000_0241_0668-Prosome_mask.png","20130815_143310_486_000000_0241_0668.bmp-Lipid_mask.png","ChypVlat","ArcticNet2013","101",2,"8/15/2013",278,120,"False",0.873833992094862,5903,0.948233936757242,5949,0.958446179766694,33360
"1022",1288,"20130815 143312 969 000000 0811 0252","20130815 143312 969 000000 0811 0252.bmp","20130815_143312_969_000000_0811_0252-Prosome_mask.png","20130815_143312_969_000000_0811_0252.bmp-Lipid_mask.png","ChypIVlat","ArcticNet2013","101",2,"8/15/2013",114,304,"False",0.874576271186441,4583,0.668685424019755,4265,0.605512792180118,34656
"1023",1290,"20130815 143313 396 000000 0776 0260","20130815 143313 396 000000 0776 0260.bmp","20130815_143313_396_000000_0776_0260-Prosome_mask.png","20130815_143313_396_000000_0776_0260.bmp-Lipid_mask.png","ChypMlat","ArcticNet2013","101",NA,"8/15/2013",176,372,"False",0.809789029535865,4907,0.734786576189891,5816,0.929002157523565,65472
"1024",1291,"20130815 143313 435 000001 0343 0348","20130815 143313 435 000001 0343 0348.bmp","20130815_143313_435_000001_0343_0348-Prosome_mask.png","20130815_143313_435_000001_0343_0348.bmp-Lipid_mask.png","ChypVlat","ArcticNet2013","101",2,"8/15/2013",386,157,"False",0.945623342175066,8876,1.66484926486579,8728,1.6266622624734,60602
"1025",1292,"20130815 143314 518 000000 0441 0571","20130815 143314 518 000000 0441 0571.bmp","20130815_143314_518_000000_0441_0571-Prosome_mask.png","20130815_143314_518_000000_0441_0571.bmp-Lipid_mask.png","ChypFdors","ArcticNet2013","101",2,"8/15/2013",436,182,"False",0.857417115853208,11813,2.46997259707954,13342,2.92172909732111,79352
"1026",1293,"20130815 143317 384 000000 0697 0235","20130815 143317 384 000000 0697 0235.bmp","20130815_143317_384_000000_0697_0235-Prosome_mask.png","20130815_143317_384_000000_0697_0235.bmp-Lipid_mask.png","ChypFdors","ArcticNet2013","101",2,"8/15/2013",371,450,"False",0.887683892870615,10106,1.9913815502291,9911,1.93855073035976,166950
"1027",1295,"20130815 143326 946 000000 1049 0176","20130815 143326 946 000000 1049 0176.bmp","20130815_143326_946_000000_1049_0176-Prosome_mask.png","20130815_143326_946_000000_1049_0176.bmp-Lipid_mask.png","ChypIVlat","ArcticNet2013","101",2,"8/15/2013",203,162,"False",0.87881286067601,3363,0.436232612903299,3474,0.45622617360488,32886
"1028",1296,"20130815 143332 922 000000 0096 0600","20130815 143332 922 000000 0096 0600.bmp","20130815_143332_922_000000_0096_0600-Prosome_mask.png","20130815_143332_922_000000_0096_0600.bmp-Lipid_mask.png","ChypIVlat","ArcticNet2013","101",2,"8/15/2013",192,152,"False",0.894128525196486,4157,0.584455550446664,4037,0.561301402993919,29184
"1029",1297,"20130815 143338 908 000000 0557 0288","20130815 143338 908 000000 0557 0288.bmp","20130815_143338_908_000000_0557_0288-Prosome_mask.png","20130815_143338_908_000000_0557_0288.bmp-Lipid_mask.png","ChypIVlat","ArcticNet2013","101",2,"8/15/2013",135,196,"False",0.793010752688172,2657,0.315134099161603,2679,0.318740609192986,26460
"1030",1298,"20130815 143339 274 000002 1049 0112","20130815 143339 274 000002 1049 0112.bmp","20130815_143339_274_000002_1049_0112-Prosome_mask.png","20130815_143339_274_000002_1049_0112.bmp-Lipid_mask.png","MlongFlat","ArcticNet2013","101",2,"8/15/2013",207,143,"False",0.693562231759657,983,0.079902231457794,990,0.080688496304933,29601
"1031",1299,"20130815 143339 985 000000 0804 0792","20130815 143339 985 000000 0804 0792.bmp","20130815_143339_985_000000_0804_0792-Prosome_mask.png","20130815_143339_985_000000_0804_0792.bmp-Lipid_mask.png","ChypFlat","ArcticNet2013","101",2,"8/15/2013",176,424,"False",0.77252538071066,7388,1.29241549827172,9373,1.79484746117016,74624
"1032",1300,"20130815 143344 823 000000 1023 0440","20130815 143344 823 000000 1023 0440.bmp","20130815_143344_823_000000_1023_0440-Prosome_mask.png","20130815_143344_823_000000_1023_0440.bmp-Lipid_mask.png","CglacFlat","ArcticNet2013","101",2,"8/15/2013",178,241,"False",0.594401041666667,1857,0.19221863139527,3041,0.379662508932215,42898
"1033",1301,"20130815 143351 320 000000 0443 0264","20130815 143351 320 000000 0443 0264.bmp","20130815_143351_320_000000_0443_0264-Prosome_mask.png","20130815_143351_320_000000_0443_0264.bmp-Lipid_mask.png","MlongFlat","ArcticNet2013","101",2,"8/15/2013",157,177,"False",0.615476190476191,1522,0.146072100336769,1192,0.104254854384554,27789
"1034",1302,"20130815 143354 368 000000 1009 0016","20130815 143354 368 000000 1009 0016.bmp","20130815_143354_368_000000_1009_0016-Prosome_mask.png","20130815_143354_368_000000_1009_0016.bmp-Lipid_mask.png","MlongFlat","ArcticNet2013","101",2,"8/15/2013",147,192,"False",0.436909871244635,786,0.05868379173007,888,0.069445633874128,28224
"1035",1303,"20130815 143354 768 000000 0729 0300","20130815 143354 768 000000 0729 0300.bmp","20130815_143354_768_000000_0729_0300-Prosome_mask.png","20130815_143354_768_000000_0729_0300.bmp-Lipid_mask.png","CglacFlat","ArcticNet2013","101",2,"8/15/2013",196,147,"False",0.893989071038251,3524,0.465312366907053,3408,0.444308357423709,28812
"1036",1304,"20130815 143356 984 000001 0331 0864","20130815 143356 984 000001 0331 0864.bmp","20130815_143356_984_000001_0331_0864-Prosome_mask.png","20130815_143356_984_000001_0331_0864.bmp-Lipid_mask.png","CglacFlat","ArcticNet2013","101",2,"8/15/2013",153,340,"False",0.689824711415135,3555,0.470970503598571,4350,0.622228971228799,52020
"1037",1305,"20130815 143356 999 000001 0811 0776","20130815 143356 999 000001 0811 0776.bmp","20130815_143356_999_000001_0811_0776-Prosome_mask.png","20130815_143356_999_000001_0811_0776.bmp-Lipid_mask.png","CglacFlat","ArcticNet2013","101",2,"8/15/2013",102,340,"False",0.843257874015748,3644,0.487318840077311,3847,0.525174548417004,34680
"1038",1306,"20130815 143357 084 000000 0391 0224","20130815 143357 084 000000 0391 0224.bmp","20130815_143357_084_000000_0391_0224-Prosome_mask.png","20130815_143357_084_000000_0391_0224.bmp-Lipid_mask.png","CglacVlat","ArcticNet2013","101",2,"8/15/2013",165,220,"False",0.844108019639934,4779,0.708467864315784,4235,0.599642996616356,36300
"1039",1307,"20130815 143357 801 000001 0917 0596","20130815 143357 801 000001 0917 0596.bmp","20130815_143357_801_000001_0917_0596-Prosome_mask.png","20130815_143357_801_000001_0917_0596.bmp-Lipid_mask.png","ChypIVlat","ArcticNet2013","101",2,"8/15/2013",203,177,"False",0.86586390366844,3320,0.42855405530358,3343,0.432656520482124,35931
"1040",1310,"20130815 143406 231 000000 0973 0687","20130815 143406 231 000000 0973 0687.bmp","20130815_143406_231_000000_0973_0687-Prosome_mask.png","20130815_143406_231_000000_0973_0687.bmp-Lipid_mask.png","CglacFlat","ArcticNet2013","101",2,"8/15/2013",212,306,"False",0.837533353098132,3109,0.391427784762062,3089,0.387957156036296,64872
"1041",1311,"20130815 143406 514 000002 0715 0840","20130815 143406 514 000002 0715 0840.bmp","20130815_143406_514_000002_0715_0840-Prosome_mask.png","20130815_143406_514_000002_0715_0840.bmp-Lipid_mask.png","ChypIVlat","ArcticNet2013","101",2,"8/15/2013",127,282,"False",0.824357541899441,3891,0.533481731506167,4273,0.607080727166112,35814
"1042",1313,"20130815 143408 999 000000 1072 0280","20130815 143408 999 000000 1072 0280.bmp","20130815_143408_999_000000_1072_0280-Prosome_mask.png","20130815_143408_999_000000_1072_0280.bmp-Lipid_mask.png","MlongFlat","ArcticNet2013","101",2,"8/15/2013",191,256,"False",0.724481964696853,964,0.077778821840005,1283,0.115395225286145,48896
"1043",1314,"20130815 143409 329 000001 0293 0196","20130815 143409 329 000001 0293 0196.bmp","20130815_143409_329_000001_0293_0196-Prosome_mask.png","20130815_143409_329_000001_0293_0196.bmp-Lipid_mask.png","ChypVlat","ArcticNet2013","101",2,"8/15/2013",113,342,"False",0.900825249746634,6375,1.05442990489537,6754,1.14190325591433,38646
"1044",1316,"20130815 143412 539 000000 0264 0744","20130815 143412 539 000000 0264 0744.bmp","20130815_143412_539_000000_0264_0744-Prosome_mask.png","20130815_143412_539_000000_0264_0744.bmp-Lipid_mask.png","ChypVlat","ArcticNet2013","101",2,"8/15/2013",128,296,"False",0.555555555555556,3984,0.551157508981921,6418,1.06425734750925,37888
"1045",1318,"20130815 143426 373 000001 0239 0748","20130815 143426 373 000001 0239 0748.bmp","20130815_143426_373_000001_0239_0748-Prosome_mask.png","20130815_143426_373_000001_0239_0748.bmp-Lipid_mask.png","ChypIVlat","ArcticNet2013","101",2,"8/15/2013",208,256,"False",0.926598263614838,4909,0.735199897564869,4855,0.724062735672343,53248
"1046",1319,"20130815 143427 072 000001 1072 0432","20130815 143427 072 000001 1072 0432.bmp","20130815_143427_072_000001_1072_0432-Prosome_mask.png","20130815_143427_072_000001_1072_0432.bmp-Lipid_mask.png","MlongFdors","ArcticNet2013","101",2,"8/15/2013",199,235,"False",0.772516248839369,1975,0.209275145004235,1843,0.190221681408018,46765
"1047",1320,"20130815 143428 999 000000 1072 0252","20130815 143428 999 000000 1072 0252.bmp","20130815_143428_999_000000_1072_0252-Prosome_mask.png","20130815_143428_999_000000_1072_0252.bmp-Lipid_mask.png","ChypIVlat","ArcticNet2013","101",2,"8/15/2013",172,216,"False",0.8551863493489,4205,0.593788980542251,4058,0.565334738279066,37152
"1048",1322,"20130815 143435 999 000000 0705 0839","20130815 143435 999 000000 0705 0839.bmp","20130815_143435_999_000000_0705_0839-Prosome_mask.png","20130815_143435_999_000000_0705_0839.bmp-Lipid_mask.png","ChypFlat","ArcticNet2013","101",2,"8/15/2013",524,217,"False",0.866773354670934,8819,1.65011323015663,9845,1.92075842950848,113708
"1049",1324,"20130815 143440 961 000000 0580 0364","20130815 143440 961 000000 0580 0364.bmp","20130815_143440_961_000000_0580_0364-Prosome_mask.png","20130815_143440_961_000000_0580_0364.bmp-Lipid_mask.png","ChypIVlat","ArcticNet2013","101",2,"8/15/2013",208,144,"False",0.861250697934115,3321,0.42873219941191,3346,0.433192417385308,29952
"1050",1327,"20130815 143444 932 000000 0735 0172","20130815 143444 932 000000 0735 0172.bmp","20130815_143444_932_000000_0735_0172-Prosome_mask.png","20130815_143444_932_000000_0735_0172.bmp-Lipid_mask.png","CglacFlat","ArcticNet2013","101",2,"8/15/2013",148,345,"False",0.876948908611178,3739,0.504937465129135,4086,0.570724864337034,51060
"1051",1332,"20130815 143454 345 000000 0941 0467","20130815 143454 345 000000 0941 0467.bmp","20130815_143454_345_000000_0941_0467-Prosome_mask.png","20130815_143454_345_000000_0941_0467.bmp-Lipid_mask.png","CglacFdorsS","ArcticNet2013","101",2,"8/15/2013",173,336,"False",0.761827956989247,3361,0.435874639085439,3193,0.406096794245401,58128
"1052",1334,"20130815 143456 821 000000 0752 0376","20130815 143456 821 000000 0752 0376.bmp","20130815_143456_821_000000_0752_0376-Prosome_mask.png","20130815_143456_821_000000_0752_0376.bmp-Lipid_mask.png","CglacFlat","ArcticNet2013","101",2,"8/15/2013",156,208,"False",0.891062144095073,3698,0.497312510971185,3940,0.542775004588823,32448
"1053",1335,"20130815 143459 854 000001 0940 0672","20130815 143459 854 000001 0940 0672.bmp","20130815_143459_854_000001_0940_0672-Prosome_mask.png","20130815_143459_854_000001_0940_0672.bmp-Lipid_mask.png","ChypIVlat","ArcticNet2013","101",2,"8/15/2013",188,216,"False",0.883180097349919,3650,0.488426486040044,3314,0.427485618952216,40608
"1054",1337,"20130815 143501 753 000000 1040 0524","20130815 143501 753 000000 1040 0524.bmp","20130815_143501_753_000000_1040_0524-Prosome_mask.png","20130815_143501_753_000000_1040_0524.bmp-Lipid_mask.png","ChypIVdors","ArcticNet2013","101",2,"8/15/2013",172,232,"False",0.918157894736842,3678,0.493604640477457,3611,0.481239190511358,39904
"1055",1338,"20130815 143504 940 000000 1041 0128","20130815 143504 940 000000 1041 0128.bmp","20130815_143504_940_000000_1041_0128-Prosome_mask.png","20130815_143504_940_000000_1041_0128.bmp-Lipid_mask.png","MlongFlat","ArcticNet2013","101",2,"8/15/2013",184,169,"False",0.736420302760463,1033,0.085564476435137,917,0.072594670237237,31096
"1056",1339,"20130815 143505 607 000000 0097 0032","20130815 143505 607 000000 0097 0032.bmp","20130815_143505_607_000000_0097_0032-Prosome_mask.png","20130815_143505_607_000000_0097_0032.bmp-Lipid_mask.png","MlongFlat","ArcticNet2013","101",2,"8/15/2013",211,128,"False",0.7789566755084,919,0.072813257239562,1093,0.092497687887518,27008
"1057",1340,"20130815 143511 382 000001 0316 0272","20130815 143511 382 000001 0316 0272.bmp","20130815_143511_382_000001_0316_0272-Prosome_mask.png","20130815_143511_382_000001_0316_0272.bmp-Lipid_mask.png","ChypVlat","ArcticNet2013","101",2,"8/15/2013",364,120,"False",0.925935224704996,7790,1.39045438215752,7552,1.33217287872451,43680
"1058",1342,"20130815 143514 970 000001 0933 0543","20130815 143514 970 000001 0933 0543.bmp","20130815_143514_970_000001_0933_0543-Prosome_mask.png","20130815_143514_970_000001_0933_0543.bmp-Lipid_mask.png","MlongFdors","ArcticNet2013","101",2,"8/15/2013",133,222,"False",0.724316682375118,1817,0.186528352022562,1842,0.190079262061929,29526
"1059",1343,"20130815 143522 267 000001 0189 0596","20130815 143522 267 000001 0189 0596.bmp","20130815_143522_267_000001_0189_0596-Prosome_mask.png","20130815_143522_267_000001_0189_0596.bmp-Lipid_mask.png","ChypIVlat","ArcticNet2013","101",2,"8/15/2013",184,184,"False",0.928694793979768,3956,0.54581909374006,3861,0.52781384727177,33856
"1060",1345,"20130815 143523 233 000000 0409 0547","20130815 143523 233 000000 0409 0547.bmp","20130815_143523_233_000000_0409_0547-Prosome_mask.png","20130815_143523_233_000000_0409_0547.bmp-Lipid_mask.png","CglacVdors","ArcticNet2013","101",2,"8/15/2013",277,119,"False",0.732737030411449,2104,0.228369535494004,2739,0.328633670965447,32963
"1061",1347,"20130815 143533 479 000001 1027 0732","20130815 143533 479 000001 1027 0732.bmp","20130815_143533_479_000001_1027_0732-Prosome_mask.png","20130815_143533_479_000001_1027_0732.bmp-Lipid_mask.png","ChypIVlat","ArcticNet2013","101",2,"8/15/2013",123,340,"False",0.753599565335507,2870,0.350519409235546,3585,0.476464002167937,41820
"1062",1348,"20130815 143537 460 000002 0973 0235","20130815 143537 460 000002 0973 0235.bmp","20130815_143537_460_000002_0973_0235-Prosome_mask.png","20130815_143537_460_000002_0973_0235.bmp-Lipid_mask.png","MlongFlat","ArcticNet2013","101",2,"8/15/2013",272,188,"False",0.47489539748954,781,0.058169252146149,1334,0.121772745667928,51136
"1063",1349,"20130815 143540 793 000000 0377 0068","20130815 143540 793 000000 0377 0068.bmp","20130815_143540_793_000000_0377_0068-Prosome_mask.png","20130815_143540_793_000000_0377_0068.bmp-Lipid_mask.png","CglacFlat","ArcticNet2013","101",2,"8/15/2013",248,143,"False",0.822726101520227,3378,0.438919993397166,3696,0.496941380232857,35464
"1064",1351,"20130815 143542 770 000000 0996 0364","20130815 143542 770 000000 0996 0364.bmp","20130815_143542_770_000000_0996_0364-Prosome_mask.png","20130815_143542_770_000000_0996_0364.bmp-Lipid_mask.png","CglacFlat","ArcticNet2013","101",2,"8/15/2013",168,184,"False",0.66962457337884,2097,0.22732169602436,2795,0.337941832279263,30912
"1065",1354,"20130815 143552 554 000000 0933 0115","20130815 143552 554 000000 0933 0115.bmp","20130815_143552_554_000000_0933_0115-Prosome_mask.png","20130815_143552_554_000000_0933_0115.bmp-Lipid_mask.png","MlongFlat","ArcticNet2013","101",2,"8/15/2013",193,252,"False",0.542461005199307,759,0.055920198493546,1021,0.084195829048395,48636
"1066",1355,"20130815 143552 954 000000 0653 0423","20130815 143552 954 000000 0653 0423.bmp","20130815_143552_954_000000_0653_0423-Prosome_mask.png","20130815_143552_954_000000_0653_0423.bmp-Lipid_mask.png","CglacFlat","ArcticNet2013","101",2,"8/15/2013",257,193,"False",0.86461211477152,4672,0.686671408402954,4101,0.573618216946155,49601
"1067",1356,"20130815 143554 965 000001 0784 0700","20130815 143554 965 000001 0784 0700.bmp","20130815_143554_965_000001_0784_0700-Prosome_mask.png","20130815_143554_965_000001_0784_0700.bmp-Lipid_mask.png","CglacFlat","ArcticNet2013","101",2,"8/15/2013",144,260,"False",0.901593252108716,4180,0.588922737854504,3936,0.542014715255669,37440
"1068",1358,"20130815 143555 831 000001 0796 0360","20130815 143555 831 000001 0796 0360.bmp","20130815_143555_831_000001_0796_0360-Prosome_mask.png","20130815_143555_831_000001_0796_0360.bmp-Lipid_mask.png","CglacFlat","ArcticNet2013","101",2,"8/15/2013",200,160,"False",0.723671497584541,884,0.069014314606891,900,0.070744017036987,32000
"1069",1359,"20130815 143600 761 000000 0025 0167","20130815 143600 761 000000 0025 0167.bmp","20130815_143600_761_000000_0025_0167-Prosome_mask.png","20130815_143600_761_000000_0025_0167.bmp-Lipid_mask.png","MlongVlat","ArcticNet2013","101",2,"8/15/2013",158,168,"False",0.453914767096135,480,0.029713099765051,987,0.08035126608062,26544
"1070",1361,"20130815 143606 993 000000 1064 0204","20130815 143606 993 000000 1064 0204.bmp","20130815_143606_993_000000_1064_0204-Prosome_mask.png","20130815_143606_993_000000_1064_0204.bmp-Lipid_mask.png","MlongFlat","ArcticNet2013","101",2,"8/15/2013",180,196,"False",0.750623441396509,942,0.075339945104526,1164,0.100890474924001,35280
"1071",1362,"20130815 143607 660 000000 0120 0108","20130815 143607 660 000000 0120 0108.bmp","20130815_143607_660_000000_0120_0108-Prosome_mask.png","20130815_143607_660_000000_0120_0108.bmp-Lipid_mask.png","MlongFlat","ArcticNet2013","101",2,"8/15/2013",136,224,"False",0.733333333333333,885,0.069122075036141,987,0.08035126608062,30464
"1072",1363,"20130815 143609 781 000000 0993 0604","20130815 143609 781 000000 0993 0604.bmp","20130815_143609_781_000000_0993_0604-Prosome_mask.png","20130815_143609_781_000000_0993_0604.bmp-Lipid_mask.png","ChypIVlat","ArcticNet2013","101",2,"8/15/2013",237,128,"False",0.744107744107744,2410,0.275434648867111,2770,0.333777559498614,30336
"1073",1364,"20130815 143624 320 000001 0212 0672","20130815 143624 320 000001 0212 0672.bmp","20130815_143624_320_000001_0212_0672-Prosome_mask.png","20130815_143624_320_000001_0212_0672.bmp-Lipid_mask.png","ChypIVlat","ArcticNet2013","101",2,"8/15/2013",196,196,"False",0.894149266074013,4773,0.70724067991964,4389,0.629940535277003,38416
"1074",1365,"20130815 143624 592 000008 1067 0588","20130815 143624 592 000008 1067 0588.bmp","20130815_143624_592_000008_1067_0588-Prosome_mask.png","20130815_143624_592_000008_1067_0588.bmp-Lipid_mask.png","CglacFlat","ArcticNet2013","101",2,"8/15/2013",182,271,"False",0.786663324141389,3519,0.464401529918069,3608,0.480687538419594,49322
"1075",1366,"20130815 143625 019 000001 1064 0356","20130815 143625 019 000001 1064 0356.bmp","20130815_143625_019_000001_1064_0356-Prosome_mask.png","20130815_143625_019_000001_1064_0356.bmp-Lipid_mask.png","MlongFdors","ArcticNet2013","101",2,"8/15/2013",188,180,"False",0.792141230068337,1534,0.147663803200649,1613,0.158259751902874,33840
"1076",1367,"20130815 143629 373 000001 0977 0580","20130815 143629 373 000001 0977 0580.bmp","20130815_143629_373_000001_0977_0580-Prosome_mask.png","20130815_143629_373_000001_0977_0580.bmp-Lipid_mask.png","ChypIVlat","ArcticNet2013","101",2,"8/15/2013",244,109,"False",0.862536656891496,2406,0.274803976819325,2675,0.318084039997614,26596
"1077",1368,"20130815 143632 317 000000 0064 0244","20130815 143632 317 000000 0064 0244.bmp","20130815_143632_317_000000_0064_0244-Prosome_mask.png","20130815_143632_317_000000_0064_0244.bmp-Lipid_mask.png","CglacVdors","ArcticNet2013","101",2,"8/15/2013",172,168,"False",0.852625298329356,2994,0.371588728593089,3216,0.410139113974097,28896
"1078",1369,"20130815 143638 903 000000 0897 0411","20130815 143638 903 000000 0897 0411.bmp","20130815_143638_903_000000_0897_0411-Prosome_mask.png","20130815_143638_903_000000_0897_0411.bmp-Lipid_mask.png","CglacFlat","ArcticNet2013","101",2,"8/15/2013",228,208,"False",0.643961829549194,2020,0.215883745055416,2976,0.36850933403803,47424
"1079",1370,"20130815 143642 846 000000 0400 0144","20130815 143642 846 000000 0400 0144.bmp","20130815_143642_846_000000_0400_0144-Prosome_mask.png","20130815_143642_846_000000_0400_0144.bmp-Lipid_mask.png","CglacFlat","ArcticNet2013","101",2,"8/15/2013",152,264,"False",0.813152147537006,3456,0.452967253144935,4016,0.557276032618997,40128
"1080",1371,"20130815 143642 879 000000 0708 0096","20130815 143642 879 000000 0708 0096.bmp","20130815_143642_879_000000_0708_0096-Prosome_mask.png","20130815_143642_879_000000_0708_0096.bmp-Lipid_mask.png","CglacFlat","ArcticNet2013","101",2,"8/15/2013",140,264,"False",0.830178895514649,3586,0.47664742062502,3473,0.456044953776476,36960
"1081",1372,"20130815 143645 400 000000 0317 0235","20130815 143645 400 000000 0317 0235.bmp","20130815_143645_400_000000_0317_0235-Prosome_mask.png","20130815_143645_400_000000_0317_0235.bmp-Lipid_mask.png","MlongFlat","ArcticNet2013","101",2,"8/15/2013",168,182,"False",0.689542483660131,940,0.075119292949558,1128,0.096609895219012,30576
"1082",1376,"20130815 143650 999 000001 0205 0835","20130815 143650 999 000001 0205 0835.bmp","20130815_143650_999_000001_0205_0835-Prosome_mask.png","20130815_143650_999_000001_0205_0835.bmp-Lipid_mask.png","CglacFlat","ArcticNet2013","101",2,"8/15/2013",322,119,"False",0.869609856262834,3853,0.526305230361763,3431,0.448451668816678,38318
"1083",1377,"20130815 143702 999 000000 0965 0251","20130815 143702 999 000000 0965 0251.bmp","20130815_143702_999_000000_0965_0251-Prosome_mask.png","20130815_143702_999_000000_0965_0251.bmp-Lipid_mask.png","MlongFlat","ArcticNet2013","101",2,"8/15/2013",242,222,"False",0.71866295264624,809,0.061066638373298,1042,0.086594938025982,53724
"1084",1378,"20130815 143703 793 000000 0021 0155","20130815 143703 793 000000 0021 0155.bmp","20130815_143703_793_000000_0021_0155-Prosome_mask.png","20130815_143703_793_000000_0021_0155.bmp-Lipid_mask.png","MlongFlat","ArcticNet2013","101",2,"8/15/2013",277,168,"False",0.707165109034268,1079,0.090866677222979,1113,0.094841492629727,46536
"1085",1379,"20130815 143711 834 000000 1016 0680","20130815 143711 834 000000 1016 0680.bmp","20130815_143711_834_000000_1016_0680-Prosome_mask.png","20130815_143711_834_000000_1016_0680.bmp-Lipid_mask.png","ChypIVlat","ArcticNet2013","101",2,"8/15/2013",136,252,"False",0.773727026212715,3008,0.373988683938544,2879,0.352037194340719,34272
"1086",1380,"20130815 143720 486 000008 1017 0436","20130815 143720 486 000008 1017 0436.bmp","20130815_143720_486_000008_1017_0436-Prosome_mask.png","20130815_143720_486_000008_1017_0436.bmp-Lipid_mask.png","CglacFlat","ArcticNet2013","101",2,"8/15/2013",196,162,"False",0.819928362097037,2835,0.344634127056025,2754,0.331119902216813,31752
"1087",1381,"20130815 143721 152 000001 0965 0403","20130815 143721 152 000001 0965 0403.bmp","20130815_143721_152_000001_0965_0403-Prosome_mask.png","20130815_143721_152_000001_0965_0403.bmp-Lipid_mask.png","MlongFdors","ArcticNet2013","101",2,"8/15/2013",222,233,"False",0.24180790960452,1804,0.184689186937876,1493,0.14224518951485,51726
"1088",1383,"20130815 143724 069 000000 0099 0608","20130815 143724 069 000000 0099 0608.bmp","20130815_143724_069_000000_0099_0608-Prosome_mask.png","20130815_143724_069_000000_0099_0608.bmp-Lipid_mask.png","CglacFlat","ArcticNet2013","101",2,"8/15/2013",208,298,"False",0.875537505972289,3941,0.542965122767795,3910,0.537079998184038,61984
"1089",1384,"20130815 143727 401 000000 0255 0216","20130815 143727 401 000000 0255 0216.bmp","20130815_143727_401_000000_0255_0216-Prosome_mask.png","20130815_143727_401_000000_0255_0216.bmp-Lipid_mask.png","CglacFdorsS","ArcticNet2013","101",2,"8/15/2013",178,188,"False",0.892469582374219,2908,0.356940089815246,2847,0.34664884557663,33464
"1090",1385,"20130815 143728 450 000000 0025 0291","20130815 143728 450 000000 0025 0291.bmp","20130815_143728_450_000000_0025_0291-Prosome_mask.png","20130815_143728_450_000000_0025_0291.bmp-Lipid_mask.png","CglacVdors","ArcticNet2013","101",2,"8/15/2013",208,212,"False",0.700481798715203,2805,0.339611515710297,3548,0.469691214630867,44096
"1091",1386,"20130815 143731 426 000001 1000 0656","20130815 143731 426 000001 1000 0656.bmp","20130815_143731_426_000001_1000_0656-Prosome_mask.png","20130815_143731_426_000001_1000_0656.bmp-Lipid_mask.png","ChypIVlat","ArcticNet2013","101",2,"8/15/2013",116,260,"False",0.839784263959391,2694,0.32120605957808,3105,0.390732978377574,30160
"1092",1388,"20130815 143743 843 000000 0605 0299","20130815 143743 843 000000 0605 0299.bmp","20130815_143743_843_000000_0605_0299-Prosome_mask.png","20130815_143743_843_000000_0605_0299.bmp-Lipid_mask.png","ChypFlat","ArcticNet2013","101",2,"8/15/2013",569,212,"False",0.919066497120204,12526,2.6780345504892,13130,2.85785622075643,120628
"1093",1389,"20130815 143744 960 000000 0967 0292","20130815 143744 960 000000 0967 0292.bmp","20130815_143744_960_000000_0967_0292-Prosome_mask.png","20130815_143744_960_000000_0967_0292.bmp-Lipid_mask.png","CglacVlat","ArcticNet2013","101",2,"8/15/2013",254,188,"False",0.830738873054155,3952,0.545057632047863,4398,0.631723836351304,47752
"1094",1391,"20130815 143752 640 000000 0853 0583","20130815 143752 640 000000 0853 0583.bmp","20130815_143752_640_000000_0853_0583-Prosome_mask.png","20130815_143752_640_000000_0853_0583.bmp-Lipid_mask.png","CglacFdorsS","ArcticNet2013","101",2,"8/15/2013",168,163,"False",0.764705882352941,2688,0.320219251776497,2472,0.28526069582231,27384
"1095",1392,"20130815 143820 001 000000 0049 0456","20130815 143820 001 000000 0049 0456.bmp","20130815_143820_001_000000_0049_0456-Prosome_mask.png","20130815_143820_001_000000_0049_0456.bmp-Lipid_mask.png","CglacFlat","ArcticNet2013","101",2,"8/15/2013",214,184,"False",0.861529199277544,3258,0.417549092312446,2926,0.359992636578457,39376
"1096",1393,"20130815 143822 539 000008 1040 0512","20130815 143822 539 000008 1040 0512.bmp","20130815_143822_539_000008_1040_0512-Prosome_mask.png","20130815_143822_539_000008_1040_0512.bmp-Lipid_mask.png","CglacFlat","ArcticNet2013","101",2,"8/15/2013",172,208,"False",0.878662326131992,3275,0.420558730977363,3073,0.385186791921775,35776
"1097",1394,"20130815 143823 745 000000 0103 0580","20130815 143823 745 000000 0103 0580.bmp","20130815_143823_745_000000_0103_0580-Prosome_mask.png","20130815_143823_745_000000_0103_0580.bmp-Lipid_mask.png","CglacVdors","ArcticNet2013","101",2,"8/15/2013",161,214,"False",0.840498851329176,2789,0.336941110785062,2819,0.341952874069382,34454
"1098",1395,"20130815 143823 845 000000 1055 0564","20130815 143823 845 000000 1055 0564.bmp","20130815_143823_845_000000_1055_0564-Prosome_mask.png","20130815_143823_845_000000_1055_0564.bmp-Lipid_mask.png","CglacVdors","ArcticNet2013","101",2,"8/15/2013",216,312,"False",0.815297954343314,3287,0.422686760734245,2836,0.344801896709327,67392
"1099",1396,"20130815 143825 178 000001 1071 0692","20130815 143825 178 000001 1071 0692.bmp","20130815_143825_178_000001_1071_0692-Prosome_mask.png","20130815_143825_178_000001_1071_0692.bmp-Lipid_mask.png","CglacVdors","ArcticNet2013","101",2,"8/15/2013",127,292,"False",0.818058843422387,2853,0.347657416441401,2523,0.2934140184375,37084
"1100",1397,"20130815 143838 322 000000 0925 0412","20130815 143838 322 000000 0925 0412.bmp","20130815_143838_322_000000_0925_0412-Prosome_mask.png","20130815_143838_322_000000_0925_0412.bmp-Lipid_mask.png","MlongFlat","ArcticNet2013","101",2,"8/15/2013",150,214,"False",0.665625,774,0.057450998258196,825,0.062739564905323,32100
"1101",1398,"20130815 143840 854 000000 0917 0140","20130815 143840 854 000000 0917 0140.bmp","20130815_143840_854_000000_0917_0140-Prosome_mask.png","20130815_143840_854_000000_0917_0140.bmp-Lipid_mask.png","CglacVlat","ArcticNet2013","101",2,"8/15/2013",135,226,"False",0.777096684313179,2982,0.36953501469247,3396,0.442150839707807,30510
"1102",1399,"20130815 143906 810 000003 0949 0303","20130815 143906 810 000003 0949 0303.bmp","20130815_143906_810_000003_0949_0303-Prosome_mask.png","20130815_143906_810_000003_0949_0303.bmp-Lipid_mask.png","MlongVdors","ArcticNet2013","101",2,"8/15/2013",163,168,"False",0.574226804123711,671,0.047175024176158,856,0.066015945662154,27384
"1103",1401,"20130815 143919 739 000000 1005 0412","20130815 143919 739 000000 1005 0412.bmp","20130815_143919_739_000000_1005_0412-Prosome_mask.png","20130815_143919_739_000000_1005_0412.bmp-Lipid_mask.png","CglacVdors","ArcticNet2013","101",2,"8/15/2013",226,192,"False",0.80338266384778,2682,0.319233280645064,2436,0.279543697623058,43392
"1104",1402,"20130815 143922 016 000000 0072 0532","20130815 143922 016 000000 0072 0532.bmp","20130815_143922_016_000000_0072_0532-Prosome_mask.png","20130815_143922_016_000000_0072_0532.bmp-Lipid_mask.png","CglacFlat","ArcticNet2013","101",2,"8/15/2013",196,228,"False",0.863442009620524,3478,0.456951251119466,3495,0.460036363825584,44688
"1105",1403,"20130815 143931 851 000001 0499 0780","20130815 143931 851 000001 0499 0780.bmp","20130815_143931_851_000001_0499_0780-Prosome_mask.png","20130815_143931_851_000001_0499_0780.bmp-Lipid_mask.png","CglacIVlat","ArcticNet2013","101",2,"8/15/2013",157,209,"False",0.75,1424,0.133253565629429,1390,0.128882952918877,32813
"1106",1406,"20130815 143940 375 000000 0948 0488","20130815 143940 375 000000 0948 0488.bmp","20130815_143940_375_000000_0948_0488-Prosome_mask.png","20130815_143940_375_000000_0948_0488.bmp-Lipid_mask.png","MlongFlat","ArcticNet2013","101",2,"8/15/2013",228,160,"False",0.730025231286796,994,0.081138740888947,1063,0.089012491767714,36480
"1107",1407,"20130815 143940 999 000000 1051 0500","20130815 143940 999 000000 1051 0500.bmp","20130815_143940_999_000000_1051_0500-Prosome_mask.png","20130815_143940_999_000000_1051_0500.bmp-Lipid_mask.png","CglacVdors","ArcticNet2013","101",2,"8/15/2013",119,256,"False",0.763391273501242,2563,0.299852814848983,2408,0.275119263080885,30464
"1108",1408,"20130815 143942 907 000000 0940 0216","20130815 143942 907 000000 0940 0216.bmp","20130815_143942_907_000000_0940_0216-Prosome_mask.png","20130815_143942_907_000000_0940_0216.bmp-Lipid_mask.png","CglacVlat","ArcticNet2013","101",2,"8/15/2013",240,144,"False",0.825455440669621,3500,0.460944836921557,3915,0.538028016636329,34560
"1109",1410,"20130815 144019 865 000001 0083 0776","20130815 144019 865 000001 0083 0776.bmp","20130815_144019_865_000001_0083_0776-Prosome_mask.png","20130815_144019_865_000001_0083_0776.bmp-Lipid_mask.png","CglacIVdors","ArcticNet2013","101",2,"8/15/2013",140,198,"False",0.824358329139406,1832,0.188656686011145,1793,0.183136897745885,27720
"1110",1411,"20130815 144019 932 000000 1035 0748","20130815 144019 932 000000 1035 0748.bmp","20130815_144019_932_000000_1035_0748-Prosome_mask.png","20130815_144019_932_000000_1035_0748.bmp-Lipid_mask.png","CglacIVdors","ArcticNet2013","101",2,"8/15/2013",165,214,"False",0.835103692463328,1962,0.207376565598831,1666,0.165480395246391,35310
"1111",1412,"20130815 144021 481 000000 0129 0187","20130815 144021 481 000000 0129 0187.bmp","20130815_144021_481_000000_0129_0187-Prosome_mask.png","20130815_144021_481_000000_0129_0187.bmp-Lipid_mask.png","CglacFdorsS","ArcticNet2013","101",2,"8/15/2013",178,208,"False",0.876693766937669,2904,0.356262719040517,2636,0.311702089611812,37024
"1112",1414,"20130815 144023 125 000001 1044 0616","20130815 144023 125 000001 1044 0616.bmp","20130815_144023_125_000001_1044_0616-Prosome_mask.png","20130815_144023_125_000001_1044_0616.bmp-Lipid_mask.png","CglacVdors","ArcticNet2013","101",2,"8/15/2013",120,224,"False",0.840676771237222,2719,0.325326739075545,2503,0.290209099780831,26880
"1113",1417,"20130815 144117 825 000000 0025 0551","20130815 144117 825 000000 0025 0551.bmp","20130815_144117_825_000000_0025_0551-Prosome_mask.png","20130815_144117_825_000000_0025_0551.bmp-Lipid_mask.png","CglacVdors","ArcticNet2013","101",2,"8/15/2013",203,188,"False",0.782969885773624,2273,0.254063498946782,2878,0.351868462397439,38164
"1114",1418,"20130815 144133 963 000000 0284 0500","20130815 144133 963 000000 0284 0500.bmp","20130815_144133_963_000000_0284_0500-Prosome_mask.png","20130815_144133_963_000000_0284_0500.bmp-Lipid_mask.png","cglac3hyp2lat","ArcticNet2013","101",2,"8/15/2013",100,80,"False",0.594436310395315,493,0.030829309816287,596,0.040056674558104,8000
"1115",1419,"20130815 144138 128 000000 1032 0428","20130815 144138 128 000000 1032 0428.bmp","20130815_144138_128_000000_1032_0428-Prosome_mask.png","20130815_144138_128_000000_1032_0428.bmp-Lipid_mask.png","ChypIVlat","ArcticNet2013","101",2,"8/15/2013",172,160,"False",0.831785714285714,2485,0.287332979306866,2644,0.313008301343452,27520
"1116",1421,"20130815 144225 931 000001 0373 0751","20130815 144225 931 000001 0373 0751.bmp","20130815_144225_931_000001_0373_0751-Prosome_mask.png","20130815_144225_931_000001_0373_0751.bmp-Lipid_mask.png","CglacIVlat","ArcticNet2013","101",2,"8/15/2013",198,182,"False",0.686544342507645,1640,0.161927109632869,1669,0.165891753675739,36036
"1117",1422,"20130815 144225 965 000000 0593 0827","20130815 144225 965 000000 0593 0827.bmp","20130815_144225_965_000000_0593_0827-Prosome_mask.png","20130815_144225_965_000000_0593_0827.bmp-Lipid_mask.png","CglacIVlat","ArcticNet2013","101",2,"8/15/2013",238,143,"False",0.853050397877984,1801,0.18426547764731,1692,0.169054816469992,34034
"1118",1423,"20130815 144313 945 000001 0025 0747","20130815 144313 945 000001 0025 0747.bmp","20130815_144313_945_000001_0025_0747-Prosome_mask.png","20130815_144313_945_000001_0025_0747.bmp-Lipid_mask.png","CglacIVdors","ArcticNet2013","101",2,"8/15/2013",203,193,"False",0.78135593220339,1436,0.134805676640914,1717,0.172511503766668,39179
"1119",1424,"20130815 144313 979 000000 0433 0763","20130815 144313 979 000000 0433 0763.bmp","20130815_144313_979_000000_0433_0763-Prosome_mask.png","20130815_144313_979_000000_0433_0763.bmp-Lipid_mask.png","CglacIVdors","ArcticNet2013","101",2,"8/15/2013",188,163,"False",0.722140402552774,1891,0.197092166475645,1617,0.158801602635967,30644
"1120",1425,"20130815 144317 644 000003 0969 0455","20130815 144317 644 000003 0969 0455.bmp","20130815_144317_644_000003_0969_0455-Prosome_mask.png","20130815_144317_644_000003_0969_0455.bmp-Lipid_mask.png","CglacIVlat","ArcticNet2013","101",2,"8/15/2013",208,168,"False",0.500469483568075,1588,0.154884779186883,1608,0.157583156285561,34944
"1121",1426,"20130815 144346 411 000000 0116 0532","20130815 144346 411 000000 0116 0532.bmp","20130815_144346_411_000000_0116_0532-Prosome_mask.png","20130815_144346_411_000000_0116_0532.bmp-Lipid_mask.png","CglacIVlat","ArcticNet2013","101",2,"8/15/2013",96,176,"False",0.681091251175917,1884,0.196086047902434,1690,0.168779115241955,16896
"1122",1428,"20130815 224748 472 000002 0941 0552","20130815 224748 472 000002 0941 0552.bmp","20130815_224748_472_000002_0941_0552-Prosome_mask.png","20130815_224748_472_000002_0941_0552.bmp-Lipid_mask.png","CglacFdorsL","ArcticNet2013","101",5,"",263,305,"False",0.738978306508048,2768,0.33344503254274,2202,0.243177252736522,80215
"1123",1430,"20130815 224946 658 000002 0865 0675","20130815 224946 658 000002 0865 0675.bmp","20130815_224946_658_000002_0865_0675-Prosome_mask.png","20130815_224946_658_000002_0865_0675.bmp-Lipid_mask.png","CglacFdorsL","ArcticNet2013","101",5,"",346,401,"False",0.782434514637904,2804,0.339444445427289,2980,0.369193033923431,138746
"1124",1435,"20130816 032152 496 000001 0255 0584","20130816 032152 496 000001 0255 0584.bmp","20130816_032152_496_000001_0255_0584-Prosome_mask.png","20130816_032152_496_000001_0255_0584.bmp-Lipid_mask.png","CglacFdorsS","ArcticNet2013","101",8,"8/16/2013",123,261,"False",0.832043565491545,3221,0.411019336481095,3171,0.402240566423818,32103
"1125",1436,"20130816 032152 529 000001 0415 0592","20130816 032152 529 000001 0415 0592.bmp","20130816_032152_529_000001_0415_0592-Prosome_mask.png","20130816_032152_529_000001_0415_0592.bmp-Lipid_mask.png","CglacFdorsS","ArcticNet2013","101",8,"8/16/2013",127,278,"False",0.876430877604931,3046,0.3805242285678,3347,0.433371090272283,35306
"1126",1437,"20130816 032152 563 000000 0571 0604","20130816 032152 563 000000 0571 0604.bmp","20130816_032152_563_000000_0571_0604-Prosome_mask.png","20130816_032152_563_000000_0571_0604.bmp-Lipid_mask.png","CglacFdorsS","ArcticNet2013","101",8,"8/16/2013",123,256,"False",0.921285377358491,3193,0.406096794245401,3324,0.429266754031773,31488
"1127",1438,"20130816 032152 596 000000 0727 0620","20130816 032152 596 000000 0727 0620.bmp","20130816_032152_596_000000_0727_0620-Prosome_mask.png","20130816_032152_596_000000_0727_0620.bmp-Lipid_mask.png","CglacFdorsS","ArcticNet2013","101",8,"8/16/2013",114,256,"False",0.87865990990991,3262,0.418256706957919,3411,0.444848188467145,29184
"1128",1439,"20130816 032152 629 000000 0863 0628","20130816 032152 629 000000 0863 0628.bmp","20130816_032152_629_000000_0863_0628-Prosome_mask.png","20130816_032152_629_000000_0863_0628.bmp-Lipid_mask.png","CglacFdorsS","ArcticNet2013","101",8,"8/16/2013",119,278,"False",0.868398268398268,3131,0.395255286129639,3343,0.432656520482124,33082
"1129",1440,"20130816 032152 663 000000 1007 0640","20130816 032152 663 000000 1007 0640.bmp","20130816_032152_663_000000_1007_0640-Prosome_mask.png","20130816_032152_663_000000_1007_0640.bmp-Lipid_mask.png","CglacFdorsL","ArcticNet2013","101",8,"",178,308,"False",0.773596738789589,2614,0.308117778832898,3042,0.379834809818511,54824
"1130",1441,"20130816 032207 057 000002 0499 0464","20130816 032207 057 000002 0499 0464.bmp","20130816_032207_057_000002_0499_0464-Prosome_mask.png","20130816_032207_057_000002_0499_0464.bmp-Lipid_mask.png","MlongVdorsEX","ArcticNet2013","101",8,"8/16/2013",136,241,"False",0.609359104781282,617,0.042017342415031,965,0.077890186907225,32776
"1131",1445,"20130816 032346 800 000000 0793 0044","20130816 032346 800 000000 0793 0044.bmp","20130816_032346_800_000000_0793_0044-Prosome_mask.png","20130816_032346_800_000000_0793_0044.bmp-Lipid_mask.png","ChypVdorsext","ArcticNet2013","101",8,"8/16/2013",331,184,"False",0.722597118365858,4354,0.623018696261762,5091,0.773078023221274,60904
"1132",1448,"20130816 032350 610 000000 0980 0564","20130816 032350 610 000000 0980 0564.bmp","20130816_032350_610_000000_0980_0564-Prosome_mask.png","20130816_032350_610_000000_0980_0564.bmp-Lipid_mask.png","CglacFdorsL","ArcticNet2013","101",8,"8/16/2013",168,236,"False",0.79900826446281,2666,0.316608123516987,2776,0.334775687687126,39648
"1133",1450,"20130816 032446 609 000001 0289 0563","20130816 032446 609 000001 0289 0563.bmp","20130816_032446_609_000001_0289_0563-Prosome_mask.png","20130816_032446_609_000001_0289_0563.bmp-Lipid_mask.png","CglacFdorsS","ArcticNet2013","101",8,"8/16/2013",262,149,"False",0.890620130881895,3042,0.379834809818511,3025,0.376908625711597,39038
"1134",1451,"20130816 032446 643 000000 0445 0575","20130816 032446 643 000000 0445 0575.bmp","20130816_032446_643_000000_0445_0575-Prosome_mask.png","20130816_032446_643_000000_0445_0575.bmp-Lipid_mask.png","CglacFdorsS","ArcticNet2013","101",8,"8/16/2013",242,143,"False",0.825769113615595,2837,0.34496968884385,3157,0.399791886883138,34606
"1135",1452,"20130816 032446 743 000000 0881 0611","20130816 032446 743 000000 0881 0611.bmp","20130816_032446_743_000000_0881_0611-Prosome_mask.png","20130816_032446_743_000000_0881_0611.bmp-Lipid_mask.png","CglacFdorsL","ArcticNet2013","101",8,"",292,208,"False",0.723441108545035,3031,0.377940684899565,2939,0.362201698331,60736
"1136",1453,"20130816 032448 853 000000 0816 0120","20130816 032448 853 000000 0816 0120.bmp","20130816_032448_853_000000_0816_0120-Prosome_mask.png","20130816_032448_853_000000_0816_0120.bmp-Lipid_mask.png","ChypVdorsext","ArcticNet2013","101",8,"8/16/2013",196,352,"False",0.776223776223776,4347,0.621636858505978,5559,0.872831605383488,68992
"1137",1455,"20130816 032501 137 000002 0373 0435","20130816 032501 137 000002 0373 0435.bmp","20130816_032501_137_000002_0373_0435-Prosome_mask.png","20130816_032501_137_000002_0373_0435.bmp-Lipid_mask.png","MlongVdorsEX","ArcticNet2013","101",8,"8/16/2013",228,158,"False",0.670504871567759,775,0.057553455408693,1111,0.094606386506103,36024
"1138",1459,"20130816 064239 168 000000 0051 0344","20130816 064239 168 000000 0051 0344.bmp","20130816_064239_168_000000_0051_0344-Prosome_mask.png","20130816_064239_168_000000_0051_0344.bmp-Lipid_mask.png","CglacFdorsL","ArcticNet2013","101",9,"",229,298,"False",0.857485748574857,3106,0.390906648104851,3085,0.387264052613838,68242
"1139",1460,"20130816 064335 062 000000 0025 0192","20130816 064335 062 000000 0025 0192.bmp","20130816_064335_062_000000_0025_0192-Prosome_mask.png","20130816_064335_062_000000_0025_0192.bmp-Lipid_mask.png","CglacFdorsL","ArcticNet2013","101",9,"",214,203,"False",0.805790960451977,2740,0.328799259108245,2374,0.269772974050236,43442
"1140",1461,"20130816 064437 115 000000 0024 0268","20130816 064437 115 000000 0024 0268.bmp","20130816_064437_115_000000_0024_0268-Prosome_mask.png","20130816_064437_115_000000_0024_0268.bmp-Lipid_mask.png","CglacFdorsL","ArcticNet2013","101",9,"8/16/2013",216,228,"False",0.777710661431592,3208,0.408731839518937,2678,0.318576431946853,49248
"1141",1463,"20130816 064823 132 000000 0183 0316","20130816 064823 132 000000 0183 0316.bmp","20130816_064823_132_000000_0183_0316-Prosome_mask.png","20130816_064823_132_000000_0183_0316.bmp-Lipid_mask.png","CglacFdorsL","ArcticNet2013","101",9,"",144,319,"False",0.65385607428424,2640,0.312355007462254,3772,0.511097760015694,45936
"1142",1464,"20130816 064823 232 000000 0615 0304","20130816 064823 232 000000 0615 0304.bmp","20130816_064823_232_000000_0615_0304-Prosome_mask.png","20130816_064823_232_000000_0615_0304.bmp-Lipid_mask.png","CglacFdorsL","ArcticNet2013","101",9,"",144,349,"False",0.85249255952381,5043,0.763037407673451,4916,0.736647026227269,50256
"1143",1465,"20130816 064823 332 000000 0835 0256","20130816 064823 332 000000 0835 0256.bmp","20130816_064823_332_000000_0835_0256-Prosome_mask.png","20130816_064823_332_000000_0835_0256.bmp-Lipid_mask.png","CglacFdorsL","ArcticNet2013","101",9,"",178,355,"False",0.753140703517588,3781,0.512781405426998,4592,0.670498247603059,63190
"1144",1466,"20130816 064823 399 000000 0831 0256","20130816 064823 399 000000 0831 0256.bmp","20130816_064823_399_000000_0831_0256-Prosome_mask.png","20130816_064823_399_000000_0831_0256.bmp-Lipid_mask.png","CglacFdorsL","ArcticNet2013","101",9,"",187,371,"False",0.888049029622063,4685,0.689309549261788,4557,0.663455980148606,69377
"1145",1467,"20130816 064823 432 000000 0815 0252","20130816 064823 432 000000 0815 0252.bmp","20130816_064823_432_000000_0815_0252-Prosome_mask.png","20130816_064823_432_000000_0815_0252.bmp-Lipid_mask.png","CglacFdorsL","ArcticNet2013","101",9,"",195,340,"False",0.855737704918033,4414,0.634897573634201,4642,0.680594039655527,66300
"1146",1469,"20130816 064823 532 000000 0519 0332","20130816 064823 532 000000 0519 0332.bmp","20130816_064823_532_000000_0519_0332-Prosome_mask.png","20130816_064823_532_000000_0519_0332.bmp-Lipid_mask.png","CglacFdorsS","ArcticNet2013","101",9,"8/16/2013",110,345,"False",0.76976976976977,4199,0.592620076985989,4641,0.680391717094098,37950
"1147",1470,"20130816 064823 566 000000 0379 0336","20130816 064823 566 000000 0379 0336.bmp","20130816_064823_566_000000_0379_0336-Prosome_mask.png","20130816_064823_566_000000_0379_0336.bmp-Lipid_mask.png","CglacFdorsS","ArcticNet2013","101",9,"8/16/2013",110,345,"False",0.883940620782726,4955,0.744723919053103,4817,0.716253612654138,37950
"1148",1471,"20130816 064919 026 000000 0133 0164","20130816 064919 026 000000 0133 0164.bmp","20130816_064919_026_000000_0133_0164-Prosome_mask.png","20130816_064919_026_000000_0133_0164.bmp-Lipid_mask.png","CglacFdorsL","ArcticNet2013","101",9,"",229,128,"False",0.654561558901683,2436,0.279543697623058,3168,0.401715502864563,29312
"1149",1473,"20130816 064919 226 000000 0785 0104","20130816 064919 226 000000 0785 0104.bmp","20130816_064919_226_000000_0785_0104-Prosome_mask.png","20130816_064919_226_000000_0785_0104.bmp-Lipid_mask.png","CglacFdorsL","ArcticNet2013","101",9,"",256,158,"False",0.847671665351223,3507,0.462217527910746,3516,0.463855263689945,40448
"1150",1474,"20130816 064919 293 000000 0781 0104","20130816 064919 293 000000 0781 0104.bmp","20130816_064919_293_000000_0781_0104-Prosome_mask.png","20130816_064919_293_000000_0781_0104.bmp-Lipid_mask.png","CglacFdorsL","ArcticNet2013","101",9,"",267,165,"False",0.777833753148615,3440,0.4500758437452,3618,0.482527055957373,44055
"1151",1475,"20130816 064919 326 000000 0765 0100","20130816 064919 326 000000 0765 0100.bmp","20130816_064919_326_000000_0765_0100-Prosome_mask.png","20130816_064919_326_000000_0765_0100.bmp-Lipid_mask.png","CglacFdorsL","ArcticNet2013","101",9,"",244,173,"False",0.843370379943138,3468,0.455139152112868,3664,0.491013683630539,42212
"1152",1476,"20130816 064922 909 000003 0087 0372","20130816 064922 909 000003 0087 0372.bmp","20130816_064922_909_000003_0087_0372-Prosome_mask.png","20130816_064922_909_000003_0087_0372.bmp-Lipid_mask.png","ChypIIIdorEX","ArcticNet2013","101",9,"8/16/2013",352,392,"False",0.808951965065502,2739,0.328633670965447,2232,0.247761051861975,137984
"1153",1477,"20130816 065013 389 000000 1047 0528","20130816 065013 389 000000 1047 0528.bmp","20130816_065013_389_000000_1047_0528-Prosome_mask.png","20130816_065013_389_000000_1047_0528.bmp-Lipid_mask.png","CglacVdors","ArcticNet2013","101",9,"8/16/2013",187,271,"False",0.865727200212709,3408,0.444308357423709,3609,0.480871403090733,50677
"1154",1479,"20130816 065018 803 000003 0037 0220","20130816 065018 803 000003 0037 0220.bmp","20130816_065018_803_000003_0037_0220-Prosome_mask.png","20130816_065018_803_000003_0037_0220.bmp-Lipid_mask.png","ChypIIIdorEX","ArcticNet2013","101",9,"8/16/2013",282,312,"False",0.78796928327645,2306,0.259167710195703,1885,0.196229692293514,87984
"1155",1480,"20130816 065021 079 000000 0156 0240","20130816 065021 079 000000 0156 0240.bmp","20130816_065021_079_000000_0156_0240-Prosome_mask.png","20130816_065021_079_000000_0156_0240.bmp-Lipid_mask.png","CglacFdorsL","ArcticNet2013","101",9,"8/16/2013",136,244,"False",0.72594814656096,4195,0.591841160428574,3860,0.527625205141869,33184
"1156",1481,"20130816 065021 179 000000 0588 0228","20130816 065021 179 000000 0588 0228.bmp","20130816_065021_179_000000_0588_0228-Prosome_mask.png","20130816_065021_179_000000_0588_0228.bmp-Lipid_mask.png","CglacFdorsL","ArcticNet2013","101",9,"8/16/2013",136,268,"False",0.614282412757107,2691,0.320712551165855,4294,0.611201862393337,36448
"1157",1482,"20130816 065021 279 000000 0808 0180","20130816 065021 279 000000 0808 0180.bmp","20130816_065021_279_000000_0808_0180-Prosome_mask.png","20130816_065021_279_000000_0808_0180.bmp-Lipid_mask.png","CglacFdorsL","ArcticNet2013","101",9,"8/16/2013",168,272,"False",0.792548298068077,3760,0.508855273384205,4034,0.560725861836328,45696
"1158",1483,"20130816 065021 346 000000 0804 0180","20130816 065021 346 000000 0804 0180.bmp","20130816_065021_346_000000_0804_0180-Prosome_mask.png","20130816_065021_346_000000_0804_0180.bmp-Lipid_mask.png","CglacFdorsL","ArcticNet2013","101",9,"8/16/2013",176,284,"False",0.861155514957753,3963,0.547152355732089,4187,0.590284174016218,49984
"1159",1484,"20130816 065021 379 000000 0788 0176","20130816 065021 379 000000 0788 0176.bmp","20130816_065021_379_000000_0788_0176-Prosome_mask.png","20130816_065021_379_000000_0788_0176.bmp-Lipid_mask.png","CglacFdorsL","ArcticNet2013","101",9,"8/16/2013",184,260,"False",0.880080844374579,4328,0.617890419516933,4044,0.562644964366609,47840
"1160",1488,"20130816 065109 283 000000 0997 0376","20130816 065109 283 000000 0997 0376.bmp","20130816_065109_283_000000_0997_0376-Prosome_mask.png","20130816_065109_283_000000_0997_0376.bmp-Lipid_mask.png","CglacVdors","ArcticNet2013","101",9,"8/16/2013",196,165,"False",0.832930513595166,2952,0.364414476303481,3115,0.392470631334501,32340
"1161",1490,"20130816 065117 312 000000 0489 0275","20130816 065117 312 000000 0489 0275.bmp","20130816_065117_312_000000_0489_0275-Prosome_mask.png","20130816_065117_312_000000_0489_0275.bmp-Lipid_mask.png","CglacFdorsL","ArcticNet2013","101",9,"",331,168,"False",0.871680594243268,5350,0.827872149593921,4729,0.698259264955685,55608
"1162",1491,"20130816 065120 856 000003 0060 0296","20130816 065120 856 000003 0060 0296.bmp","20130816_065120_856_000003_0060_0296-Prosome_mask.png","20130816_065120_856_000003_0060_0296.bmp-Lipid_mask.png","ChypIIIdorEX","ArcticNet2013","101",9,"8/16/2013",332,300,"False",0.853691886964448,1946,0.205046408675656,2121,0.23091980182876,99600
"1163",1564,"20130818 111947 999 000000 0387 0512","20130818 111947 999 000000 0387 0512.bmp","20130818_111947_999_000000_0387_0512-Prosome_mask.png","20130818_111947_999_000000_0387_0512.bmp-Lipid_mask.png","ChypFdors","ArcticNet2013","115",1,"8/18/2013",403,312,"True",0.901703127294083,13243,2.89185329120874,12662,2.71824276173802,125736
"1164",1565,"20130818 111948 098 000000 0485 0482","20130818 111948 098 000000 0485 0482.bmp","20130818_111948_098_000000_0485_0482-Prosome_mask.png","20130818_111948_098_000000_0485_0482.bmp-Lipid_mask.png","ChypFdors","ArcticNet2013","115",1,"8/18/2013",409,198,"True",0.816703331238215,11015,2.2427128200405,12108,2.55549468788468,80982
"1165",1566,"20130818 111948 131 000000 0503 0470","20130818 111948 131 000000 0503 0470.bmp","20130818_111948_131_000000_0503_0470-Prosome_mask.png","20130818_111948_131_000000_0503_0470.bmp-Lipid_mask.png","ChypFdors","ArcticNet2013","115",1,"8/18/2013",424,364,"True",0.74921351388319,14534,3.28796032709771,11043,2.25058392811967,154336
"1166",1567,"20130818 111948 198 000000 0535 0448","20130818 111948 198 000000 0535 0448.bmp","20130818_111948_198_000000_0535_0448-Prosome_mask.png","20130818_111948_198_000000_0535_0448.bmp-Lipid_mask.png","ChypFdors","ArcticNet2013","115",1,"8/18/2013",409,214,"True",0.834030907920154,10882,2.20542904246529,11904,2.49626840926831,87526
"1167",1569,"20130818 111948 298 000000 0523 0408","20130818 111948 298 000000 0523 0408.bmp","20130818_111948_298_000000_0523_0408-Prosome_mask.png","20130818_111948_298_000000_0523_0408.bmp-Lipid_mask.png","ChypFdors","ArcticNet2013","115",1,"8/18/2013",405,196,"True",0.842330978809284,10913,2.21410385329212,10996,2.23737603827328,79380
"1168",1570,"20130818 111948 331 000000 0535 0398","20130818 111948 331 000000 0535 0398.bmp","20130818_111948_331_000000_0535_0398-Prosome_mask.png","20130818_111948_331_000000_0535_0398.bmp-Lipid_mask.png","ChypFdors","ArcticNet2013","115",1,"8/18/2013",413,245,"True",0.918546781685468,11800,2.46622231847482,11330,2.33169815564288,101185
"1169",1572,"20130818 111948 397 000000 0577 0378","20130818 111948 397 000000 0577 0378.bmp","20130818_111948_397_000000_0577_0378-Prosome_mask.png","20130818_111948_397_000000_0577_0378.bmp-Lipid_mask.png","ChypFdors","ArcticNet2013","115",1,"8/18/2013",413,245,"True",0.917409587888982,11402,2.35217096173186,11396,2.35046301329339,101185
"1170",1574,"20130818 111948 931 000000 0603 0242","20130818 111948 931 000000 0603 0242.bmp","20130818_111948_931_000000_0603_0242-Prosome_mask.png","20130818_111948_931_000000_0603_0242.bmp-Lipid_mask.png","ChypFdors","ArcticNet2013","115",1,"8/18/2013",409,287,"True",0.748807089297887,14429,3.25522532573185,11226,2.30221355084374,117383
"1171",1575,"20130818 111948 999 000000 0607 0218","20130818 111948 999 000000 0607 0218.bmp","20130818_111948_999_000000_0607_0218-Prosome_mask.png","20130818_111948_999_000000_0607_0218.bmp-Lipid_mask.png","ChypFdors","ArcticNet2013","115",1,"8/18/2013",418,368,"True",0.813721201516477,13584,2.99511320703792,11293,2.32119660346934,153824
"1172",1576,"20130818 111949 298 000000 0617 0176","20130818 111949 298 000000 0617 0176.bmp","20130818_111949_298_000000_0617_0176-Prosome_mask.png","20130818_111949_298_000000_0617_0176.bmp-Lipid_mask.png","ChypFdors","ArcticNet2013","115",1,"8/18/2013",430,371,"True",0.800623715358991,14042,3.13535723448238,11363,2.34107540732392,159530
"1173",1578,"20130818 111949 397 000000 0629 0166","20130818 111949 397 000000 0629 0166.bmp","20130818_111949_397_000000_0629_0166-Prosome_mask.png","20130818_111949_397_000000_0629_0166.bmp-Lipid_mask.png","ChypFdors","ArcticNet2013","115",1,"8/18/2013",422,349,"True",0.804964038922578,14129,3.16219625681916,11469,2.37126622966252,147278
"1174",1604,"20130818 112043 925 000000 0337 0360","20130818 112043 925 000000 0337 0360.bmp","20130818_112043_925_000000_0337_0360-Prosome_mask.png","20130818_112043_925_000000_0337_0360.bmp-Lipid_mask.png","ChypFdors","ArcticNet2013","115",1,"8/18/2013",226,357,"True",0.861500184297825,10452,2.08607648232858,9749,1.89495957967103,80682
"1175",1606,"20130818 112044 025 000000 0453 0318","20130818 112044 025 000000 0453 0318.bmp","20130818_112044_025_000000_0453_0318-Prosome_mask.png","20130818_112044_025_000000_0453_0318.bmp-Lipid_mask.png","ChypFdors","ArcticNet2013","115",1,"8/18/2013",154,363,"True",0.830851762645062,8089,1.46463674793342,8634,1.60253555819681,55902
"1176",1607,"20130818 112044 092 000000 0485 0296","20130818 112044 092 000000 0485 0296.bmp","20130818_112044_092_000000_0485_0296-Prosome_mask.png","20130818_112044_092_000000_0485_0296.bmp-Lipid_mask.png","ChypFdors","ArcticNet2013","115",1,"8/18/2013",133,363,"True",0.881221719457013,8164,1.48340995132188,8466,1.55966403645518,48279
"1177",1609,"20130818 112044 192 000000 0473 0256","20130818 112044 192 000000 0473 0256.bmp","20130818_112044_192_000000_0473_0256-Prosome_mask.png","20130818_112044_192_000000_0473_0256.bmp-Lipid_mask.png","ChypFdors","ArcticNet2013","115",1,"8/18/2013",177,367,"True",0.80952380952381,6841,1.16225142774507,8169,1.48466383661902,64959
"1178",1610,"20130818 112044 225 000000 0485 0246","20130818 112044 225 000000 0485 0246.bmp","20130818_112044_225_000000_0485_0246-Prosome_mask.png","20130818_112044_225_000000_0485_0246.bmp-Lipid_mask.png","ChypFdors","ArcticNet2013","115",1,"8/18/2013",180,367,"True",0.819690265486726,6843,1.16272036388243,7962,1.43299822565582,66060
"1179",1611,"20130818 112044 258 000000 0491 0236","20130818 112044 258 000000 0491 0236.bmp","20130818_112044_258_000000_0491_0236-Prosome_mask.png","20130818_112044_258_000000_0491_0236.bmp-Lipid_mask.png","ChypFdors","ArcticNet2013","115",1,"8/18/2013",177,367,"True",0.822547968061018,7218,1.25155616785412,8075,1.46113971820424,64959
"1180",1612,"20130818 112044 291 000000 0527 0226","20130818 112044 291 000000 0527 0226.bmp","20130818_112044_291_000000_0527_0226-Prosome_mask.png","20130818_112044_291_000000_0527_0226.bmp-Lipid_mask.png","ChypFdors","ArcticNet2013","115",1,"8/18/2013",180,367,"True",0.778466939730837,6873,1.16976065075469,8324,1.5236784047607,66060
"1181",1613,"20130818 112044 392 000000 0519 0196","20130818 112044 392 000000 0519 0196.bmp","20130818_112044_392_000000_0519_0196-Prosome_mask.png","20130818_112044_392_000000_0519_0196.bmp-Lipid_mask.png","ChypFdors","ArcticNet2013","115",1,"8/18/2013",207,363,"True",0.749604698441382,7061,1.21414463576751,8430,1.55051905040596,75141
"1182",1614,"20130818 112044 825 000000 0553 0090","20130818 112044 825 000000 0553 0090.bmp","20130818_112044_825_000000_0553_0090-Prosome_mask.png","20130818_112044_825_000000_0553_0090.bmp-Lipid_mask.png","ChypFdors","ArcticNet2013","115",1,"8/18/2013",265,370,"True",0.885467160916263,9948,1.94854493434491,9889,1.93261494519976,98050
"1183",1615,"20130818 112044 925 000000 0557 0066","20130818 112044 925 000000 0557 0066.bmp","20130818_112044_925_000000_0557_0066-Prosome_mask.png","20130818_112044_925_000000_0557_0066.bmp-Lipid_mask.png","ChypFdors","ArcticNet2013","115",1,"8/18/2013",261,376,"True",0.811059441973312,8096,1.46638612571302,9819,1.91376175986429,98136
"1184",1616,"20130818 112045 192 000000 0567 0024","20130818 112045 192 000000 0567 0024.bmp","20130818_112045_192_000000_0567_0024-Prosome_mask.png","20130818_112045_192_000000_0567_0024.bmp-Lipid_mask.png","ChypFdors","ArcticNet2013","115",1,"8/18/2013",267,382,"True",0.838765008576329,10954,2.22559137741207,9414,1.80569103254808,101994
"1185",1617,"20130818 112045 225 000000 0573 0024","20130818 112045 225 000000 0573 0024.bmp","20130818_112045_225_000000_0573_0024-Prosome_mask.png","20130818_112045_225_000000_0573_0024.bmp-Lipid_mask.png","ChypFdors","ArcticNet2013","115",1,"8/18/2013",261,376,"True",0.881717261027606,9325,1.78217543603487,9829,1.91645195454727,98136
"1186",1618,"20130818 112045 291 000000 0579 0016","20130818 112045 291 000000 0579 0016.bmp","20130818_112045_291_000000_0579_0016-Prosome_mask.png","20130818_112045_291_000000_0579_0016.bmp-Lipid_mask.png","ChypFdors","ArcticNet2013","115",1,"8/18/2013",252,374,"True",0.863737755794782,9587,1.85164282800494,9630,1.86311357328932,94248
"1187",1624,"20130818 112045 591 000000 0589 0016","20130818 112045 591 000000 0589 0016.bmp","20130818_112045_591_000000_0589_0016-Prosome_mask.png","20130818_112045_591_000000_0589_0016.bmp-Lipid_mask.png","ChypFlat","ArcticNet2013","115",1,"8/18/2013",267,350,"True",0.816177937362857,8400,1.5429095541757,9809,1.91107260609824,93450
"1188",1640,"20130818 112146 045 000000 0458 0406","20130818 112146 045 000000 0458 0406.bmp","20130818_112146_045_000000_0458_0406-Prosome_mask.png","20130818_112146_045_000000_0458_0406.bmp-Lipid_mask.png","ChypFdors","ArcticNet2013","115",1,"8/18/2013",386,152,"True",0.834271192593937,9318,1.78032949942521,10892,2.20822634385494,58672
"1189",1642,"20130818 112146 145 000000 0508 0372","20130818 112146 145 000000 0508 0372.bmp","20130818_112146_145_000000_0508_0372-Prosome_mask.png","20130818_112146_145_000000_0508_0372.bmp-Lipid_mask.png","ChypFdors","ArcticNet2013","115",1,"8/18/2013",386,142,"True",0.872238980247154,9197,1.74850464719402,10044,1.9745416781226,54812
"1190",1644,"20130818 112146 245 000000 0496 0332","20130818 112146 245 000000 0496 0332.bmp","20130818_112146_245_000000_0496_0332-Prosome_mask.png","20130818_112146_245_000000_0496_0332.bmp-Lipid_mask.png","ChypFdors","ArcticNet2013","115",1,"8/18/2013",390,188,"True",0.88301182327318,8729,1.62691946260951,9427,1.80913299070687,73320
"1191",1645,"20130818 112146 278 000000 0508 0322","20130818 112146 278 000000 0508 0322.bmp","20130818_112146_278_000000_0508_0322-Prosome_mask.png","20130818_112146_278_000000_0508_0322.bmp-Lipid_mask.png","ChypFdors","ArcticNet2013","115",1,"8/18/2013",390,192,"True",0.91316289879569,8971,1.68948926175664,9139,1.73330595174663,74880
"1192",1646,"20130818 112146 311 000000 0514 0312","20130818 112146 311 000000 0514 0312.bmp","20130818_112146_311_000000_0514_0312-Prosome_mask.png","20130818_112146_311_000000_0514_0312.bmp-Lipid_mask.png","ChypFdors","ArcticNet2013","115",1,"8/18/2013",390,188,"True",0.865446716899892,8366,1.53429793563686,8964,1.68767028435395,73320
"1193",1647,"20130818 112146 344 000000 0550 0302","20130818 112146 344 000000 0550 0302.bmp","20130818_112146_344_000000_0550_0302-Prosome_mask.png","20130818_112146_344_000000_0550_0302.bmp-Lipid_mask.png","ChypFdors","ArcticNet2013","115",1,"8/18/2013",390,192,"True",0.867844522968198,9711,1.88477412193903,8790,1.64262981435247,74880
"1194",1648,"20130818 112146 445 000000 0542 0272","20130818 112146 445 000000 0542 0272.bmp","20130818_112146_445_000000_0542_0272-Prosome_mask.png","20130818_112146_445_000000_0542_0272.bmp-Lipid_mask.png","ChypFdors","ArcticNet2013","115",1,"8/18/2013",386,220,"True",0.735241792010351,12284,2.60689769637194,9174,1.74247320716683,84920
"1195",1649,"20130818 112146 878 000000 0576 0166","20130818 112146 878 000000 0576 0166.bmp","20130818_112146_878_000000_0576_0166-Prosome_mask.png","20130818_112146_878_000000_0576_0166.bmp-Lipid_mask.png","ChypFdors","ArcticNet2013","115",1,"8/18/2013",394,282,"True",0.838337778542545,11338,2.33397047696677,10029,1.97047343724476,111108
"1196",1650,"20130818 112146 978 000000 0580 0142","20130818 112146 978 000000 0580 0142.bmp","20130818_112146_978_000000_0580_0142-Prosome_mask.png","20130818_112146_978_000000_0580_0142.bmp-Lipid_mask.png","ChypFdors","ArcticNet2013","115",1,"8/18/2013",400,278,"True",0.817112768758227,11083,2.26184152731176,9623,1.86124491377905,111200
"1197",1652,"20130818 112147 278 000000 0596 0100","20130818 112147 278 000000 0596 0100.bmp","20130818_112147_278_000000_0596_0100-Prosome_mask.png","20130818_112147_278_000000_0596_0100.bmp-Lipid_mask.png","ChypFdors","ArcticNet2013","115",1,"8/18/2013",400,278,"True",0.842426296170789,11684,2.43282791408087,10064,1.97996959131563,111200
"1198",1678,"20130818 112241 999 000000 0261 0483","20130818 112241 999 000000 0261 0483.bmp","20130818_112241_999_000000_0261_0483-Prosome_mask.png","20130818_112241_999_000000_0261_0483.bmp-Lipid_mask.png","ChypFdors","ArcticNet2013","115",1,"8/18/2013",296,469,"True",0.901228806968424,12485,2.66594538413225,11961,2.51277840065597,138824
"1199",1679,"20130818 112242 178 000000 0359 0453","20130818 112242 178 000000 0359 0453.bmp","20130818_112242_178_000000_0359_0453-Prosome_mask.png","20130818_112242_178_000000_0359_0453.bmp-Lipid_mask.png","ChypFdors","ArcticNet2013","115",1,"8/18/2013",188,478,"True",0.798026144922518,9658,1.87059337133395,11111,2.26973104159693,89864
"1200",1680,"20130818 112242 211 000000 0377 0441","20130818 112242 211 000000 0377 0441.bmp","20130818_112242_211_000000_0377_0441-Prosome_mask.png","20130818_112242_211_000000_0377_0441.bmp-Lipid_mask.png","ChypFdors","ArcticNet2013","115",1,"8/18/2013",203,478,"True",0.781207298448678,10936,2.22054605848128,11224,2.30164755277623,97034
"1201",1681,"20130818 112242 278 000000 0409 0419","20130818 112242 278 000000 0409 0419.bmp","20130818_112242_278_000000_0409_0419-Prosome_mask.png","20130818_112242_278_000000_0409_0419.bmp-Lipid_mask.png","ChypFdors","ArcticNet2013","115",1,"8/18/2013",175,478,"True",0.859306114625264,9161,1.73906667234422,10239,2.02763819216597,83650
"1202",1682,"20130818 112242 311 000000 0423 0409","20130818 112242 311 000000 0423 0409.bmp","20130818_112242_311_000000_0423_0409-Prosome_mask.png","20130818_112242_311_000000_0423_0409.bmp-Lipid_mask.png","ChypFdors","ArcticNet2013","115",1,"8/18/2013",186,472,"True",0.827165433086617,8341,1.52797433940933,9927,1.94287081155944,87792
"1203",1683,"20130818 112242 378 000000 0397 0379","20130818 112242 378 000000 0397 0379.bmp","20130818_112242_378_000000_0397_0379-Prosome_mask.png","20130818_112242_378_000000_0397_0379.bmp-Lipid_mask.png","ChypFdors","ArcticNet2013","115",1,"8/18/2013",233,482,"True",0.860318994683422,9074,1.71631644202362,10171,2.00907845563403,112306
"1204",1684,"20130818 112242 411 000000 0409 0369","20130818 112242 411 000000 0409 0369.bmp","20130818_112242_411_000000_0409_0369-Prosome_mask.png","20130818_112242_411_000000_0409_0369.bmp-Lipid_mask.png","ChypFdors","ArcticNet2013","115",1,"8/18/2013",238,482,"True",0.793033354892359,9122,1.72885809307128,10284,2.03994616969178,114716
"1205",1689,"20130818 112243 777 000000 0513 0125","20130818 112243 777 000000 0513 0125.bmp","20130818_112243_777_000000_0513_0125-Prosome_mask.png","20130818_112243_777_000000_0513_0125.bmp-Lipid_mask.png","ChypFlat","ArcticNet2013","115",1,"8/18/2013",352,460,"True",0.838503034389751,10334,2.05364572055295,11478,2.37383450213195,161920
"1206",1703,"20130902 163400 516 000000 0943 0122","20130902 163400 516 000000 0943 0122.bmp","20130902_163400_516_000000_0943_0122-Prosome_mask.png","20130902_163400_516_000000_0943_0122.bmp-Lipid_mask.png","ChypIIIdors","ArcticNet2013","Peelsound 1",1,"9/2/2013",120,147,"False",0.69047619047619,904,0.071178279740476,1013,0.083286783121443,17640
"1207",1705,"20130902 163402 222 000000 0817 0274","20130902 163402 222 000000 0817 0274.bmp","20130902_163402_222_000000_0817_0274-Prosome_mask.png","20130902_163402_222_000000_0817_0274.bmp-Lipid_mask.png","ChypIIIdors","ArcticNet2013","Peelsound 1",1,"9/2/2013",174,168,"False",0.702702702702703,1151,0.099338820748688,1495,0.142508214712145,29232
"1208",1707,"20130902 163402 622 000000 0993 0274","20130902 163402 622 000000 0993 0274.bmp","20130902_163402_622_000000_0993_0274-Prosome_mask.png","20130902_163402_622_000000_0993_0274.bmp-Lipid_mask.png","ChypIIIdors","ArcticNet2013","Peelsound 1",1,"9/2/2013",165,168,"False",0.72189349112426,1223,0.108014874226446,1396,0.129651316435427,27720
"1209",1708,"20130902 163402 655 000000 1009 0274","20130902 163402 655 000000 1009 0274.bmp","20130902_163402_655_000000_1009_0274-Prosome_mask.png","20130902_163402_655_000000_1009_0274.bmp-Lipid_mask.png","ChypIIIdors","ArcticNet2013","Peelsound 1",1,"9/2/2013",165,161,"False",0.731292517006803,1303,0.117884945555743,1242,0.110337427906198,26565
"1210",1709,"20130902 163402 688 000000 1025 0278","20130902 163402 688 000000 1025 0278.bmp","20130902_163402_688_000000_1025_0278-Prosome_mask.png","20130902_163402_688_000000_1025_0278.bmp-Lipid_mask.png","ChypIIIdors","ArcticNet2013","Peelsound 1",1,"9/2/2013",161,172,"False",0.728119180633147,1521,0.14593967304983,1263,0.112920210050607,27692
"1211",1711,"20130902 163421 547 000001 0273 0526","20130902 163421 547 000001 0273 0526.bmp","20130902_163421_547_000001_0273_0526-Prosome_mask.png","20130902_163421_547_000001_0273_0526.bmp-Lipid_mask.png","ChypIVlat","ArcticNet2013","Peelsound 1",1,"9/2/2013",119,287,"False",0.886148007590133,2571,0.301145182014659,2399,0.273701259401668,34153
"1212",1712,"20130902 163421 581 000001 0233 0546","20130902 163421 581 000001 0233 0546.bmp","20130902_163421_581_000001_0233_0546-Prosome_mask.png","20130902_163421_581_000001_0233_0546.bmp-Lipid_mask.png","ChypIVlat","ArcticNet2013","Peelsound 1",1,"9/2/2013",114,345,"False",0.782248520710059,2466,0.28430565182484,2052,0.220617422037626,39330
"1213",1713,"20130902 163423 580 000001 0269 0402","20130902 163423 580 000001 0269 0402.bmp","20130902_163423_580_000001_0269_0402-Prosome_mask.png","20130902_163423_580_000001_0269_0402.bmp-Lipid_mask.png","ChypFlat","ArcticNet2013","Peelsound 1",1,"9/2/2013",216,539,"False",0.824955485549925,6156,1.0047711044182,7168,1.23960776763279,116424
"1214",1714,"20130902 163423 780 000000 0181 0134","20130902 163423 780 000000 0181 0134.bmp","20130902_163423_780_000000_0181_0134-Prosome_mask.png","20130902_163423_780_000000_0181_0134.bmp-Lipid_mask.png","ChypVlat","ArcticNet2013","Peelsound 1",1,"9/2/2013",191,439,"False",0.886452332280245,5122,0.779581753836439,5029,0.760115713753096,83849
"1215",1715,"20130902 163428 999 000000 0589 0258","20130902 163428 999 000000 0589 0258.bmp","20130902_163428_999_000000_0589_0258-Prosome_mask.png","20130902_163428_999_000000_0589_0258.bmp-Lipid_mask.png","ChypVlat","ArcticNet2013","Peelsound 1",1,"9/2/2013",208,455,"False",0.901391409558379,4722,0.696833321441152,4707,0.693780433249368,94640
"1216",1716,"20130902 163429 944 000001 0753 0904","20130902 163429 944 000001 0753 0904.bmp","20130902_163429_944_000001_0753_0904-Prosome_mask.png","20130902_163429_944_000001_0753_0904.bmp-Lipid_mask.png","ChypVlat","ArcticNet2013","Peelsound 1",1,"9/2/2013",140,429,"False",0.883471837488458,4969,0.747629223912425,5230,0.802356516558912,60060
"1217",1718,"20130902 163433 276 000000 0449 0402","20130902 163433 276 000000 0449 0402.bmp","20130902_163433_276_000000_0449_0402-Prosome_mask.png","20130902_163433_276_000000_0449_0402.bmp-Lipid_mask.png","ChypVlat","ArcticNet2013","Peelsound 1",1,"9/2/2013",348,282,"False",0.853582554517134,3615,0.48197499757295,3525,0.465494593265011,98136
"1218",1720,"20130902 163433 376 000000 1061 0406","20130902 163433 376 000000 1061 0406.bmp","20130902_163433_376_000000_1061_0406-Prosome_mask.png","20130902_163433_376_000000_1061_0406.bmp-Lipid_mask.png","MlongVdorsEX","ArcticNet2013","Peelsound 1",1,"9/2/2013",199,241,"False",0.711538461538462,893,0.06998582183509,976,0.07911809138336,47959
"1219",1721,"20130902 163434 076 000000 0541 0634","20130902 163434 076 000000 0541 0634.bmp","20130902_163434_076_000000_0541_0634-Prosome_mask.png","20130902_163434_076_000000_0541_0634.bmp-Lipid_mask.png","ChypVlat","ArcticNet2013","Peelsound 1",1,"9/2/2013",267,329,"False",0.932154052843708,4347,0.621636858505978,4282,0.608845987804487,87843
"1220",1722,"20130902 163434 676 000000 0561 0570","20130902 163434 676 000000 0561 0570.bmp","20130902_163434_676_000000_0561_0570-Prosome_mask.png","20130902_163434_676_000000_0561_0570.bmp-Lipid_mask.png","ChypIVlat","ArcticNet2013","Peelsound 1",1,"9/2/2013",102,298,"False",0.735658558972006,1705,0.170849889624231,2077,0.22433519770456,30396
"1221",1723,"20130902 163435 508 000000 0541 0186","20130902 163435 508 000000 0541 0186.bmp","20130902_163435_508_000000_0541_0186-Prosome_mask.png","20130902_163435_508_000000_0541_0186.bmp-Lipid_mask.png","ChypIVlat","ArcticNet2013","Peelsound 1",1,"9/2/2013",229,386,"False",0.90125260960334,4470,0.646040040209491,4637,0.679582592523238,88394
"1222",1724,"20130902 163436 175 000000 0981 0330","20130902 163436 175 000000 0981 0330.bmp","20130902_163436_175_000000_0981_0330-Prosome_mask.png","20130902_163436_175_000000_0981_0330.bmp-Lipid_mask.png","ChypIVdorsEX","ArcticNet2013","Peelsound 1",1,"9/2/2013",382,340,"False",0.879600181735575,2050,0.220320740116532,2087,0.225827087410021,129880
"1223",1725,"20130902 163438 774 000000 0453 0302","20130902 163438 774 000000 0453 0302.bmp","20130902_163438_774_000000_0453_0302-Prosome_mask.png","20130902_163438_774_000000_0453_0302.bmp-Lipid_mask.png","ChypFlat","ArcticNet2013","Peelsound 1",1,"9/2/2013",335,564,"False",0.920192778957687,12078,2.54676098710863,11429,2.35986095495127,188940
"1224",1727,"20130902 163441 606 000001 0181 0798","20130902 163441 606 000001 0181 0798.bmp","20130902_163441_606_000001_0181_0798-Prosome_mask.png","20130902_163441_606_000001_0181_0798.bmp-Lipid_mask.png","ChypVlat","ArcticNet2013","Peelsound 1",1,"9/2/2013",271,450,"False",0.808334897691008,4601,0.672312421832964,5032,0.760741531149491,121950
"1225",1728,"20130902 163441 973 000000 0457 0286","20130902 163441 973 000000 0457 0286.bmp","20130902_163441_973_000000_0457_0286-Prosome_mask.png","20130902_163441_973_000000_0457_0286.bmp-Lipid_mask.png","MlongMlat","ArcticNet2013","Peelsound 1",1,"9/2/2013",178,194,"False",0.468155500413565,845,0.064848108333778,930,0.074018711814281,34532
"1226",1729,"20130902 163441 999 000000 0961 0302","20130902 163441 999 000000 0961 0302.bmp","20130902_163441_999_000000_0961_0302-Prosome_mask.png","20130902_163441_999_000000_0961_0302.bmp-Lipid_mask.png","MlongMlat","ArcticNet2013","Peelsound 1",1,"9/2/2013",178,235,"False",0.708801498127341,957,0.077000496887465,868,0.067296468477535,41830
"1227",1730,"20130902 163442 106 000000 0745 0298","20130902 163442 106 000000 0745 0298.bmp","20130902_163442_106_000000_0745_0298-Prosome_mask.png","20130902_163442_106_000000_0745_0298.bmp-Lipid_mask.png","ChypVdors","ArcticNet2013","Peelsound 1",1,"9/2/2013",322,371,"False",0.891388400702988,5278,0.81253636348352,5484,0.85662260226475,119462
"1228",1731,"20130902 163442 239 000000 0157 0474","20130902 163442 239 000000 0157 0474.bmp","20130902_163442_239_000000_0157_0474-Prosome_mask.png","20130902_163442_239_000000_0157_0474.bmp-Lipid_mask.png","ChypVdorsext","ArcticNet2013","Peelsound 1",1,"9/2/2013",326,450,"False",0.803292745669696,5808,0.927239175641949,4707,0.693780433249368,146700
"1229",1732,"20130902 163442 306 000000 0229 0366","20130902 163442 306 000000 0229 0366.bmp","20130902_163442_306_000000_0229_0366-Prosome_mask.png","20130902_163442_306_000000_0229_0366.bmp-Lipid_mask.png","ChypFlat","ArcticNet2013","Peelsound 1",1,"9/2/2013",466,214,"False",0.920420095279341,8898,1.67054649500533,8839,1.65527965945052,99724
"1230",1734,"20130902 163442 339 000000 0641 0366","20130902 163442 339 000000 0641 0366.bmp","20130902_163442_339_000000_0641_0366-Prosome_mask.png","20130902_163442_339_000000_0641_0366.bmp-Lipid_mask.png","ChypFlat","ArcticNet2013","Peelsound 1",1,"9/2/2013",458,292,"False",0.929275019700552,10047,1.97535560349396,9539,1.83886135082031,133736
"1231",1736,"20130902 163442 439 000000 0701 0230","20130902 163442 439 000000 0701 0230.bmp","20130902_163442_439_000000_0701_0230-Prosome_mask.png","20130902_163442_439_000000_0701_0230.bmp-Lipid_mask.png","MlongFdors","ArcticNet2013","Peelsound 1",1,"9/2/2013",114,319,"False",0.041184971098266,1123,0.096019428600891,1759,0.178361826895598,36366
"1232",1737,"20130902 163442 972 000000 0277 0290","20130902 163442 972 000000 0277 0290.bmp","20130902_163442_972_000000_0277_0290-Prosome_mask.png","20130902_163442_972_000000_0277_0290.bmp-Lipid_mask.png","ChypIVlat","ArcticNet2013","Peelsound 1",1,"9/2/2013",144,308,"False",0.612151183327446,2125,0.231520996488146,2439,0.280018895340062,44352
"1233",1739,"20130902 163443 739 000000 1072 0794","20130902 163443 739 000000 1072 0794.bmp","20130902_163443_739_000000_1072_0794-Prosome_mask.png","20130902_163443_739_000000_1072_0794.bmp-Lipid_mask.png","MlongFlat","ArcticNet2013","Peelsound 1",1,"9/2/2013",220,140,"False",0.154455445544554,1476,0.140014891083222,856,0.066015945662154,30800
"1234",1742,"20130902 163444 205 000001 0757 0502","20130902 163444 205 000001 0757 0502.bmp","20130902_163444_205_000001_0757_0502-Prosome_mask.png","20130902_163444_205_000001_0757_0502.bmp-Lipid_mask.png","ChypIVdors","ArcticNet2013","Peelsound 1",1,"9/2/2013",199,214,"False",0.783517350157729,2042,0.21913511278862,2481,0.28669491379133,42586
"1235",1743,"20130902 163444 338 000001 0969 0186","20130902 163444 338 000001 0969 0186.bmp","20130902_163444_338_000001_0969_0186-Prosome_mask.png","20130902_163444_338_000001_0969_0186.bmp-Lipid_mask.png","MlongFlat","ArcticNet2013","Peelsound 1",1,"9/2/2013",114,304,"False",0.43208707998107,1686,0.168228084745319,1340,0.122529221816209,34656
"1236",1746,"20130902 163445 438 000000 0485 0154","20130902 163445 438 000000 0485 0154.bmp","20130902_163445_438_000000_0485_0154-Prosome_mask.png","20130902_163445_438_000000_0485_0154.bmp-Lipid_mask.png","ChypVlat","ArcticNet2013","Peelsound 1",1,"9/2/2013",157,444,"False",0.892461891835456,4630,0.678167262713644,4433,0.638672067763996,69708
"1237",1747,"20130902 163445 738 000000 0081 0346","20130902 163445 738 000000 0081 0346.bmp","20130902_163445_738_000000_0081_0346-Prosome_mask.png","20130902_163445_738_000000_0081_0346.bmp-Lipid_mask.png","ChypFlat","ArcticNet2013","Peelsound 1",1,"9/2/2013",246,496,"False",0.856839026983916,7255,1.26041826706906,6714,1.13258106992394,122016
"1238",1748,"20130902 163446 471 000000 0857 0166","20130902 163446 471 000000 0857 0166.bmp","20130902_163446_471_000000_0857_0166-Prosome_mask.png","20130902_163446_471_000000_0857_0166.bmp-Lipid_mask.png","ChypFlat","ArcticNet2013","Peelsound 1",1,"9/2/2013",411,329,"False",0.845347119645495,6617,1.11006246871937,5876,0.942253848185029,135219
"1239",1749,"20130902 163446 571 000000 0109 0702","20130902 163446 571 000000 0109 0702.bmp","20130902_163446_571_000000_0109_0702-Prosome_mask.png","20130902_163446_571_000000_0109_0702.bmp-Lipid_mask.png","ChypVlat","ArcticNet2013","Peelsound 1",1,"9/2/2013",140,429,"False",0.914375217542638,8511,1.57111606168312,7989,1.43970858634551,60060
"1240",1751,"20130902 163448 503 000000 0393 0242","20130902 163448 503 000000 0393 0242.bmp","20130902_163448_503_000000_0393_0242-Prosome_mask.png","20130902_163448_503_000000_0393_0242.bmp-Lipid_mask.png","ChypVdors","ArcticNet2013","Peelsound 1",1,"9/2/2013",225,402,"False",0.8405131826742,7762,1.3835621564433,7875,1.4114348281961,90450
"1241",1753,"20130902 163449 103 000001 0425 0606","20130902 163449 103 000001 0425 0606.bmp","20130902_163449_103_000001_0425_0606-Prosome_mask.png","20130902_163449_103_000001_0425_0606.bmp-Lipid_mask.png","ChypFlat","ArcticNet2013","Peelsound 1",1,"9/2/2013",314,496,"False",0.777203445990722,6869,1.16882126988784,6540,1.09227588687524,155744
"1242",1754,"20130902 163449 136 000000 0741 0278","20130902 163449 136 000000 0741 0278.bmp","20130902_163449_136_000000_0741_0278-Prosome_mask.png","20130902_163449_136_000000_0741_0278.bmp-Lipid_mask.png","ChypFlat","ArcticNet2013","Peelsound 1",1,"9/2/2013",288,439,"False",0.927629607431825,6494,1.08168798535456,6371,1.05351700150781,126432
"1243",1756,"20130902 163453 335 000000 0081 0310","20130902 163453 335 000000 0081 0310.bmp","20130902_163453_335_000000_0081_0310-Prosome_mask.png","20130902_163453_335_000000_0081_0310.bmp-Lipid_mask.png","MlongMdorsEx","ArcticNet2013","Peelsound 1",1,"9/2/2013",153,261,"False",0.714439655172414,839,0.064213532149946,752,0.055209736398639,39933
"1244",1757,"20130902 163453 368 000000 0517 0314","20130902 163453 368 000000 0517 0314.bmp","20130902_163453_368_000000_0517_0314-Prosome_mask.png","20130902_163453_368_000000_0517_0314.bmp-Lipid_mask.png","MlongMdorsEx","ArcticNet2013","Peelsound 1",1,"9/2/2013",136,261,"False",0.823333333333333,762,0.05622544663709,879,0.068476207797911,35496
"1245",1758,"20130902 163453 401 000000 0981 0278","20130902 163453 401 000000 0981 0278.bmp","20130902_163453_401_000000_0981_0278-Prosome_mask.png","20130902_163453_401_000000_0981_0278.bmp-Lipid_mask.png","MlongMdorsEx","ArcticNet2013","Peelsound 1",1,"9/2/2013",237,278,"False",0.560640732265446,786,0.05868379173007,578,0.038396838807346,65886
"1246",1759,"20130902 163453 768 000001 0449 0402","20130902 163453 768 000001 0449 0402.bmp","20130902_163453_768_000001_0449_0402-Prosome_mask.png","20130902_163453_768_000001_0449_0402.bmp-Lipid_mask.png","ChypVlat","ArcticNet2013","Peelsound 1",1,"9/2/2013",136,418,"False",0.943091183444708,4528,0.657636502027163,4486,0.649233386541001,56848
"1247",1761,"20130902 163454 701 000000 0565 0614","20130902 163454 701 000000 0565 0614.bmp","20130902_163454_701_000000_0565_0614-Prosome_mask.png","20130902_163454_701_000000_0565_0614.bmp-Lipid_mask.png","MlongFdorsEx","ArcticNet2013","Peelsound 1",1,"9/2/2013",127,251,"False",0.729263437292634,1306,0.118259663183376,1300,0.117510555626947,31877
"1248",1762,"20130902 163454 934 000000 0525 0238","20130902 163454 934 000000 0525 0238.bmp","20130902_163454_934_000000_0525_0238-Prosome_mask.png","20130902_163454_934_000000_0525_0238.bmp-Lipid_mask.png","MlongMlat","ArcticNet2013","Peelsound 1",1,"9/2/2013",170,168,"False",0.828082808280828,964,0.077778821840005,1067,0.089475050540512,28560
"1249",1763,"20130902 163455 301 000000 0525 0750","20130902 163455 301 000000 0525 0750.bmp","20130902_163455_301_000000_0525_0750-Prosome_mask.png","20130902_163455_301_000000_0525_0750.bmp-Lipid_mask.png","ChypFlat","ArcticNet2013","Peelsound 1",1,"9/2/2013",246,528,"False",0.807277255118982,6216,1.0183105461393,6847,1.1636583923999,129888
"1250",1764,"20130902 163455 434 000000 0917 0198","20130902 163455 434 000000 0917 0198.bmp","20130902_163455_434_000000_0917_0198-Prosome_mask.png","20130902_163455_434_000000_0917_0198.bmp-Lipid_mask.png","ChypVdors","ArcticNet2013","Peelsound 1",1,"9/2/2013",170,455,"False",0.753610108303249,3693,0.496384827208842,4079,0.569376012893832,77350
"1251",1765,"20130902 163455 467 000000 0889 0206","20130902 163455 467 000000 0889 0206.bmp","20130902_163455_467_000000_0889_0206-Prosome_mask.png","20130902_163455_467_000000_0889_0206.bmp-Lipid_mask.png","ChypIIIdorEX","ArcticNet2013","Peelsound 1",1,"9/2/2013",212,355,"False",0.768332251784555,1360,0.125060092947144,1365,0.125695031884853,75260
"1252",1767,"20130902 163456 800 000000 1053 0454","20130902 163456 800 000000 1053 0454.bmp","20130902_163456_800_000000_1053_0454-Prosome_mask.png","20130902_163456_800_000000_1053_0454.bmp-Lipid_mask.png","MlongFdors","ArcticNet2013","Peelsound 1",1,"9/2/2013",195,224,"False",0.573907455012853,940,0.075119292949558,1509,0.144353129787675,43680
"1253",1768,"20130902 163457 300 000001 0253 0614","20130902 163457 300 000001 0253 0614.bmp","20130902_163457_300_000001_0253_0614-Prosome_mask.png","20130902_163457_300_000001_0253_0614.bmp-Lipid_mask.png","MlongFlat","ArcticNet2013","Peelsound 1",1,"9/2/2013",131,292,"False",0.700392927308448,775,0.057553455408693,956,0.07688948373756,38252
"1254",1770,"20130902 163458 533 000000 0757 0706","20130902 163458 533 000000 0757 0706.bmp","20130902_163458_533_000000_0757_0706-Prosome_mask.png","20130902_163458_533_000000_0757_0706.bmp-Lipid_mask.png","ChypVlat","ArcticNet2013","Peelsound 1",1,"9/2/2013",254,312,"False",0.662745098039216,3543,0.468778023716467,4513,0.654631974328996,79248
"1255",1771,"20130902 163459 266 000000 0929 0882","20130902 163459 266 000000 0929 0882.bmp","20130902_163459_266_000000_0929_0882-Prosome_mask.png","20130902_163459_266_000000_0929_0882.bmp-Lipid_mask.png","ChypVlat","ArcticNet2013","Peelsound 1",1,"9/2/2013",110,382,"False",0.703207939072236,3133,0.395603748912148,4247,0.601989025179652,42020
"1256",1772,"20130902 163500 758 000000 0775 0446","20130902 163500 758 000000 0775 0446.bmp","20130902_163500_758_000000_0775_0446-Prosome_mask.png","20130902_163500_758_000000_0775_0446.bmp-Lipid_mask.png","ChypVlat","ArcticNet2013","Peelsound 1",1,"9/2/2013",327,105,"False",0.847863841611671,2548,0.297433757922332,2772,0.334110177701843,34335
"1257",1773,"20130902 163503 864 000000 0825 0598","20130902 163503 864 000000 0825 0598.bmp","20130902_163503_864_000000_0825_0598-Prosome_mask.png","20130902_163503_864_000000_0825_0598.bmp-Lipid_mask.png","ChypVlat","ArcticNet2013","Peelsound 1",1,"9/2/2013",119,455,"False",0.803015323776569,3478,0.456951251119466,3817,0.519531200528071,54145
"1258",1777,"20130902 163507 096 000000 0889 0678","20130902 163507 096 000000 0889 0678.bmp","20130902_163507_096_000000_0889_0678-Prosome_mask.png","20130902_163507_096_000000_0889_0678.bmp-Lipid_mask.png","ChypVdorsext","ArcticNet2013","Peelsound 1",1,"9/2/2013",267,476,"False",0.735638808837656,4384,0.628950412549382,4650,0.682213216231392,127092
"1259",1778,"20130902 163508 062 000000 0461 0394","20130902 163508 062 000000 0461 0394.bmp","20130902_163508_062_000000_0461_0394-Prosome_mask.png","20130902_163508_062_000000_0461_0394.bmp-Lipid_mask.png","MlongFlat","ArcticNet2013","Peelsound 1",1,"9/2/2013",102,308,"False",0.01511758118701,850,0.065378231867843,963,0.077667500663233,31416
"1260",1779,"20130902 163508 062 000001 0429 0898","20130902 163508 062 000001 0429 0898.bmp","20130902_163508_062_000001_0429_0898-Prosome_mask.png","20130902_163508_062_000001_0429_0898.bmp-Lipid_mask.png","ChypFlat","ArcticNet2013","Peelsound 1",1,"9/2/2013",148,586,"False",0.841023913775682,8270,1.51005462126243,8128,1.47439059734672,86728
"1261",1782,"20130902 163516 526 000000 0101 0442","20130902 163516 526 000000 0101 0442.bmp","20130902_163516_526_000000_0101_0442-Prosome_mask.png","20130902_163516_526_000000_0101_0442.bmp-Lipid_mask.png","ChypVdorsext","ArcticNet2013","Peelsound 1",1,"9/2/2013",318,355,"False",0.890429958391123,4599,0.671909155365549,4942,0.74202892742004,112890
"1262",1783,"20130902 163516 559 000000 0317 0422","20130902 163516 559 000000 0317 0422.bmp","20130902_163516_559_000000_0317_0422-Prosome_mask.png","20130902_163516_559_000000_0317_0422.bmp-Lipid_mask.png","ChypVdorsext","ArcticNet2013","Peelsound 1",1,"9/2/2013",339,429,"False",0.898838811257626,5009,0.755947225305014,4639,0.679987121669269,145431
"1263",1784,"20130902 163516 592 000000 0553 0410","20130902 163516 592 000000 0553 0410.bmp","20130902_163516_592_000000_0553_0410-Prosome_mask.png","20130902_163516_592_000000_0553_0410.bmp-Lipid_mask.png","ChypVdorsext","ArcticNet2013","Peelsound 1",1,"9/2/2013",348,455,"False",0.721077065923863,4002,0.554596890049478,5266,0.809988090109101,158340
"1264",1787,"20130902 163519 125 000000 0081 0414","20130902 163519 125 000000 0081 0414.bmp","20130902_163519_125_000000_0081_0414-Prosome_mask.png","20130902_163519_125_000000_0081_0414.bmp-Lipid_mask.png","MlongFlat","ArcticNet2013","Peelsound 1",1,"9/2/2013",191,220,"False",0.553500660501981,878,0.068368725731986,1474,0.13975314204443,42020
"1265",1788,"20130902 163519 424 000000 0785 0826","20130902 163519 424 000000 0785 0826.bmp","20130902_163519_424_000000_0785_0826-Prosome_mask.png","20130902_163519_424_000000_0785_0826.bmp-Lipid_mask.png","ChypVdors","ArcticNet2013","Peelsound 1",1,"9/2/2013",144,413,"False",0.88756148981026,3994,0.553067548914417,4064,0.566488579146647,59472
"1266",1789,"20130902 163519 474 000001 0219 0250","20130902 163519 474 000001 0219 0250.bmp","20130902_163519_474_000001_0219_0250-Prosome_mask.png","20130902_163519_474_000001_0219_0250.bmp-Lipid_mask.png","ChypFlat","ArcticNet2013","Peelsound 1",1,"9/2/2013",387,192,"False",0.753855644663788,4985,0.750953382862059,6387,1.0571699208642,74304
"1267",1790,"20130902 163519 674 000000 0131 0016","20130902 163519 674 000000 0131 0016.bmp","20130902_163519_674_000000_0131_0016-Prosome_mask.png","20130902_163519_674_000000_0131_0016.bmp-Lipid_mask.png","ChypVlat","ArcticNet2013","Peelsound 1",1,"9/2/2013",316,169,"False",0.883619646745705,3973,0.549058568372142,3812,0.518592276545342,53404
"1268",1793,"20130902 163524 905 000000 0539 0106","20130902 163524 905 000000 0539 0106.bmp","20130902_163524_905_000000_0539_0106-Prosome_mask.png","20130902_163524_905_000000_0539_0106.bmp-Lipid_mask.png","ChypVlat","ArcticNet2013","Peelsound 1",1,"9/2/2013",327,184,"False",0.87525,3647,0.487872576500102,3854,0.526493742438458,60168
"1269",1794,"20130902 163525 838 000001 0703 0762","20130902 163525 838 000001 0703 0762.bmp","20130902_163525_838_000001_0703_0762-Prosome_mask.png","20130902_163525_838_000001_0703_0762.bmp-Lipid_mask.png","ChypVlat","ArcticNet2013","Peelsound 1",1,"9/2/2013",308,124,"False",0.862753654811259,4337,0.619664271133666,4200,0.592814850196195,38192
"1270",1795,"20130902 163528 854 000000 0469 0706","20130902 163528 854 000000 0469 0706.bmp","20130902_163528_854_000000_0469_0706-Prosome_mask.png","20130902_163528_854_000000_0469_0706.bmp-Lipid_mask.png","ChypFlat","ArcticNet2013","Peelsound 1",1,"9/2/2013",369,422,"False",0.750578079235394,5754,0.915363217555906,5602,0.882162389150983,155718
"1271",1796,"20130902 163529 070 000000 0771 0030","20130902 163529 070 000000 0771 0030.bmp","20130902_163529_070_000000_0771_0030-Prosome_mask.png","20130902_163529_070_000000_0771_0030.bmp-Lipid_mask.png","ChypVlat","ArcticNet2013","Peelsound 1",1,"9/2/2013",297,120,"False",0.644519519519519,2054,0.220914213861279,2327,0.262430351726182,35640
"1272",1798,"20130902 163529 270 000000 1011 0254","20130902 163529 270 000000 1011 0254.bmp","20130902_163529_270_000000_1011_0254-Prosome_mask.png","20130902_163529_270_000000_1011_0254.bmp-Lipid_mask.png","MlongVdorsEX","ArcticNet2013","Peelsound 1",1,"9/2/2013",173,177,"False",0.554752066115703,698,0.049814472612732,807,0.060858400161067,30621
"1273",1799,"20130902 163530 001 000000 0491 0482","20130902 163530 001 000000 0491 0482.bmp","20130902_163530_001_000000_0491_0482-Prosome_mask.png","20130902_163530_001_000000_0491_0482.bmp-Lipid_mask.png","ChypVlat","ArcticNet2013","Peelsound 1",1,"9/2/2013",237,237,"False",0.936534681269306,3452,0.452243922921017,3444,0.450798217991951,56169
"1274",1800,"20130902 163530 353 000000 0309 0234","20130902 163530 353 000000 0309 0234.bmp","20130902_163530_353_000000_0309_0234-Prosome_mask.png","20130902_163530_353_000000_0309_0234.bmp-Lipid_mask.png","MlongFlat","ArcticNet2013","Peelsound 1",1,"9/2/2013",131,267,"False",0.394331983805668,509,0.032218520485211,1213,0.106797960409513,34977
"1275",1801,"20130902 163531 402 000000 0491 0034","20130902 163531 402 000000 0491 0034.bmp","20130902_163531_402_000000_0491_0034-Prosome_mask.png","20130902_163531_402_000000_0491_0034.bmp-Lipid_mask.png","ChypIVlat","ArcticNet2013","Peelsound 1",1,"9/2/2013",278,203,"False",0.911405835543766,3525,0.465494593265011,3681,0.494160333749426,56434
"1276",1802,"20130902 163531 719 000000 1029 0862","20130902 163531 719 000000 1029 0862.bmp","20130902_163531_719_000000_1029_0862-Prosome_mask.png","20130902_163531_719_000000_1029_0862.bmp-Lipid_mask.png","MlongFlat","ArcticNet2013","Peelsound 1",1,"9/2/2013",114,241,"False",0.40606936416185,800,0.060131112045003,1146,0.098743797625286,27474
"1277",1803,"20130902 163532 069 000000 0931 0178","20130902 163532 069 000000 0931 0178.bmp","20130902_163532_069_000000_0931_0178-Prosome_mask.png","20130902_163532_069_000000_0931_0178.bmp-Lipid_mask.png","ChypIVdorsEX","ArcticNet2013","Peelsound 1",1,"9/2/2013",244,338,"False",0.729493087557604,1727,0.173899558502184,2026,0.216769153762097,82472
"1278",1804,"20130902 163532 086 000000 0121 0670","20130902 163532 086 000000 0121 0670.bmp","20130902_163532_086_000000_0121_0670-Prosome_mask.png","20130902_163532_086_000000_0121_0670.bmp-Lipid_mask.png","MlongFlat","ArcticNet2013","Peelsound 1",1,"9/2/2013",170,209,"False",0.396533044420368,1472,0.139491527929683,1106,0.094019324975426,35530
"1279",1805,"20130902 163532 186 000000 0225 0410","20130902 163532 186 000000 0225 0410.bmp","20130902_163532_186_000000_0225_0410-Prosome_mask.png","20130902_163532_186_000000_0225_0410.bmp-Lipid_mask.png","MlongFlat","ArcticNet2013","Peelsound 1",1,"9/2/2013",178,231,"False",0.31350114416476,1843,0.190221681408018,1027,0.084879393119288,41118
"1280",1807,"20130902 163534 668 000000 0403 0150","20130902 163534 668 000000 0403 0150.bmp","20130902_163534_668_000000_0403_0150-Prosome_mask.png","20130902_163534_668_000000_0403_0150.bmp-Lipid_mask.png","ChypFlat","ArcticNet2013","Peelsound 1",1,"9/2/2013",406,297,"False",0.929486522496669,9522,1.83434042888087,9304,1.77663920709889,120582
"1281",1810,"20130902 163537 500 000001 0131 0646","20130902 163537 500 000001 0131 0646.bmp","20130902_163537_500_000001_0131_0646-Prosome_mask.png","20130902_163537_500_000001_0131_0646.bmp-Lipid_mask.png","ChypVlat","ArcticNet2013","Peelsound 1",1,"9/2/2013",323,241,"False",0.745054456545899,3712,0.499912560586521,4139,0.580966033683766,77843
"1282",1811,"20130902 163537 867 000000 0407 0134","20130902 163537 867 000000 0407 0134.bmp","20130902_163537_867_000000_0407_0134-Prosome_mask.png","20130902_163537_867_000000_0407_0134.bmp-Lipid_mask.png","MlongMlat","ArcticNet2013","Peelsound 1",1,"9/2/2013",169,158,"False",0.541942604856512,664,0.046497221633417,733,0.05329402711794,26702
"1283",1812,"20130902 163538 001 000000 0695 0146","20130902 163538 001 000000 0695 0146.bmp","20130902_163538_001_000000_0695_0146-Prosome_mask.png","20130902_163538_001_000000_0695_0146.bmp-Lipid_mask.png","ChypVdors","ArcticNet2013","Peelsound 1",1,"9/2/2013",267,286,"False",0.937906299036091,4254,0.603358706005815,4391,0.630336704425883,76362
"1284",1813,"20130902 163538 133 000000 0107 0322","20130902 163538 133 000000 0107 0322.bmp","20130902_163538_133_000000_0107_0322-Prosome_mask.png","20130902_163538_133_000000_0107_0322.bmp-Lipid_mask.png","ChypVdorsext","ArcticNet2013","Peelsound 1",1,"9/2/2013",323,290,"False",0.863384021240647,3906,0.536321915009397,3814,0.518967790015618,93670
"1285",1814,"20130902 163538 200 000000 0179 0214","20130902 163538 200 000000 0179 0214.bmp","20130902_163538_200_000000_0179_0214-Prosome_mask.png","20130902_163538_200_000000_0179_0214.bmp-Lipid_mask.png","ChypFlat","ArcticNet2013","Peelsound 1",1,"9/2/2013",154,414,"False",0.914969730324711,7029,1.2065578327308,6889,1.17352025119298,63756
"1286",1816,"20130902 163538 233 000000 0591 0214","20130902 163538 233 000000 0591 0214.bmp","20130902_163538_233_000000_0591_0214-Prosome_mask.png","20130902_163538_233_000000_0591_0214.bmp-Lipid_mask.png","ChypFlat","ArcticNet2013","Peelsound 1",1,"9/2/2013",211,406,"False",0.94281357224552,7562,1.33460781114898,7726,1.37471459923558,85666
"1287",1817,"20130902 163538 866 000000 0227 0138","20130902 163538 866 000000 0227 0138.bmp","20130902_163538_866_000000_0227_0138-Prosome_mask.png","20130902_163538_866_000000_0227_0138.bmp-Lipid_mask.png","ChypIVlat","ArcticNet2013","Peelsound 1",1,"9/2/2013",211,154,"False",0.833763551884357,1756,0.177942168796527,1796,0.183559891445378,32494
"1288",1818,"20130902 163538 900 000000 0707 0170","20130902 163538 900 000000 0707 0170.bmp","20130902_163538_900_000000_0707_0170-Prosome_mask.png","20130902_163538_900_000000_0707_0170.bmp-Lipid_mask.png","ChypIVlat","ArcticNet2013","Peelsound 1",1,"9/2/2013",222,128,"False",0.811214953271028,1859,0.192504378277393,2017,0.215441415140646,28416
"1289",1821,"20130902 163541 001 000000 0091 0162","20130902 163541 001 000000 0091 0162.bmp","20130902_163541_001_000000_0091_0162-Prosome_mask.png","20130902_163541_001_000000_0091_0162.bmp-Lipid_mask.png","ChypVdors","ArcticNet2013","Peelsound 1",1,"9/2/2013",297,124,"False",0.793408360128617,3322,0.428910363905255,3371,0.437665316948541,36828
"1290",1823,"20130902 163541 332 000000 0435 0016","20130902 163541 332 000000 0435 0016.bmp","20130902_163541_332_000000_0435_0016-Prosome_mask.png","20130902_163541_332_000000_0435_0016.bmp-Lipid_mask.png","ChypVlat","ArcticNet2013","Peelsound 1",1,"9/2/2013",320,139,"False",0.858678955453149,3714,0.500284300860859,3546,0.469325879542367,44480
"1291",1824,"20130902 163541 632 000000 0031 0194","20130902 163541 632 000000 0031 0194.bmp","20130902_163541_632_000000_0031_0194-Prosome_mask.png","20130902_163541_632_000000_0031_0194.bmp-Lipid_mask.png","ChypFlat","ArcticNet2013","Peelsound 1",1,"9/2/2013",357,218,"False",0.788926321956936,5992,0.968019584974598,6221,1.01944108288894,77826
"1292",1825,"20130902 163542 365 000000 0807 0016","20130902 163542 365 000000 0807 0016.bmp","20130902_163542_365_000000_0807_0016-Prosome_mask.png","20130902_163542_365_000000_0807_0016.bmp-Lipid_mask.png","ChypFlat","ArcticNet2013","Peelsound 1",1,"9/2/2013",237,365,"False",0.869485630605894,4834,0.719744285037101,5379,0.834071313626687,86505
"1293",1826,"20130902 163542 465 000000 0059 0550","20130902 163542 465 000000 0059 0550.bmp","20130902_163542_465_000000_0059_0550-Prosome_mask.png","20130902_163542_465_000000_0059_0550.bmp-Lipid_mask.png","ChypVlat","ArcticNet2013","Peelsound 1",1,"9/2/2013",308,124,"False",0.932381352372952,7045,1.21034959735094,6758,1.14283663097668,38192
"1294",1827,"20130902 163542 615 000000 0297 0814","20130902 163542 615 000000 0297 0814.bmp","20130902_163542_615_000000_0297_0814-Prosome_mask.png","20130902_163542_615_000000_0297_0814.bmp-Lipid_mask.png","MlongMdorsEx","ArcticNet2013","Peelsound 1",1,"9/2/2013",199,245,"False",0.463225806451613,600,0.040428141688163,534,0.03442246668387,48755
"1295",1828,"20130902 163542 682 000000 0881 0534","20130902 163542 682 000000 0881 0534.bmp","20130902_163542_682_000000_0881_0534-Prosome_mask.png","20130902_163542_682_000000_0881_0534.bmp-Lipid_mask.png","ChypIVdorsEX","ArcticNet2013","Peelsound 1",1,"9/2/2013",259,282,"False",0.860764933390632,2173,0.238768744545805,2157,0.236345998507725,73038
"1296",1830,"20130902 163543 931 000000 0811 0138","20130902 163543 931 000000 0811 0138.bmp","20130902_163543_931_000000_0811_0138-Prosome_mask.png","20130902_163543_931_000000_0811_0138.bmp-Lipid_mask.png","MlongFlat","ArcticNet2013","Peelsound 1",1,"9/2/2013",150,177,"False",0.701466781708369,975,0.07900624537237,997,0.081476876597438,26550
"1297",1831,"20130902 163544 281 000000 0485 0170","20130902 163544 281 000000 0485 0170.bmp","20130902_163544_281_000000_0485_0170-Prosome_mask.png","20130902_163544_281_000000_0485_0170.bmp-Lipid_mask.png","ChypVdorsext","ArcticNet2013","Peelsound 1",1,"9/2/2013",195,324,"False",0.782745371987426,2342,0.264767675609191,2762,0.332447999568206,63180
"1298",1832,"20130902 163544 397 000000 0343 0090","20130902 163544 397 000000 0343 0090.bmp","20130902_163544_397_000000_0343_0090-Prosome_mask.png","20130902_163544_397_000000_0343_0090.bmp-Lipid_mask.png","ChypVdors","ArcticNet2013","Peelsound 1",1,"9/2/2013",290,199,"False",0.897565457050987,5958,0.960447746782982,6435,1.068149531357,57710
"1299",1833,"20130902 163545 001 000001 0079 0642","20130902 163545 001 000001 0079 0642.bmp","20130902_163545_001_000001_0079_0642-Prosome_mask.png","20130902_163545_001_000001_0079_0642.bmp-Lipid_mask.png","ChypFlat","ArcticNet2013","Peelsound 1",1,"9/2/2013",316,256,"False",0.924343891402715,5421,0.843071941392712,5211,0.798336773606206,80896
"1300",1834,"20130902 163545 001 000001 0375 0454","20130902 163545 001 000001 0375 0454.bmp","20130902_163545_001_000001_0375_0454-Prosome_mask.png","20130902_163545_001_000001_0375_0454.bmp-Lipid_mask.png","ChypFlat","ArcticNet2013","Peelsound 1",1,"9/2/2013",357,278,"False",0.866632249182585,5096,0.774125996811428,5751,0.914704679447406,99246
"1301",1836,"20130902 163546 114 000000 0689 0826","20130902 163546 114 000000 0689 0826.bmp","20130902_163546_114_000000_0689_0826-Prosome_mask.png","20130902_163546_114_000000_0689_0826.bmp-Lipid_mask.png","MlongFlat","ArcticNet2013","Peelsound 1",1,"9/2/2013",165,224,"False",0.234683281412253,473,0.029116785547891,716,0.05159588004019,36960
"1302",1838,"20130902 163547 999 000000 0205 0770","20130902 163547 999 000000 0205 0770.bmp","20130902_163547_999_000000_0205_0770-Prosome_mask.png","20130902_163547_999_000000_0205_0770.bmp-Lipid_mask.png","CglacFlat","ArcticNet2013","Peelsound 1",1,"9/2/2013",199,245,"False",0.561776061776062,2175,0.239072065739979,2679,0.318740609192986,48755
"1303",1839,"20130902 163547 999 000000 0461 0798","20130902 163547 999 000000 0461 0798.bmp","20130902_163547_999_000000_0461_0798-Prosome_mask.png","20130902_163547_999_000000_0461_0798.bmp-Lipid_mask.png","CglacFantF","ArcticNet2013","Peelsound 1",1,"9/2/2013",182,492,"False",0.880139982502187,3344,0.432835132486467,3103,0.390385702686163,89544
"1304",1842,"20130902 163549 295 000000 0931 0126","20130902 163549 295 000000 0931 0126.bmp","20130902_163549_295_000000_0931_0126-Prosome_mask.png","20130902_163549_295_000000_0931_0126.bmp-Lipid_mask.png","MlongMdorsEx","ArcticNet2013","Peelsound 1",1,"9/2/2013",199,211,"False",0.694164989939638,776,0.057655962808574,908,0.071613273236336,41989
"1305",1843,"20130902 163549 662 000001 0399 0250","20130902 163549 662 000001 0399 0250.bmp","20130902_163549_662_000001_0399_0250-Prosome_mask.png","20130902_163549_662_000001_0399_0250.bmp-Lipid_mask.png","ChypVlat","ArcticNet2013","Peelsound 1",1,"9/2/2013",301,120,"False",0.883250065737576,3753,0.507548411009425,3409,0.44448828104893,36120
"1306",1845,"20130902 163551 195 000000 0475 0598","20130902 163551 195 000000 0475 0598.bmp","20130902_163551_195_000000_0475_0598-Prosome_mask.png","20130902_163551_195_000000_0475_0598.bmp-Lipid_mask.png","ChypFlat","ArcticNet2013","Peelsound 1",1,"9/2/2013",380,218,"False",0.761520349815002,4778,0.708263292903153,5696,0.902654656418488,82840
"1307",1846,"20130902 163551 328 000000 0867 0046","20130902 163551 328 000000 0867 0046.bmp","20130902_163551_328_000000_0867_0046-Prosome_mask.png","20130902_163551_328_000000_0867_0046.bmp-Lipid_mask.png","ChypVdors","ArcticNet2013","Peelsound 1",1,"9/2/2013",327,150,"False",0.820812182741117,3620,0.482895191539268,3554,0.470787689377365,49050
"1308",1847,"20130902 163551 361 000000 0839 0054","20130902 163551 361 000000 0839 0054.bmp","20130902_163551_361_000000_0839_0054-Prosome_mask.png","20130902_163551_361_000000_0839_0054.bmp-Lipid_mask.png","ChypIIIdorEX","ArcticNet2013","Peelsound 1",1,"9/2/2013",256,188,"False",0.782327586206897,1237,0.109724911456249,1244,0.110582697184669,48128
"1309",1848,"20130902 163551 512 000000 0321 0462","20130902 163551 512 000000 0321 0462.bmp","20130902_163551_512_000000_0321_0462-Prosome_mask.png","20130902_163551_512_000000_0321_0462.bmp-Lipid_mask.png","MlongMlat","ArcticNet2013","Peelsound 1",1,"9/2/2013",178,151,"False",0.74199806013579,887,0.069337734702122,909,0.071722135562192,26878
"1310",1850,"20130902 163551 999 000000 1049 0314","20130902 163551 999 000000 1049 0314.bmp","20130902_163551_999_000000_1049_0314-Prosome_mask.png","20130902_163551_999_000000_1049_0314.bmp-Lipid_mask.png","MlongFlat","ArcticNet2013","Peelsound 1",1,"9/2/2013",225,168,"False",0.30355276907001,999,0.081702515367731,1496,0.142639777472411,37800
"1311",1852,"20130902 163552 694 000000 1003 0302","20130902 163552 694 000000 1003 0302.bmp","20130902_163552_694_000000_1003_0302-Prosome_mask.png","20130902_163552_694_000000_1003_0302.bmp-Lipid_mask.png","MlongFdors","ArcticNet2013","Peelsound 1",1,"9/2/2013",162,173,"False",0.429923122412774,918,0.072703941117737,1500,0.143166362601056,28026
"1312",1853,"20130902 163552 878 000000 0693 0206","20130902 163552 878 000000 0693 0206.bmp","20130902_163552_878_000000_0693_0206-Prosome_mask.png","20130902_163552_878_000000_0693_0206.bmp-Lipid_mask.png","MlongFlat","ArcticNet2013","Peelsound 1",1,"9/2/2013",157,241,"False",0.264810126582278,1943,0.204610312373035,555,0.036304408917647,37837
"1313",1854,"20130902 163552 944 000000 0885 0546","20130902 163552 944 000000 0885 0546.bmp","20130902_163552_944_000000_0885_0546-Prosome_mask.png","20130902_163552_944_000000_0885_0546.bmp-Lipid_mask.png","CglacIVdors","ArcticNet2013","Peelsound 1",1,"9/2/2013",165,402,"False",0.710724178868223,2508,0.291009420392584,1815,0.186245077085809,66330
"1314",1856,"20130902 163553 544 000002 0669 0786","20130902 163553 544 000002 0669 0786.bmp","20130902_163553_544_000002_0669_0786-Prosome_mask.png","20130902_163553_544_000002_0669_0786.bmp-Lipid_mask.png","MlongFlat","ArcticNet2013","Peelsound 1",1,"9/2/2013",216,177,"False",0.624557260920897,1100,0.093316181487541,1652,0.163564448213218,38232
"1315",1857,"20130902 163553 577 000000 0417 0878","20130902 163553 577 000000 0417 0878.bmp","20130902_163553_577_000000_0417_0878-Prosome_mask.png","20130902_163553_577_000000_0417_0878.bmp-Lipid_mask.png","ChypFdorsEXT","ArcticNet2013","Peelsound 1",1,"9/2/2013",131,459,"False",0.681306306306306,2375,0.269929804925164,2104,0.228369535494004,60129
"1316",1858,"20130902 163554 093 000000 0291 0626","20130902 163554 093 000000 0291 0626.bmp","20130902_163554_093_000000_0291_0626-Prosome_mask.png","20130902_163554_093_000000_0291_0626.bmp-Lipid_mask.png","ChypFlat","ArcticNet2013","Peelsound 1",1,"9/2/2013",440,143,"False",0.874610719554172,5755,0.915582759257379,5682,0.899594414183317,62920
"1317",1859,"20130902 163554 244 000000 0925 0258","20130902 163554 244 000000 0925 0258.bmp","20130902_163554_244_000000_0925_0258-Prosome_mask.png","20130902_163554_244_000000_0925_0258.bmp-Lipid_mask.png","MlongFdorsEx","ArcticNet2013","Peelsound 1",1,"9/2/2013",225,312,"False",0.594173782019086,1741,0.175847969414069,1433,0.13441718508283,70200
"1318",1860,"20130902 163554 427 000000 0707 0554","20130902 163554 427 000000 0707 0554.bmp","20130902_163554_427_000000_0707_0554-Prosome_mask.png","20130902_163554_427_000000_0707_0554.bmp-Lipid_mask.png","ChypVlat","ArcticNet2013","Peelsound 1",1,"9/2/2013",226,226,"False",0.620092378752887,2580,0.302600922592828,3032,0.37811277029617,51076
"1319",1861,"20130902 163555 160 000000 0879 0730","20130902 163555 160 000000 0879 0730.bmp","20130902_163555_160_000000_0879_0730-Prosome_mask.png","20130902_163555_160_000000_0879_0730.bmp-Lipid_mask.png","ChypVlat","ArcticNet2013","Peelsound 1",1,"9/2/2013",274,98,"False",0.836756756756757,3431,0.448451668816678,3365,0.436590667628342,26852
"1320",1862,"20130902 163556 176 000000 0137 0622","20130902 163556 176 000000 0137 0622.bmp","20130902_163556_176_000000_0137_0622-Prosome_mask.png","20130902_163556_176_000000_0137_0622.bmp-Lipid_mask.png","MlongFlat","ArcticNet2013","Peelsound 1",1,"9/2/2013",174,194,"False",0.12926934716818,1825,0.187662636069665,787,0.058786849241061,33756
"1321",1863,"20130902 163559 508 000000 0257 0538","20130902 163559 508 000000 0257 0538.bmp","20130902_163559_508_000000_0257_0538-Prosome_mask.png","20130902_163559_508_000000_0257_0538.bmp-Lipid_mask.png","ChypIVlat","ArcticNet2013","Peelsound 1",1,"9/2/2013",195,235,"False",0.443631526438311,2674,0.317919955962247,1667,0.165617483473283,45825
"1322",1865,"20130902 163559 641 000000 0109 0702","20130902 163559 641 000000 0109 0702.bmp","20130902_163559_641_000000_0109_0702-Prosome_mask.png","20130902_163559_641_000000_0109_0702.bmp-Lipid_mask.png","CglacFantF","ArcticNet2013","Peelsound 1",1,"9/2/2013",148,485,"False",0.897761366258943,4192,0.591257158181034,4031,0.560150483302502,71780
"1323",1869,"20130902 163559 808 000000 0181 0802","20130902 163559 808 000000 0181 0802.bmp","20130902_163559_808_000000_0181_0802-Prosome_mask.png","20130902_163559_808_000000_0181_0802.bmp-Lipid_mask.png","MlongFdorsEx","ArcticNet2013","Peelsound 1",1,"9/2/2013",123,304,"False",0,1762,0.178781757061458,398,0.022944240857902,37392
"1324",1870,"20130902 163559 907 000000 0193 0362","20130902 163559 907 000000 0193 0362.bmp","20130902_163559_907_000000_0193_0362-Prosome_mask.png","20130902_163559_907_000000_0193_0362.bmp-Lipid_mask.png","MlongFlat","ArcticNet2013","Peelsound 1",1,"9/2/2013",98,282,"False",0.277484608619173,2024,0.216473906661144,881,0.068691311323704,27636
"1325",1871,"20130902 163559 941 000000 0685 0338","20130902 163559 941 000000 0685 0338.bmp","20130902_163559_941_000000_0685_0338-Prosome_mask.png","20130902_163559_941_000000_0685_0338.bmp-Lipid_mask.png","MlongFlat","ArcticNet2013","Peelsound 1",1,"9/2/2013",187,235,"False",0.398981324278438,238,0.011285251817528,586,0.039132154874308,43945
"1326",1872,"20130902 163600 034 000000 0395 0242","20130902 163600 034 000000 0395 0242.bmp","20130902_163600_034_000000_0395_0242-Prosome_mask.png","20130902_163600_034_000000_0395_0242.bmp-Lipid_mask.png","MlongFdors","ArcticNet2013","Peelsound 1",1,"9/2/2013",184,188,"False",0.529953917050691,953,0.07655670910926,1371,0.126458125861167,34592
"1327",1873,"20130902 163600 202 000001 0655 0253","20130902 163600 202 000001 0655 0253.bmp","20130902_163600_202_000001_0655_0253-Prosome_mask.png","20130902_163600_202_000001_0655_0253.bmp-Lipid_mask.png","ChypIIIlat","ArcticNet2013","Peelsound 1",1,"9/2/2013",143,193,"False",0.713894592744695,1252,0.111565271696376,1252,0.111565271696376,27599
"1328",1874,"20130902 163600 268 000001 0679 0245","20130902 163600 268 000001 0679 0245.bmp","20130902_163600_268_000001_0679_0245-Prosome_mask.png","20130902_163600_268_000001_0679_0245.bmp-Lipid_mask.png","ChypIIIdors","ArcticNet2013","Peelsound 1",1,"9/2/2013",154,203,"False",0.748344370860927,1348,0.123539859989195,1292,0.116513788136369,31262
"1329",1875,"20130902 163600 302 000000 0691 0245","20130902 163600 302 000000 0691 0245.bmp","20130902_163600_302_000000_0691_0245-Prosome_mask.png","20130902_163600_302_000000_0691_0245.bmp-Lipid_mask.png","ChypIIIdors","ArcticNet2013","Peelsound 1",1,"9/2/2013",158,203,"False",0.801939058171745,1304,0.118009815043732,1298,0.117261144627356,32074
"1330",1879,"20130902 163600 501 000000 0823 0070","20130902 163600 501 000000 0823 0070.bmp","20130902_163600_501_000000_0823_0070-Prosome_mask.png","20130902_163600_501_000000_0823_0070.bmp-Lipid_mask.png","ChypVdors","ArcticNet2013","Peelsound 1",1,"9/2/2013",357,105,"False",0.742997008430786,3015,0.375190255515529,3394,0.441791534716702,37485
"1331",1880,"20130902 163602 074 000000 0473 0370","20130902 163602 074 000000 0473 0370.bmp","20130902_163602_074_000000_0473_0370-Prosome_mask.png","20130902_163602_074_000000_0473_0370.bmp-Lipid_mask.png","MlongVdorsEX","ArcticNet2013","Peelsound 1",1,"9/2/2013",119,231,"False",0.576620825147348,656,0.045725909441692,949,0.076113628593767,27489
"1332",1881,"20130902 163602 107 000000 1069 0370","20130902 163602 107 000000 1069 0370.bmp","20130902_163602_107_000000_1069_0370-Prosome_mask.png","20130902_163602_107_000000_1069_0370.bmp-Lipid_mask.png","MlongVdorsEX","ArcticNet2013","Peelsound 1",1,"9/2/2013",127,267,"False",0.547799696509863,1044,0.086824390189565,996,0.081364121674929,33909
"1333",1882,"20130902 163602 423 000000 0143 0494","20130902 163602 423 000000 0143 0494.bmp","20130902_163602_423_000000_0143_0494-Prosome_mask.png","20130902_163602_423_000000_0143_0494.bmp-Lipid_mask.png","MlongMdors","ArcticNet2013","Peelsound 1",1,"9/2/2013",147,180,"False",0.678923766816143,944,0.075560775352281,928,0.073799133176141,26460
"1334",1883,"20130902 163603 001 000000 0191 0546","20130902 163603 001 000000 0191 0546.bmp","20130902_163603_001_000000_0191_0546-Prosome_mask.png","20130902_163603_001_000000_0191_0546.bmp-Lipid_mask.png","ChypVdorsext","ArcticNet2013","Peelsound 1",1,"9/2/2013",493,211,"False",0.885467314964884,3641,0.486765276860021,3339,0.431942275519785,104023
"1335",1884,"20130902 163603 001 000000 0839 0526","20130902 163603 001 000000 0839 0526.bmp","20130902_163603_001_000000_0839_0526-Prosome_mask.png","20130902_163603_001_000000_0839_0526.bmp-Lipid_mask.png","ChypVdorsext","ArcticNet2013","Peelsound 1",1,"9/2/2013",342,237,"False",0.756873727087576,3081,0.386571290604004,3820,0.520094779336034,81054
"1336",1887,"20130902 163603 607 000000 0873 0222","20130902 163603 607 000000 0873 0222.bmp","20130902_163603_607_000000_0873_0222-Prosome_mask.png","20130902_163603_607_000000_0873_0222.bmp-Lipid_mask.png","ChypVdors","ArcticNet2013","Peelsound 1",1,"9/2/2013",119,496,"False",0.708860759493671,3021,0.376221018188316,3729,0.503074776134736,59024
"1337",1890,"20130902 163605 239 000000 0397 0194","20130902 163605 239 000000 0397 0194.bmp","20130902_163605_239_000000_0397_0194-Prosome_mask.png","20130902_163605_239_000000_0397_0194.bmp-Lipid_mask.png","MlongFdors","ArcticNet2013","Peelsound 1",1,"9/2/2013",153,287,"False",0.089259440902403,584,0.038947966033393,1637,0.16151848454237,43911
"1338",1891,"20130902 163605 312 000000 0265 0830","20130902 163605 312 000000 0265 0830.bmp","20130902_163605_312_000000_0265_0830-Prosome_mask.png","20130902_163605_312_000000_0265_0830.bmp-Lipid_mask.png","ChypIVlat","ArcticNet2013","Peelsound 1",1,"9/2/2013",131,271,"False",0.706293706293706,1802,0.184406684300563,1858,0.192361490226022,35501
"1339",1892,"20130902 163606 455 000000 0447 0034","20130902 163606 455 000000 0447 0034.bmp","20130902_163606_455_000000_0447_0034-Prosome_mask.png","20130902_163606_455_000000_0447_0034.bmp-Lipid_mask.png","ChypFlat","ArcticNet2013","Peelsound 1",1,"9/2/2013",395,305,"False",0.816826411075612,4691,0.690528091738004,5545,0.869799579235022,120475
"1340",1893,"20130902 163607 472 000000 0325 0354","20130902 163607 472 000000 0325 0354.bmp","20130902_163607_472_000000_0325_0354-Prosome_mask.png","20130902_163607_472_000000_0325_0354.bmp-Lipid_mask.png","MlongFlat","ArcticNet2013","Peelsound 1",1,"9/2/2013",110,245,"False",0.474799123447772,1054,0.087974153479054,965,0.077890186907225,26950
"1341",1895,"20130902 163612 453 000000 0267 0270","20130902 163612 453 000000 0267 0270.bmp","20130902_163612_453_000000_0267_0270-Prosome_mask.png","20130902_163612_453_000000_0267_0270.bmp-Lipid_mask.png","ChypVdorsext","ArcticNet2013","Peelsound 1",1,"9/2/2013",308,301,"False",0.857849196538937,3653,0.488980568608906,3862,0.528002507968762,92708
"1342",1896,"20130902 163612 486 000000 0503 0258","20130902 163612 486 000000 0503 0258.bmp","20130902_163612_486_000000_0503_0258-Prosome_mask.png","20130902_163612_486_000000_0503_0258.bmp-Lipid_mask.png","ChypVdorsext","ArcticNet2013","Peelsound 1",1,"9/2/2013",327,308,"False",0.844191977741711,3880,0.531401572094986,4074,0.568413085886417,100716
"1343",1897,"20130902 163612 520 000000 0767 0250","20130902 163612 520 000000 0767 0250.bmp","20130902_163612_520_000000_0767_0250-Prosome_mask.png","20130902_163612_520_000000_0767_0250.bmp-Lipid_mask.png","ChypVdorsext","ArcticNet2013","Peelsound 1",1,"9/2/2013",320,316,"False",0.814409221902017,4674,0.687077094880241,4770,0.70662730746932,101120
"1344",1899,"20130902 163614 869 000000 0541 0314","20130902 163614 869 000000 0541 0314.bmp","20130902_163614_869_000000_0541_0314-Prosome_mask.png","20130902_163614_869_000000_0541_0314.bmp-Lipid_mask.png","CglacFdorsL","ArcticNet2013","Peelsound 1",1,"",293,429,"False",0.875244299674267,2865,0.349676976114042,2892,0.354232734653203,125697
"1345",1900,"20130902 163615 019 000000 0031 0262","20130902 163615 019 000000 0031 0262.bmp","20130902_163615_019_000000_0031_0262-Prosome_mask.png","20130902_163615_019_000000_0031_0262.bmp-Lipid_mask.png","MlongFlat","ArcticNet2013","Peelsound 1",1,"9/2/2013",158,169,"False",0.567708333333333,953,0.07655670910926,1154,0.099696306651787,26702
"1346",1901,"20130902 163615 169 000000 0437 0830","20130902 163615 169 000000 0437 0830.bmp","20130902_163615_169_000000_0437_0830-Prosome_mask.png","20130902_163615_169_000000_0437_0830.bmp-Lipid_mask.png","MlongFlat","ArcticNet2013","Peelsound 1",1,"9/2/2013",140,287,"False",0.471815357301376,2053,0.220765804215783,1263,0.112920210050607,40180
"1347",1903,"20130902 163615 902 000000 0773 0594","20130902 163615 902 000000 0773 0594.bmp","20130902_163615_902_000000_0773_0594-Prosome_mask.png","20130902_163615_902_000000_0773_0594.bmp-Lipid_mask.png","MlongFlat","ArcticNet2013","Peelsound 1",1,"9/2/2013",212,224,"False",0.657621707901037,874,0.067939262881084,1203,0.105584852923217,47488
"1348",1904,"20130902 163616 318 000000 0279 0446","20130902 163616 318 000000 0279 0446.bmp","20130902_163616_318_000000_0279_0446-Prosome_mask.png","20130902_163616_318_000000_0279_0446.bmp-Lipid_mask.png","ChypFlat","ArcticNet2013","Peelsound 1",1,"9/2/2013",346,384,"False",0.70509591164503,3764,0.509602467197203,5036,0.761576174905705,132864
"1349",1907,"20130902 163621 527 000001 0242 0326","20130902 163621 527 000001 0242 0326.bmp","20130902_163621_527_000001_0242_0326-Prosome_mask.png","20130902_163621_527_000001_0242_0326.bmp-Lipid_mask.png","ChypFlat","ArcticNet2013","Peelsound 1",1,"9/2/2013",204,412,"False",0.851107594936709,5557,0.872398280946707,6142,1.00161909242773,84048
"1350",1910,"20130902 163622 566 000000 0549 0426","20130902 163622 566 000000 0549 0426.bmp","20130902_163622_566_000000_0549_0426-Prosome_mask.png","20130902_163622_566_000000_0549_0426.bmp-Lipid_mask.png","MlongFdorsEx","ArcticNet2013","Peelsound 1",1,"9/2/2013",212,220,"False",0.72211808809747,2053,0.220765804215783,1622,0.15947963256657,46640
"1351",1911,"20130902 163623 066 000000 0125 0418","20130902 163623 066 000000 0125 0418.bmp","20130902_163623_066_000000_0125_0418-Prosome_mask.png","20130902_163623_066_000000_0125_0418.bmp-Lipid_mask.png","MlongFdorsEx","ArcticNet2013","Peelsound 1",1,"9/2/2013",187,256,"False",0.79290780141844,1244,0.110582697184669,1284,0.115519363236119,47872
"1352",1912,"20130902 163623 099 000000 1045 0378","20130902 163623 099 000000 1045 0378.bmp","20130902_163623_099_000000_1045_0378-Prosome_mask.png","20130902_163623_099_000000_1045_0378.bmp-Lipid_mask.png","MlongFlat","ArcticNet2013","Peelsound 1",1,"9/2/2013",174,204,"False",0.350675337668834,1676,0.166852682527805,1024,0.084537420833875,35496
"1353",1913,"20130902 163624 748 000000 0419 0554","20130902 163624 748 000000 0419 0554.bmp","20130902_163624_748_000000_0419_0554-Prosome_mask.png","20130902_163624_748_000000_0419_0554.bmp-Lipid_mask.png","ChypFlat","ArcticNet2013","Peelsound 1",1,"9/2/2013",305,327,"False",0.895858958589586,4794,0.71153838637082,4454,0.642851034455367,99735
"1354",1914,"20130902 163625 098 000000 0145 0254","20130902 163625 098 000000 0145 0254.bmp","20130902_163625_098_000000_0145_0254-Prosome_mask.png","20130902_163625_098_000000_0145_0254.bmp-Lipid_mask.png","CglacFlat","ArcticNet2013","Peelsound 1",1,"9/2/2013",195,319,"False",0.8997920997921,2194,0.241958895654876,2375,0.269929804925164,62205
"1355",1915,"20130902 163625 132 000000 0821 0250","20130902 163625 132 000000 0821 0250.bmp","20130902_163625_132_000000_0821_0250-Prosome_mask.png","20130902_163625_132_000000_0821_0250.bmp-Lipid_mask.png","CglacFlat","ArcticNet2013","Peelsound 1",1,"9/2/2013",178,319,"False",0.766516776202006,2356,0.266954317030229,2751,0.330622243318132,56782
"1356",1917,"20130902 163627 891 000001 0726 0838","20130902 163627 891 000001 0726 0838.bmp","20130902_163627_891_000001_0726_0838-Prosome_mask.png","20130902_163627_891_000001_0726_0838.bmp-Lipid_mask.png","ChypVlat","ArcticNet2013","Peelsound 1",1,"9/2/2013",132,328,"False",0.913485477178423,4659,0.684036055545379,4564,0.664862794871585,43296
"1357",1918,"20130902 163628 830 000000 0429 0222","20130902 163628 830 000000 0429 0222.bmp","20130902_163628_830_000000_0429_0222-Prosome_mask.png","20130902_163628_830_000000_0429_0222.bmp-Lipid_mask.png","ChypFlat","ArcticNet2013","Peelsound 1",1,"9/2/2013",352,444,"False",0.745393928759431,4329,0.618087444981429,5618,0.885641273370177,156288
"1358",1919,"20130902 163631 123 000000 0794 0106","20130902 163631 123 000000 0794 0106.bmp","20130902_163631_123_000000_0794_0106-Prosome_mask.png","20130902_163631_123_000000_0794_0106.bmp-Lipid_mask.png","ChypVlat","ArcticNet2013","Peelsound 1",1,"9/2/2013",128,316,"False",0.672027972027972,2150,0.235288189677944,2632,0.311049548145801,40448
"1359",1921,"20130902 163631 290 000000 0242 0382","20130902 163631 290 000000 0242 0382.bmp","20130902_163631_290_000000_0242_0382-Prosome_mask.png","20130902_163631_290_000000_0242_0382.bmp-Lipid_mask.png","MlongVdorsEX","ArcticNet2013","Peelsound 1",1,"9/2/2013",132,168,"False",0.788851351351351,1161,0.100531813480797,957,0.077000496887465,22176
"1360",1922,"20130902 163631 323 000000 1034 0330","20130902 163631 323 000000 1034 0330.bmp","20130902_163631_323_000000_1034_0330-Prosome_mask.png","20130902_163631_323_000000_1034_0330.bmp-Lipid_mask.png","MlongVdorsEX","ArcticNet2013","Peelsound 1",1,"9/2/2013",188,184,"False",0.679780420860018,915,0.072376264322594,921,0.07303202508513,34592
"1361",1925,"20130902 163634 122 000000 0954 0254","20130902 163634 122 000000 0954 0254.bmp","20130902_163634_122_000000_0954_0254-Prosome_mask.png","20130902_163634_122_000000_0954_0254.bmp-Lipid_mask.png","ChypIVdorsEX","ArcticNet2013","Peelsound 1",1,"9/2/2013",360,260,"False",0.761434977578475,1783,0.181728862059317,2145,0.234533412557809,93600
"1362",1926,"20130902 163635 328 000000 0181 0782","20130902 163635 328 000000 0181 0782.bmp","20130902_163635_328_000000_0181_0782-Prosome_mask.png","20130902_163635_328_000000_0181_0782.bmp-Lipid_mask.png","MlongFlat","ArcticNet2013","Peelsound 1",1,"9/2/2013",174,251,"False",0.513003355704698,1816,0.186386699735287,1791,0.182855051293731,43674
"1363",1927,"20130902 163635 361 000000 0673 0790","20130902 163635 361 000000 0673 0790.bmp","20130902_163635_361_000000_0673_0790-Prosome_mask.png","20130902_163635_361_000000_0673_0790.bmp-Lipid_mask.png","MlongFdorsEx","ArcticNet2013","Peelsound 1",1,"9/2/2013",174,267,"False",0.461313868613139,1242,0.110337427906198,760,0.056021897026551,46458
"1364",1928,"20130902 163635 861 000000 0917 0398","20130902 163635 861 000000 0917 0398.bmp","20130902_163635_861_000000_0917_0398-Prosome_mask.png","20130902_163635_861_000000_0917_0398.bmp-Lipid_mask.png","MlongMlat","ArcticNet2013","Peelsound 1",1,"9/2/2013",204,136,"False",0.675653594771242,945,0.075671257187789,1106,0.094019324975426,27744
"1365",1929,"20130902 163636 527 000000 0429 0314","20130902 163636 527 000000 0429 0314.bmp","20130902_163636_527_000000_0429_0314-Prosome_mask.png","20130902_163636_527_000000_0429_0314.bmp-Lipid_mask.png","MlongFdorsEx","ArcticNet2013","Peelsound 1",1,"9/2/2013",123,340,"False",0.486027944111777,552,0.036033876093003,937,0.074788649155009,41820
"1366",1930,"20130902 163636 560 000000 1069 0298","20130902 163636 560 000000 1069 0298.bmp","20130902_163636_560_000000_1069_0298-Prosome_mask.png","20130902_163636_560_000000_1069_0298.bmp-Lipid_mask.png","MlongFdorsEx","ArcticNet2013","Peelsound 1",1,"9/2/2013",136,261,"False",0.286287089013633,752,0.055209736398639,852,0.065590613691151,35496
"1367",1932,"20130902 163636 760 000000 1029 0814","20130902 163636 760 000000 1029 0814.bmp","20130902_163636_760_000000_1029_0814-Prosome_mask.png","20130902_163636_760_000000_1029_0814.bmp-Lipid_mask.png","ChypIVlat","ArcticNet2013","Peelsound 1",1,"9/2/2013",199,235,"False",0.601587695360953,2788,0.336774403343698,3668,0.491753573807068,46765
"1368",1933,"20130902 163637 094 000000 0205 0706","20130902 163637 094 000000 0205 0706.bmp","20130902_163637_094_000000_0205_0706-Prosome_mask.png","20130902_163637_094_000000_0205_0706.bmp-Lipid_mask.png","CglacVlat","ArcticNet2013","Peelsound 1",1,"9/2/2013",191,214,"False",0.8658357771261,2539,0.295984917153772,2551,0.297917137496724,40874
"1369",1934,"20130902 163637 127 000000 0313 0558","20130902 163637 127 000000 0313 0558.bmp","20130902_163637_127_000000_0313_0558-Prosome_mask.png","20130902_163637_127_000000_0313_0558.bmp-Lipid_mask.png","CglacVdorsex","ArcticNet2013","Peelsound 1",1,"9/2/2013",204,459,"False",0.771723122238586,1577,0.153406156953371,2032,0.217655559443398,93636
"1370",1936,"20130902 163638 509 000000 0247 0662","20130902 163638 509 000000 0247 0662.bmp","20130902_163638_509_000000_0247_0662-Prosome_mask.png","20130902_163638_509_000000_0247_0662.bmp-Lipid_mask.png","MlongMdorsEx","ArcticNet2013","Peelsound 1",1,"9/2/2013",177,177,"False",0.665409990574929,897,0.070418800801692,870,0.06751054627511,31329
"1371",1939,"20130902 163639 920 000000 0430 0210","20130902 163639 920 000000 0430 0210.bmp","20130902_163639_920_000000_0430_0210-Prosome_mask.png","20130902_163639_920_000000_0430_0210.bmp-Lipid_mask.png","MlongMlat","ArcticNet2013","Peelsound 1",1,"9/2/2013",168,180,"False",0.766423357664234,854,0.065803185047696,840,0.064319175459971,30240
"1372",1940,"20130902 163640 053 000000 0718 0222","20130902 163640 053 000000 0718 0222.bmp","20130902_163640_053_000000_0718_0222-Prosome_mask.png","20130902_163640_053_000000_0718_0222.bmp-Lipid_mask.png","ChypVdors","ArcticNet2013","Peelsound 1",1,"9/2/2013",304,284,"False",0.916666666666667,4918,0.737060635449916,5156,0.78673209469327,86336
"1373",1941,"20130902 163640 175 000000 0435 0018","20130902 163640 175 000000 0435 0018.bmp","20130902_163640_175_000000_0435_0018-Prosome_mask.png","20130902_163640_175_000000_0435_0018.bmp-Lipid_mask.png","ChypVdorsext","ArcticNet2013","Peelsound 1",1,"9/2/2013",233,173,"False",0.754326923076923,1642,0.162199684237053,2007,0.213968788456469,40309
"1374",1942,"20130902 163640 186 000000 0130 0398","20130902 163640 186 000000 0130 0398.bmp","20130902_163640_186_000000_0130_0398-Prosome_mask.png","20130902_163640_186_000000_0130_0398.bmp-Lipid_mask.png","ChypVdorsext","ArcticNet2013","Peelsound 1",1,"9/2/2013",308,344,"False",0.77903946388682,5359,0.829794664997178,4198,0.59242532140152,105952
"1375",1943,"20130902 163640 253 000000 0202 0290","20130902 163640 253 000000 0202 0290.bmp","20130902_163640_253_000000_0202_0290-Prosome_mask.png","20130902_163640_253_000000_0202_0290.bmp-Lipid_mask.png","ChypFlat","ArcticNet2013","Peelsound 1",1,"9/2/2013",440,164,"False",0.895843009753832,8550,1.58105978343077,7777,1.38725324742392,72160
"1376",1945,"20130902 163640 286 000000 0614 0290","20130902 163640 286 000000 0614 0290.bmp","20130902_163640_286_000000_0614_0290-Prosome_mask.png","20130902_163640_286_000000_0614_0290.bmp-Lipid_mask.png","ChypFlat","ArcticNet2013","Peelsound 1",1,"9/2/2013",432,224,"False",0.945186707776636,8405,1.54417708748477,8629,1.60125500705615,96768
"1377",1947,"20130902 163640 625 000000 0193 0582","20130902 163640 625 000000 0193 0582.bmp","20130902_163640_625_000000_0193_0582-Prosome_mask.png","20130902_163640_625_000000_0193_0582.bmp-Lipid_mask.png","ChypVdors","ArcticNet2013","Peelsound 1",1,"9/2/2013",165,422,"False",0.615677045619117,4855,0.724062735672343,4070,0.56764306752802,69630
"1378",1948,"20130902 163640 919 000000 0250 0214","20130902 163640 919 000000 0250 0214.bmp","20130902_163640_919_000000_0250_0214-Prosome_mask.png","20130902_163640_919_000000_0250_0214.bmp-Lipid_mask.png","ChypIVlat","ArcticNet2013","Peelsound 1",1,"9/2/2013",164,224,"False",0.914769975786925,2022,0.21617877040293,1932,0.203013482907095,36736
"1379",1949,"20130902 163640 953 000000 0730 0246","20130902 163640 953 000000 0730 0246.bmp","20130902_163640_953_000000_0730_0246-Prosome_mask.png","20130902_163640_953_000000_0730_0246.bmp-Lipid_mask.png","ChypIVlat","ArcticNet2013","Peelsound 1",1,"9/2/2013",136,236,"False",0.791257200948831,2815,0.341283462637803,2471,0.285101460587406,32096
"1380",1950,"20130902 163642 019 000000 0654 0242","20130902 163642 019 000000 0654 0242.bmp","20130902_163642_019_000000_0654_0242-Prosome_mask.png","20130902_163642_019_000000_0654_0242.bmp-Lipid_mask.png","ChypIVlat","ArcticNet2013","Peelsound 1",1,"9/2/2013",140,200,"False",0.575539568345324,803,0.060442512092952,1387,0.128499243190034,28000
"1381",1951,"20130902 163642 085 000000 0158 0122","20130902 163642 085 000000 0158 0122.bmp","20130902_163642_085_000000_0158_0122-Prosome_mask.png","20130902_163642_085_000000_0158_0122.bmp-Lipid_mask.png","ChypVlat","ArcticNet2013","Peelsound 1",1,"9/2/2013",224,356,"False",0.913506092328814,5607,0.883249135407451,5543,0.869366669891542,79744
"1382",1952,"20130902 163642 152 000001 0730 0426","20130902 163642 152 000001 0730 0426.bmp","20130902_163642_152_000001_0730_0426-Prosome_mask.png","20130902_163642_152_000001_0730_0426.bmp-Lipid_mask.png","ChypIVdors","ArcticNet2013","Peelsound 1",1,"9/2/2013",188,164,"False",0.849128771780705,2107,0.228819015501488,2244,0.249601154698008,30832
"1383",1953,"20130902 163643 052 000000 0114 0238","20130902 163643 052 000000 0114 0238.bmp","20130902_163643_052_000000_0114_0238-Prosome_mask.png","20130902_163643_052_000000_0114_0238.bmp-Lipid_mask.png","ChypVdors","ArcticNet2013","Peelsound 1",1,"9/2/2013",132,316,"False",0.750205648478201,2838,0.345137503454679,3545,0.469143241356064,41712
"1384",1954,"20130902 163643 218 000000 0470 0150","20130902 163643 218 000000 0470 0150.bmp","20130902_163643_218_000000_0470_0150-Prosome_mask.png","20130902_163643_218_000000_0470_0150.bmp-Lipid_mask.png","ChypVlat","ArcticNet2013","Peelsound 1",1,"9/2/2013",112,372,"False",0.825757575757576,4460,0.644046402339739,5180,0.791790199706262,41664
"1385",1955,"20130902 163643 385 000000 0458 0078","20130902 163643 385 000000 0458 0078.bmp","20130902_163643_385_000000_0458_0078-Prosome_mask.png","20130902_163643_385_000000_0458_0078.bmp-Lipid_mask.png","ChypVlat","ArcticNet2013","Peelsound 1",1,"9/2/2013",148,340,"False",0.919259083353123,4032,0.560342258073174,4050,0.563797292058492,50320
"1386",1956,"20130902 163643 685 000000 0054 0270","20130902 163643 685 000000 0054 0270.bmp","20130902_163643_685_000000_0054_0270-Prosome_mask.png","20130902_163643_685_000000_0054_0270.bmp-Lipid_mask.png","ChypFlat","ArcticNet2013","Peelsound 1",1,"9/2/2013",232,380,"False",0.872435450104675,6536,1.09135407309129,6880,1.17140506717794,88160
"1387",1957,"20130902 163643 907 000000 0155 0618","20130902 163643 907 000000 0155 0618.bmp","20130902_163643_907_000000_0155_0618-Prosome_mask.png","20130902_163643_907_000000_0155_0618.bmp-Lipid_mask.png","CglacFlat","ArcticNet2013","Peelsound 1",1,"9/2/2013",177,177,"False",0.806286836935167,2454,0.282398212968976,2143,0.234231688771704,31329
"1388",1958,"20130902 163643 940 000000 0411 0646","20130902 163643 940 000000 0411 0646.bmp","20130902_163643_940_000000_0411_0646-Prosome_mask.png","20130902_163643_940_000000_0411_0646.bmp-Lipid_mask.png","CglacFantF","ArcticNet2013","Peelsound 1",1,"9/2/2013",353,162,"False",0.841140529531568,2305,0.259012626948008,2215,0.245160671228297,57186
"1389",1960,"20130902 163644 418 000000 0830 0090","20130902 163644 418 000000 0830 0090.bmp","20130902_163644_418_000000_0830_0090-Prosome_mask.png","20130902_163644_418_000000_0830_0090.bmp-Lipid_mask.png","ChypFlat","ArcticNet2013","Peelsound 1",1,"9/2/2013",388,252,"False",0.852424341034819,5924,0.952892310502146,5461,0.851668642290362,97776
"1390",1961,"20130902 163644 518 000000 0082 0626","20130902 163644 518 000000 0082 0626.bmp","20130902_163644_518_000000_0082_0626-Prosome_mask.png","20130902_163644_518_000000_0082_0626.bmp-Lipid_mask.png","ChypVlat","ArcticNet2013","Peelsound 1",1,"9/2/2013",132,328,"False",0.889363354037267,7585,1.34021279874691,7016,1.20347943775282,43296
"1391",1962,"20130902 163645 823 000000 0985 0746","20130902 163645 823 000000 0985 0746.bmp","20130902_163645_823_000000_0985_0746-Prosome_mask.png","20130902_163645_823_000000_0985_0746.bmp-Lipid_mask.png","MlongFlat","ArcticNet2013","Peelsound 1",1,"9/2/2013",119,304,"False",0.068193649141072,1407,0.131063242453795,645,0.044671183615492,36176
"1392",1963,"20130902 163645 857 000000 1069 0810","20130902 163645 857 000000 1069 0810.bmp","20130902_163645_857_000000_1069_0810-Prosome_mask.png","20130902_163645_857_000000_1069_0810.bmp-Lipid_mask.png","MlongFlat","ArcticNet2013","Peelsound 1",1,"9/2/2013",174,231,"False",0.342555994729908,738,0.053796352779137,1300,0.117510555626947,40194
"1393",1964,"20130902 163645 984 000000 0834 0214","20130902 163645 984 000000 0834 0214.bmp","20130902_163645_984_000000_0834_0214-Prosome_mask.png","20130902_163645_984_000000_0834_0214.bmp-Lipid_mask.png","MlongFlat","ArcticNet2013","Peelsound 1",1,"9/2/2013",188,160,"False",0.735902926481085,1197,0.104858823607148,1235,0.109480167969264,30080
"1394",1966,"20130902 163646 450 000000 0366 0166","20130902 163646 450 000000 0366 0166.bmp","20130902_163646_450_000000_0366_0166-Prosome_mask.png","20130902_163646_450_000000_0366_0166.bmp-Lipid_mask.png","ChypVdors","ArcticNet2013","Peelsound 1",1,"9/2/2013",212,308,"False",0.916384792314978,6899,1.17587168748631,7265,1.26281638230201,65296
"1395",1967,"20130902 163646 790 000000 0589 0630","20130902 163646 790 000000 0589 0630.bmp","20130902_163646_790_000000_0589_0630-Prosome_mask.png","20130902_163646_790_000000_0589_0630.bmp-Lipid_mask.png","ChypFlat","ArcticNet2013","Peelsound 1",1,"9/2/2013",165,564,"False",0.925479243366764,7527,1.32609090878797,7640,1.35364221029364,93060
"1396",1969,"20130902 163647 050 000001 0398 0530","20130902 163647 050 000001 0398 0530.bmp","20130902_163647_050_000001_0398_0530-Prosome_mask.png","20130902_163647_050_000001_0398_0530.bmp-Lipid_mask.png","ChypFlat","ArcticNet2013","Peelsound 1",1,"9/2/2013",296,380,"False",0.89663495669459,6905,1.17728317119539,6453,1.07227492802876,112480
"1397",1970,"20130902 163647 083 000000 0714 0202","20130902 163647 083 000000 0714 0202.bmp","20130902_163647_083_000000_0714_0202-Prosome_mask.png","20130902_163647_083_000000_0714_0202.bmp-Lipid_mask.png","ChypFlat","ArcticNet2013","Peelsound 1",1,"9/2/2013",272,336,"False",0.871977475985426,5600,0.881727793823522,5703,0.904185850146811,91392
"1398",1971,"20130902 163648 722 000000 0213 0662","20130902 163648 722 000000 0213 0662.bmp","20130902_163648_722_000000_0213_0662-Prosome_mask.png","20130902_163648_722_000000_0213_0662.bmp-Lipid_mask.png","MlongFdorsEx","ArcticNet2013","Peelsound 1",1,"9/2/2013",250,261,"False",0.671597633136095,1223,0.108014874226446,1602,0.156772296345897,65250
"1399",1974,"20130902 163650 138 000000 0875 0106","20130902 163650 138 000000 0875 0106.bmp","20130902_163650_138_000000_0875_0106-Prosome_mask.png","20130902_163650_138_000000_0875_0106.bmp-Lipid_mask.png","MlongFdorsEx","ArcticNet2013","Peelsound 1",1,"9/2/2013",226,199,"False",0.844520547945205,1392,0.129138934334356,1301,0.117635315830003,44974
"1400",1975,"20130902 163651 282 000000 0054 0234","20130902 163651 282 000000 0054 0234.bmp","20130902_163651_282_000000_0054_0234-Prosome_mask.png","20130902_163651_282_000000_0054_0234.bmp-Lipid_mask.png","MlongMdorsEx","ArcticNet2013","Peelsound 1",1,"9/2/2013",144,200,"False",0.67979797979798,826,0.062844535249991,837,0.064002389076753,28800
"1401",1977,"20130902 163651 348 000000 0954 0202","20130902 163651 348 000000 0954 0202.bmp","20130902_163651_348_000000_0954_0202-Prosome_mask.png","20130902_163651_348_000000_0954_0202.bmp-Lipid_mask.png","MlongMdorsEx","ArcticNet2013","Peelsound 1",1,"9/2/2013",224,212,"False",0.677477477477477,1044,0.086824390189565,818,0.062006128021888,47488
"1402",1978,"20130902 163651 715 000001 0422 0326","20130902 163651 715 000001 0422 0326.bmp","20130902_163651_715_000001_0422_0326-Prosome_mask.png","20130902_163651_715_000001_0422_0326.bmp-Lipid_mask.png","ChypVlat","ArcticNet2013","Peelsound 1",1,"9/2/2013",128,320,"False",0.936139679502511,4088,0.571110411841974,4007,0.55555331850984,40960
"1403",1979,"20130902 163652 615 000001 0610 0522","20130902 163652 615 000001 0610 0522.bmp","20130902_163652_615_000001_0610_0522-Prosome_mask.png","20130902_163652_615_000001_0610_0522.bmp-Lipid_mask.png","ChypIVlat","ArcticNet2013","Peelsound 1",1,"9/2/2013",240,144,"False",0.561385634233316,1630,0.160566132813701,1435,0.134676145153462,34560
"1404",1980,"20130902 163653 248 000000 0498 0674","20130902 163653 248 000000 0498 0674.bmp","20130902_163653_248_000000_0498_0674-Prosome_mask.png","20130902_163653_248_000000_0498_0674.bmp-Lipid_mask.png","ChypFlat","ArcticNet2013","Peelsound 1",1,"9/2/2013",232,404,"False",0.813283412013674,5084,0.771611517193622,6055,0.982092913005706,93728
"1405",1981,"20130902 163653 381 000000 0890 0122","20130902 163653 381 000000 0890 0122.bmp","20130902_163653_381_000000_0890_0122-Prosome_mask.png","20130902_163653_381_000000_0890_0122.bmp-Lipid_mask.png","ChypVdors","ArcticNet2013","Peelsound 1",1,"9/2/2013",160,348,"False",0.730631092868137,3210,0.409083533249501,3536,0.46750037903438,55680
"1406",1982,"20130902 163653 414 000000 0862 0130","20130902 163653 414 000000 0862 0130.bmp","20130902_163653_414_000000_0862_0130-Prosome_mask.png","20130902_163653_414_000000_0862_0130.bmp-Lipid_mask.png","ChypIIIdorEX","ArcticNet2013","Peelsound 1",1,"9/2/2013",200,272,"False",0.778277153558052,1108,0.094254028827577,1266,0.11329051927248,54400
"1407",1983,"20130902 163653 914 000001 0834 0562","20130902 163653 914 000001 0834 0562.bmp","20130902_163653_914_000001_0834_0562-Prosome_mask.png","20130902_163653_914_000001_0834_0562.bmp-Lipid_mask.png","ChypFlat","ArcticNet2013","Peelsound 1",1,"9/2/2013",376,356,"False",0.66885136636303,7803,1.39365754752356,7220,1.25203475982811,133856
"1408",1985,"20130902 163654 747 000000 1026 0378","20130902 163654 747 000000 1026 0378.bmp","20130902_163654_747_000000_1026_0378-Prosome_mask.png","20130902_163654_747_000000_1026_0378.bmp-Lipid_mask.png","MlongFdors","ArcticNet2013","Peelsound 1",1,"9/2/2013",184,172,"False",0.506666666666667,768,0.056837312851722,1379,0.127477559612192,31648
"1409",1986,"20130902 163655 247 000001 0226 0538","20130902 163655 247 000001 0226 0538.bmp","20130902_163655_247_000001_0226_0538-Prosome_mask.png","20130902_163655_247_000001_0226_0538.bmp-Lipid_mask.png","MlongFlat","ArcticNet2013","Peelsound 1",1,"9/2/2013",124,224,"False",0.657834973504921,1217,0.107284270264662,973,0.078782684126464,27776
"1410",1987,"20130902 163655 586 000000 0109 0798","20130902 163655 586 000000 0109 0798.bmp","20130902_163655_586_000000_0109_0798-Prosome_mask.png","20130902_163655_586_000000_0109_0798.bmp-Lipid_mask.png","MlongFdorsEx","ArcticNet2013","Peelsound 1",1,"9/2/2013",208,355,"False",0.407678244972578,467,0.028608319590442,1073,0.090170124617758,73840
"1411",1988,"20130902 163655 619 000000 0641 0862","20130902 163655 619 000000 0641 0862.bmp","20130902_163655_619_000000_0641_0862-Prosome_mask.png","20130902_163655_619_000000_0641_0862.bmp-Lipid_mask.png","MlongFdorsEx","ArcticNet2013","Peelsound 1",1,"9/2/2013",123,340,"False",0.666486778197518,1562,0.151396165035077,1526,0.146602140024435,41820
"1412",1989,"20130902 163656 146 000000 0314 0702","20130902 163656 146 000000 0314 0702.bmp","20130902_163656_146_000000_0314_0702-Prosome_mask.png","20130902_163656_146_000000_0314_0702.bmp-Lipid_mask.png","ChypFlat","ArcticNet2013","Peelsound 1",1,"9/2/2013",152,468,"False",0.737917365452051,5066,0.767844025624325,6333,1.04485529288739,71136
"1413",1990,"20130902 163656 480 000000 0730 0630","20130902 163656 480 000000 0730 0630.bmp","20130902_163656_480_000000_0730_0630-Prosome_mask.png","20130902_163656_480_000000_0730_0630.bmp-Lipid_mask.png","ChypVlat","ArcticNet2013","Peelsound 1",1,"9/2/2013",240,240,"False",0.698970456580125,3317,0.428019745326755,4274,0.60727679752731,57600
"1414",1991,"20130902 163657 086 000000 0269 0202","20130902 163657 086 000000 0269 0202.bmp","20130902_163657_086_000000_0269_0202-Prosome_mask.png","20130902_163657_086_000000_0269_0202.bmp-Lipid_mask.png","MlongMdors","ArcticNet2013","Peelsound 1",1,"9/2/2013",136,220,"False",0.67087276550999,706,0.050604080860196,883,0.068906600490051,29920
"1415",1993,"20130902 163657 402 000000 0207 0386","20130902 163657 402 000000 0207 0386.bmp","20130902_163657_402_000000_0207_0386-Prosome_mask.png","20130902_163657_402_000000_0207_0386.bmp-Lipid_mask.png","ChypIVlat","ArcticNet2013","Peelsound 1",1,"9/2/2013",169,173,"False",0.427378964941569,934,0.074458407393803,1631,0.16070208808272,29237
"1416",1994,"20130902 163657 435 000000 0707 0382","20130902 163657 435 000000 0707 0382.bmp","20130902_163657_435_000000_0707_0382-Prosome_mask.png","20130902_163657_435_000000_0707_0382.bmp-Lipid_mask.png","ChypIVlat","ArcticNet2013","Peelsound 1",1,"9/2/2013",173,169,"False",0.31023720349563,558,0.036575498004632,1541,0.148594486324532,29237
"1417",1995,"20130902 163657 535 000000 0059 0550","20130902 163657 535 000000 0059 0550.bmp","20130902_163657_535_000000_0059_0550-Prosome_mask.png","20130902_163657_535_000000_0059_0550.bmp-Lipid_mask.png","CglacFantF","ArcticNet2013","Peelsound 1",1,"9/2/2013",350,132,"False",0.797904604356217,3264,0.418610637973336,3257,0.417372240212569,46200
"1418",1996,"20130902 163657 568 000000 0271 0530","20130902 163657 568 000000 0271 0530.bmp","20130902_163657_568_000000_0271_0530-Prosome_mask.png","20130902_163657_568_000000_0271_0530.bmp-Lipid_mask.png","CglacFantF","ArcticNet2013","Peelsound 1",1,"9/2/2013",466,109,"False",0.850768321513002,3071,0.384840881064101,3192,0.405921291512424,50794
"1419",2000,"20130902 163658 485 000000 0309 0414","20130902 163658 485 000000 0309 0414.bmp","20130902_163658_485_000000_0309_0414-Prosome_mask.png","20130902_163658_485_000000_0309_0414.bmp-Lipid_mask.png","MlongMdorsEx","ArcticNet2013","Peelsound 1",1,"9/2/2013",199,245,"False",0.717117117117117,870,0.06751054627511,1036,0.085907586096297,48755
"1420",2003,"20130902 163701 133 000000 0347 0042","20130902 163701 133 000000 0347 0042.bmp","20130902_163701_133_000000_0347_0042-Prosome_mask.png","20130902_163701_133_000000_0347_0042.bmp-Lipid_mask.png","MlongFdors","ArcticNet2013","Peelsound 1",1,"9/2/2013",207,135,"False",0.656215621562156,1475,0.139883999705412,1536,0.147929548329587,27945
"1421",2004,"20130902 163701 811 000000 0798 0522","20130902 163701 811 000000 0798 0522.bmp","20130902_163701_811_000000_0798_0522-Prosome_mask.png","20130902_163701_811_000000_0798_0522.bmp-Lipid_mask.png","ChypVlat","ArcticNet2013","Peelsound 1",1,"9/2/2013",112,348,"False",0.88377874456184,3077,0.385878870281541,2985,0.370048149276937,38976
"1422",2005,"20130902 163704 476 000000 0166 0570","20130902 163704 476 000000 0166 0570.bmp","20130902_163704_476_000000_0166_0570-Prosome_mask.png","20130902_163704_476_000000_0166_0570.bmp-Lipid_mask.png","MlongMdors","ArcticNet2013","Peelsound 1",1,"9/2/2013",192,156,"False",0.583865814696486,962,0.077556223405162,1021,0.084195829048395,29952
"1423",2006,"20130902 163705 010 000000 0214 0622","20130902 163705 010 000000 0214 0622.bmp","20130902_163705_010_000000_0214_0622-Prosome_mask.png","20130902_163705_010_000000_0214_0622.bmp-Lipid_mask.png","ChypVdorsext","ArcticNet2013","Peelsound 1",1,"9/2/2013",224,524,"False",0.840674789128397,4055,0.564758060848333,3801,0.516528291213796,117376
"1424",2007,"20130902 163705 043 000000 0862 0602","20130902 163705 043 000000 0862 0602.bmp","20130902_163705_043_000000_0862_0602-Prosome_mask.png","20130902_163705_043_000000_0862_0602.bmp-Lipid_mask.png","ChypVdorsext","ArcticNet2013","Peelsound 1",1,"9/2/2013",252,364,"False",0.705803869246164,3496,0.460218018959386,4175,0.587950813661956,91728
"1425",2010,"20130902 163706 009 000001 0402 0822","20130902 163706 009 000001 0402 0822.bmp","20130902_163706_009_000001_0402_0822-Prosome_mask.png","20130902_163706_009_000001_0402_0822.bmp-Lipid_mask.png","ChypFlat","ArcticNet2013","Peelsound 1",1,"9/2/2013",140,448,"False",0.867971953962164,6908,1.1779890878691,7212,1.25012069430325,62720
"1426",2012,"20130902 163710 496 000000 0343 0382","20130902 163710 496 000000 0343 0382.bmp","20130902_163710_496_000000_0343_0382-Prosome_mask.png","20130902_163710_496_000000_0343_0382.bmp-Lipid_mask.png","ChypVdorsext","ArcticNet2013","Peelsound 1",1,"9/2/2013",594,384,"False",0.818401937046005,4107,0.574776685301279,3403,0.443409040282461,228096
"1427",2013,"20130902 163710 763 000000 0491 0162","20130902 163710 763 000000 0491 0162.bmp","20130902_163710_763_000000_0491_0162-Prosome_mask.png","20130902_163710_763_000000_0491_0162.bmp-Lipid_mask.png","CglacFdorsL","ArcticNet2013","Peelsound 1",1,"",308,259,"False",0.874145556895858,2440,0.280177343956671,2221,0.246077589748952,79772
"1428",2015,"20130902 163714 473 000000 0074 0366","20130902 163714 473 000000 0074 0366.bmp","20130902_163714_473_000000_0074_0366-Prosome_mask.png","20130902_163714_473_000000_0074_0366.bmp-Lipid_mask.png","ChypVdorsext","ArcticNet2013","Peelsound 1",1,"9/2/2013",300,272,"False",0.809048428207307,4091,0.571688867499705,4426,0.637280747989729,81600
"1429",2016,"20130902 163714 506 000000 0290 0346","20130902 163714 506 000000 0290 0346.bmp","20130902_163714_506_000000_0290_0346-Prosome_mask.png","20130902_163714_506_000000_0290_0346.bmp-Lipid_mask.png","ChypVdorsext","ArcticNet2013","Peelsound 1",1,"9/2/2013",320,328,"False",0.870703038367709,4211,0.594958518063673,4224,0.597494688212099,104960
"1430",2017,"20130902 163714 539 000000 0526 0334","20130902 163714 539 000000 0526 0334.bmp","20130902_163714_539_000000_0526_0334-Prosome_mask.png","20130902_163714_539_000000_0526_0334.bmp-Lipid_mask.png","ChypVdorsext","ArcticNet2013","Peelsound 1",1,"9/2/2013",328,348,"False",0.882227891156463,4344,0.621044901044266,4510,0.65403152362513,114144
"1431",2020,"20130902 163717 072 000000 0054 0338","20130902 163717 072 000000 0054 0338.bmp","20130902_163717_072_000000_0054_0338-Prosome_mask.png","20130902_163717_072_000000_0054_0338.bmp-Lipid_mask.png","MlongFlat","ArcticNet2013","Peelsound 1",1,"9/2/2013",180,168,"False",0.650075414781297,1024,0.084537420833875,1164,0.100890474924001,30240
"1432",2021,"20130902 163717 371 000000 0758 0750","20130902 163717 371 000000 0758 0750.bmp","20130902_163717_371_000000_0758_0750-Prosome_mask.png","20130902_163717_371_000000_0758_0750.bmp-Lipid_mask.png","ChypVdors","ArcticNet2013","Peelsound 1",1,"9/2/2013",136,316,"False",0.771911573472042,3174,0.402765818781603,3639,0.486396330984123,42976
"1433",2022,"20130902 163717 660 000001 0143 0373","20130902 163717 660 000001 0143 0373.bmp","20130902_163717_660_000001_0143_0373-Prosome_mask.png","20130902_163717_660_000001_0143_0373.bmp-Lipid_mask.png","ChypFlat","ArcticNet2013","Peelsound 1",1,"9/2/2013",509,252,"False",0.754046202794301,5585,0.878470209655724,7095,1.22221994144447,128268
"1434",2024,"20130902 163718 371 000000 0302 0522","20130902 163718 371 000000 0302 0522.bmp","20130902_163718_371_000000_0302_0522-Prosome_mask.png","20130902_163718_371_000000_0302_0522.bmp-Lipid_mask.png","ChypFlat","ArcticNet2013","Peelsound 1",1,"9/2/2013",408,368,"False",0.527370478983382,3759,0.50866852211006,5616,0.885206206697729,150144
"1435",2025,"20130902 163718 427 000000 0175 0230","20130902 163718 427 000000 0175 0230.bmp","20130902_163718_427_000000_0175_0230-Prosome_mask.png","20130902_163718_427_000000_0175_0230.bmp-Lipid_mask.png","MlongFlat","ArcticNet2013","Peelsound 1",1,"9/2/2013",180,226,"False",0.370431893687708,505,0.031869639829046,1145,0.098624911199038,40680
"1436",2026,"20130902 163718 460 000000 0499 0274","20130902 163718 460 000000 0499 0274.bmp","20130902_163718_460_000000_0499_0274-Prosome_mask.png","20130902_163718_460_000000_0499_0274.bmp-Lipid_mask.png","MlongFdorsEx","ArcticNet2013","Peelsound 1",1,"9/2/2013",158,188,"False",0.552732871439569,762,0.05622544663709,1255,0.11193435348689,29704
"1437",2029,"20130902 163721 026 000000 0771 0098","20130902 163721 026 000000 0771 0098.bmp","20130902_163721_026_000000_0771_0098-Prosome_mask.png","20130902_163721_026_000000_0771_0098.bmp-Lipid_mask.png","CglacFlat","ArcticNet2013","Peelsound 1",1,"9/2/2013",229,158,"False",0.701612903225807,2216,0.245313425514714,2426,0.277961311913459,36182
"1438",2030,"20130902 163721 270 000000 0534 0426","20130902 163721 270 000000 0534 0426.bmp","20130902_163721_270_000000_0534_0426-Prosome_mask.png","20130902_163721_270_000000_0534_0426.bmp-Lipid_mask.png","ChypFlat","ArcticNet2013","Peelsound 1",1,"9/2/2013",300,344,"False",0.404527117884357,2416,0.27638140286198,3851,0.525928261984313,103200
"1439",2031,"20130902 163724 724 000000 0379 0070","20130902 163724 724 000000 0379 0070.bmp","20130902_163724_724_000000_0379_0070-Prosome_mask.png","20130902_163724_724_000000_0379_0070.bmp-Lipid_mask.png","ChypFlat","ArcticNet2013","Peelsound 1",1,"9/2/2013",320,312,"False",0.804117529482311,4281,0.608649778047396,4745,0.701521575953403,99840
"1440",2032,"20130902 163726 801 000000 0442 0630","20130902 163726 801 000000 0442 0630.bmp","20130902_163726_801_000000_0442_0630-Prosome_mask.png","20130902_163726_801_000000_0442_0630.bmp-Lipid_mask.png","ChypFlat","ArcticNet2013","Peelsound 1",1,"9/2/2013",348,324,"False",0.856139749957184,5541,0.868933819900136,5297,0.816575632985028,112752
"1441",2033,"20130902 163727 156 000000 0723 0197","20130902 163727 156 000000 0723 0197.bmp","20130902_163727_156_000000_0723_0197-Prosome_mask.png","20130902_163727_156_000000_0723_0197.bmp-Lipid_mask.png","MlongFlat","ArcticNet2013","Peelsound 1",1,"9/2/2013",163,212,"False",0,356,0.019671435389709,375,0.021134802949426,34556
"1442",2034,"20130902 163727 423 000000 0143 0429","20130902 163727 423 000000 0143 0429.bmp","20130902_163727_423_000000_0143_0429-Prosome_mask.png","20130902_163727_423_000000_0143_0429.bmp-Lipid_mask.png","MlongVdorsEX","ArcticNet2013","Peelsound 1",1,"9/2/2013",208,163,"False",0.761316872427984,1157,0.100054145878684,983,0.079902231457794,33904
"1443",2036,"20130902 163729 773 000000 0101 0326","20130902 163729 773 000000 0101 0326.bmp","20130902_163729_773_000000_0101_0326-Prosome_mask.png","20130902_163729_773_000000_0101_0326.bmp-Lipid_mask.png","CglacVdorsex","ArcticNet2013","Peelsound 1",1,"9/2/2013",416,271,"False",0.819946808510638,3217,0.410315116901248,3626,0.484000061956617,112736
"1444",2038,"20130902 163730 255 000000 0855 0301","20130902 163730 255 000000 0855 0301.bmp","20130902_163730_255_000000_0855_0301-Prosome_mask.png","20130902_163730_255_000000_0855_0301.bmp-Lipid_mask.png","ChypIVdorsEX","ArcticNet2013","Peelsound 1",1,"9/2/2013",322,445,"False",0.664115646258503,1616,0.158666092148443,2298,0.257927760413059,143290
"1445",2039,"20130902 163731 072 000000 0421 0366","20130902 163731 072 000000 0421 0366.bmp","20130902_163731_072_000000_0421_0366-Prosome_mask.png","20130902_163731_072_000000_0421_0366.bmp-Lipid_mask.png","ChypVlat","ArcticNet2013","Peelsound 1",1,"9/2/2013",140,444,"False",0.913353252125948,4090,0.571496031030708,4235,0.599642996616356,62160
"1446",2040,"20130902 163731 222 000000 0131 0630","20130902 163731 222 000000 0131 0630.bmp","20130902_163731_222_000000_0131_0630-Prosome_mask.png","20130902_163731_222_000000_0131_0630.bmp-Lipid_mask.png","MlongFlat","ArcticNet2013","Peelsound 1",1,"9/2/2013",180,154,"False",0.419673751853683,1664,0.165206312599423,1208,0.106190929657035,27720
"1447",2042,"20130902 163732 654 000000 0979 0662","20130902 163732 654 000000 0979 0662.bmp","20130902_163732_654_000000_0979_0662-Prosome_mask.png","20130902_163732_654_000000_0979_0662.bmp-Lipid_mask.png","ChypIVlat","ArcticNet2013","Peelsound 1",1,"9/2/2013",169,177,"False",0.753617363344052,1893,0.197379889198152,2470,0.284942249838433,29913
"1448",2043,"20130902 163732 854 000000 0327 0273","20130902 163732 854 000000 0327 0273.bmp","20130902_163732_854_000000_0327_0273-Prosome_mask.png","20130902_163732_854_000000_0327_0273.bmp-Lipid_mask.png","ChypFlat","ArcticNet2013","Peelsound 1",1,"9/2/2013",534,390,"False",0.884955752212389,11429,2.35986095495127,11149,2.28045032737239,208260
"1449",2045,"20130902 163733 021 000000 0263 0406","20130902 163733 021 000000 0263 0406.bmp","20130902_163733_021_000000_0263_0406-Prosome_mask.png","20130902_163733_021_000000_0263_0406.bmp-Lipid_mask.png","CglacVdorsex","ArcticNet2013","Peelsound 1",1,"9/2/2013",331,180,"False",0.652954808806489,1491,0.14198229817444,1362,0.125313962263792,59580
"1450",2048,"20130902 163735 999 000000 0331 0257","20130902 163735 999 000000 0331 0257.bmp","20130902_163735_999_000000_0331_0257-Prosome_mask.png","20130902_163735_999_000000_0331_0257.bmp-Lipid_mask.png","MlongMlat","ArcticNet2013","Peelsound 1",1,"9/2/2013",222,208,"False",0.758014477766287,762,0.05622544663709,938,0.074898819122214,46176
"1451",2050,"20130902 163736 386 000000 0103 0337","20130902 163736 386 000000 0103 0337.bmp","20130902_163736_386_000000_0103_0337-Prosome_mask.png","20130902_163736_386_000000_0103_0337.bmp-Lipid_mask.png","ChypFlat","ArcticNet2013","Peelsound 1",1,"9/2/2013",203,544,"False",0.912642125408083,8689,1.61664019927972,8301,1.51787156323998,110432
"1452",2051,"20130902 163736 419 000000 0515 0337","20130902 163736 419 000000 0515 0337.bmp","20130902_163736_419_000000_0515_0337-Prosome_mask.png","20130902_163736_419_000000_0515_0337.bmp-Lipid_mask.png","ChypFlat","ArcticNet2013","Peelsound 1",1,"9/2/2013",277,534,"False",0.929918559794256,8852,1.65864022205275,9158,1.7382808096629,147918
"1453",2052,"20130902 163736 486 000000 0111 0201","20130902 163736 486 000000 0111 0201.bmp","20130902_163736_486_000000_0111_0201-Prosome_mask.png","20130902_163736_486_000000_0111_0201.bmp-Lipid_mask.png","MlongFdors","ArcticNet2013","Peelsound 1",1,"9/2/2013",296,128,"False",0.763247447739426,1721,0.173066358047868,1906,0.199252899757546,37888
"1454",2053,"20130902 163736 519 000000 0143 0430","20130902 163736 519 000000 0143 0430.bmp","20130902_163736_519_000000_0143_0430-Prosome_mask.png","20130902_163736_519_000000_0143_0430.bmp-Lipid_mask.png","ChypVdors","ArcticNet2013","Peelsound 1",1,"9/2/2013",305,147,"False",0.158350421508316,2549,0.297594860430434,2535,0.295341613677491,44835
"1455",2054,"20130902 163737 819 000000 0951 0765","20130902 163737 819 000000 0951 0765.bmp","20130902_163737_819_000000_0951_0765-Prosome_mask.png","20130902_163737_819_000000_0951_0765.bmp-Lipid_mask.png","MlongFlat","ArcticNet2013","Peelsound 1",1,"9/2/2013",133,257,"False",0.5771484375,614,0.041735671532074,1001,0.081928325860552,34181
"1456",2056,"20130902 163739 818 000000 0025 0317","20130902 163739 818 000000 0025 0317.bmp","20130902_163739_818_000000_0025_0317-Prosome_mask.png","20130902_163739_818_000000_0025_0317.bmp-Lipid_mask.png","ChypFlat","ArcticNet2013","Peelsound 1",1,"9/2/2013",469,287,"False",0.863554987212276,7510,1.32195955015063,7063,1.21461924552905,134603
"1457",2057,"20130902 163740 562 000000 0270 0738","20130902 163740 562 000000 0270 0738.bmp","20130902_163740_562_000000_0270_0738-Prosome_mask.png","20130902_163740_562_000000_0270_0738.bmp-Lipid_mask.png","MlongMdorsEx","ArcticNet2013","Peelsound 1",1,"9/2/2013",188,188,"False",0.451080050825921,505,0.031869639829046,637,0.04390838567096,35344
"1458",2059,"20130902 163741 999 000000 0735 0261","20130902 163741 999 000000 0735 0261.bmp","20130902_163741_999_000000_0735_0261-Prosome_mask.png","20130902_163741_999_000000_0735_0261.bmp-Lipid_mask.png","MlongFlat","ArcticNet2013","Peelsound 1",1,"9/2/2013",198,233,"False",0.702954898911353,1060,0.088666006351132,1130,0.096846360737239,46134
"1459",2061,"20130902 163742 284 000000 0487 0562","20130902 163742 284 000000 0487 0562.bmp","20130902_163742_284_000000_0487_0562-Prosome_mask.png","20130902_163742_284_000000_0487_0562.bmp-Lipid_mask.png","ChypFlat","ArcticNet2013","Peelsound 1",1,"9/2/2013",429,135,"False",0.898302395684595,5776,0.92019648132816,6189,1.01221162248326,57915
"1460",2062,"20130902 163742 684 000000 0539 0478","20130902 163742 684 000000 0539 0478.bmp","20130902_163742_684_000000_0539_0478-Prosome_mask.png","20130902_163742_684_000000_0539_0478.bmp-Lipid_mask.png","ChypFlat","ArcticNet2013","Peelsound 1",1,"9/2/2013",406,147,"False",0.832484960666358,5748,0.914046271865609,6132,0.99936932587674,59682
"1461",2063,"20130902 163744 061 000000 0662 0750","20130902 163744 061 000000 0662 0750.bmp","20130902_163744_061_000000_0662_0750-Prosome_mask.png","20130902_163744_061_000000_0662_0750.bmp-Lipid_mask.png","MlongFlat","ArcticNet2013","Peelsound 1",1,"9/2/2013",156,172,"False",0.344182262001627,463,0.02827071686972,1189,0.103892934420993,26832
"1462",2064,"20130902 163744 616 000000 0163 0510","20130902 163744 616 000000 0163 0510.bmp","20130902_163744_616_000000_0163_0510-Prosome_mask.png","20130902_163744_616_000000_0163_0510.bmp-Lipid_mask.png","MlongFdorsEx","ArcticNet2013","Peelsound 1",1,"9/2/2013",188,222,"False",0.730267673301304,1149,0.099100693386008,1372,0.126585431765481,41736
"1463",2065,"20130902 163744 633 000000 0405 0850","20130902 163744 633 000000 0405 0850.bmp","20130902_163744_633_000000_0405_0850-Prosome_mask.png","20130902_163744_633_000000_0405_0850.bmp-Lipid_mask.png","ChypIVlat","ArcticNet2013","Peelsound 1",1,"9/2/2013",208,183,"False",0.638525564803805,1803,0.184547920734166,2331,0.263053079913774,38064
"1464",2067,"20130902 163745 960 000000 0178 0694","20130902 163745 960 000000 0178 0694.bmp","20130902_163745_960_000000_0178_0694-Prosome_mask.png","20130902_163745_960_000000_0178_0694.bmp-Lipid_mask.png","CglacFlat","ArcticNet2013","Peelsound 1",1,"9/2/2013",188,188,"False",0.75990584542958,2089,0.226125791878552,2397,0.273386421636758,35344
"1465",2072,"20130902 163747 448 000000 0391 0285","20130902 163747 448 000000 0391 0285.bmp","20130902_163747_448_000000_0391_0285-Prosome_mask.png","20130902_163747_448_000000_0391_0285.bmp-Lipid_mask.png","MlongMdorsEx","ArcticNet2013","Peelsound 1",1,"9/2/2013",247,158,"False",0.590862944162437,615,0.041829503850228,952,0.076445872602582,39026
"1466",2073,"20130902 163747 481 000000 0855 0249","20130902 163747 481 000000 0855 0249.bmp","20130902_163747_481_000000_0855_0249-Prosome_mask.png","20130902_163747_481_000000_0855_0249.bmp-Lipid_mask.png","MlongMdorsEx","ArcticNet2013","Peelsound 1",1,"9/2/2013",262,277,"False",0.745641025641026,775,0.057553455408693,927,0.073689411249739,72574
"1467",2075,"20130902 163748 781 000000 0439 0585","20130902 163748 781 000000 0439 0585.bmp","20130902_163748_781_000000_0439_0585-Prosome_mask.png","20130902_163748_781_000000_0439_0585.bmp-Lipid_mask.png","MlongFdorsEx","ArcticNet2013","Peelsound 1",1,"9/2/2013",238,149,"False",0.762688614540466,1172,0.101848622063146,1398,0.129907716872531,35462
"1468",2076,"20130902 163748 999 000000 0399 0209","20130902 163748 999 000000 0399 0209.bmp","20130902_163748_999_000000_0399_0209-Prosome_mask.png","20130902_163748_999_000000_0399_0209.bmp-Lipid_mask.png","MlongMlat","ArcticNet2013","Peelsound 1",1,"9/2/2013",158,198,"False",0.751960784313726,807,0.060858400161067,980,0.079565910701967,31284
"1469",2077,"20130902 163749 547 000000 0763 0177","20130902 163749 547 000000 0763 0177.bmp","20130902_163749_547_000000_0763_0177-Prosome_mask.png","20130902_163749_547_000000_0763_0177.bmp-Lipid_mask.png","ChypIIIdorEX","ArcticNet2013","Peelsound 1",1,"9/2/2013",336,247,"False",0.791946308724832,1274,0.114279640157015,1396,0.129651316435427,82992
"1470",2078,"20130902 163749 958 000000 1022 0238","20130902 163749 958 000000 1022 0238.bmp","20130902_163749_958_000000_1022_0238-Prosome_mask.png","20130902_163749_958_000000_1022_0238.bmp-Lipid_mask.png","MlongFlat","ArcticNet2013","Peelsound 1",1,"9/2/2013",212,128,"False",0.426032874278099,2139,0.233628562217274,1071,0.089938268724465,27136
"1471",2080,"20130902 163750 358 000000 0134 0126","20130902 163750 358 000000 0134 0126.bmp","20130902_163750_358_000000_0134_0126-Prosome_mask.png","20130902_163750_358_000000_0134_0126.bmp-Lipid_mask.png","MlongFdors","ArcticNet2013","Peelsound 1",1,"9/2/2013",232,124,"False",0.433044315992293,1714,0.172095685220011,1261,0.112673522814137,28768
"1472",2082,"20130902 163750 891 000000 0858 0470","20130902 163750 891 000000 0858 0470.bmp","20130902_163750_891_000000_0858_0470-Prosome_mask.png","20130902_163750_891_000000_0858_0470.bmp-Lipid_mask.png","CglacIVdors","ArcticNet2013","Peelsound 1",1,"9/2/2013",156,308,"False",0.847921225382932,1649,0.163154688477046,1729,0.174177536709878,48048
"1473",2083,"20130902 163750 931 000000 0805 0550","20130902 163750 931 000000 0805 0550.bmp","20130902_163750_931_000000_0805_0550-Prosome_mask.png","20130902_163750_931_000000_0805_0550.bmp-Lipid_mask.png","ChypFlat","ArcticNet2013","Peelsound 1",1,"9/2/2013",161,575,"False",0.719519258615696,5326,0.822751451730693,6549,1.09435075118679,92575
"1474",2084,"20130902 163751 380 000001 0127 0585","20130902 163751 380 000001 0127 0585.bmp","20130902_163751_380_000001_0127_0585-Prosome_mask.png","20130902_163751_380_000001_0127_0585.bmp-Lipid_mask.png","MlongFlat","ArcticNet2013","Peelsound 1",1,"9/2/2013",277,154,"False",0.45957095709571,558,0.036575498004632,1211,0.106555033782812,42658
"1475",2085,"20130902 163751 480 000000 0059 0646","20130902 163751 480 000000 0059 0646.bmp","20130902_163751_480_000000_0059_0646-Prosome_mask.png","20130902_163751_480_000000_0059_0646.bmp-Lipid_mask.png","MlongFdorsEx","ArcticNet2013","Peelsound 1",1,"9/2/2013",256,184,"False",0.563427800269906,1217,0.107284270264662,1100,0.093316181487541,47104
"1476",2088,"20130902 163751 524 000000 0390 0802","20130902 163751 524 000000 0390 0802.bmp","20130902_163751_524_000000_0390_0802-Prosome_mask.png","20130902_163751_524_000000_0390_0802.bmp-Lipid_mask.png","ChypFdorsEXT","ArcticNet2013","Peelsound 1",1,"9/2/2013",124,352,"False",0.316739873108834,1021,0.084195829048395,1677,0.166990082767517,43648
"1477",2090,"20130902 163754 379 000000 0259 0262","20130902 163754 379 000000 0259 0262.bmp","20130902_163754_379_000000_0259_0262-Prosome_mask.png","20130902_163754_379_000000_0259_0262.bmp-Lipid_mask.png","MlongMdorsEx","ArcticNet2013","Peelsound 1",1,"9/2/2013",177,177,"False",0.610192837465565,471,0.028947022947687,698,0.049814472612732,31329
"1478",2091,"20130902 163759 455 000000 0230 0462","20130902 163759 455 000000 0230 0462.bmp","20130902_163759_455_000000_0230_0462-Prosome_mask.png","20130902_163759_455_000000_0230_0462.bmp-Lipid_mask.png","ChypIVlat","ArcticNet2013","Peelsound 1",1,"9/2/2013",184,180,"False",0.581039755351682,2406,0.274803976819325,1730,0.174316571649867,33120
"1479",2092,"20130902 163759 488 000000 0730 0458","20130902 163759 488 000000 0730 0458.bmp","20130902_163759_488_000000_0730_0458-Prosome_mask.png","20130902_163759_488_000000_0730_0458.bmp-Lipid_mask.png","ChypIVlat","ArcticNet2013","Peelsound 1",1,"9/2/2013",180,184,"False",0.464665415884928,801,0.060234862841885,1541,0.148594486324532,33120
"1480",2093,"20130902 163759 588 000000 0082 0626","20130902 163759 588 000000 0082 0626.bmp","20130902_163759_588_000000_0082_0626-Prosome_mask.png","20130902_163759_588_000000_0082_0626.bmp-Lipid_mask.png","CglacFantF","ArcticNet2013","Peelsound 1",1,"9/2/2013",140,372,"False",0.893209200438116,3539,0.46804782346525,3375,0.438382153818699,52080
"1481",2094,"20130902 163759 621 000000 0294 0606","20130902 163759 621 000000 0294 0606.bmp","20130902_163759_621_000000_0294_0606-Prosome_mask.png","20130902_163759_621_000000_0294_0606.bmp-Lipid_mask.png","CglacFantF","ArcticNet2013","Peelsound 1",1,"9/2/2013",116,496,"False",0.934631432545202,3431,0.448451668816678,3524,0.465312366907053,57536
"1482",2097,"20130902 163759 888 000000 0658 0262","20130902 163759 888 000000 0658 0262.bmp","20130902_163759_888_000000_0658_0262-Prosome_mask.png","20130902_163759_888_000000_0658_0262.bmp-Lipid_mask.png","MlongFlat","ArcticNet2013","Peelsound 1",1,"9/2/2013",176,180,"False",0.296228986824171,1882,0.19579884603963,971,0.0785592974338,31680
"1483",2099,"20130902 163800 187 000000 0943 0341","20130902 163800 187 000000 0943 0341.bmp","20130902_163800_187_000000_0943_0341-Prosome_mask.png","20130902_163800_187_000000_0943_0341.bmp-Lipid_mask.png","MlongVdorsEX","ArcticNet2013","Peelsound 1",1,"9/2/2013",252,149,"False",0.568412162162162,1062,0.088896955287457,795,0.059613097875263,37548
"1484",2100,"20130902 163800 376 000000 0931 0229","20130902 163800 376 000000 0931 0229.bmp","20130902_163800_376_000000_0931_0229-Prosome_mask.png","20130902_163800_376_000000_0931_0229.bmp-Lipid_mask.png","MlongMlat","ArcticNet2013","Peelsound 1",1,"9/2/2013",203,138,"False",0.530898876404494,693,0.049322708496849,942,0.075339945104526,28014
"1485",2101,"20130902 163801 087 000000 0418 0318","20130902 163801 087 000000 0418 0318.bmp","20130902_163801_087_000000_0418_0318-Prosome_mask.png","20130902_163801_087_000000_0418_0318.bmp-Lipid_mask.png","MlongFdors","ArcticNet2013","Peelsound 1",1,"9/2/2013",200,196,"False",0.626746506986028,1176,0.102328629491813,1269,0.113661162098586,39200
"1486",2102,"20130902 163801 510 000001 0699 0126","20130902 163801 510 000001 0699 0126.bmp","20130902_163801_510_000001_0699_0126-Prosome_mask.png","20130902_163801_510_000001_0699_0126.bmp-Lipid_mask.png","ChypFdorsEXT","ArcticNet2013","Peelsound 1",1,"9/2/2013",462,526,"False",0.772759054677668,6869,1.16882126988784,5808,0.927239175641949,243012
"1487",2104,"20130902 163801 554 000000 0846 0146","20130902 163801 554 000000 0846 0146.bmp","20130902_163801_554_000000_0846_0146-Prosome_mask.png","20130902_163801_554_000000_0846_0146.bmp-Lipid_mask.png","ChypVdors","ArcticNet2013","Peelsound 1",1,"9/2/2013",112,380,"False",0.80400451212634,3092,0.388477207490223,3305,0.425884342473371,42560
"1488",2107,"20130902 163802 254 000000 0334 0450","20130902 163802 254 000000 0334 0450.bmp","20130902_163802_254_000000_0334_0450-Prosome_mask.png","20130902_163802_254_000000_0334_0450.bmp-Lipid_mask.png","ChypVlat","ArcticNet2013","Peelsound 1",1,"9/2/2013",152,492,"False",0.908838071693449,3008,0.373988683938544,3169,0.401890503066529,74784
"1489",2108,"20130902 163803 186 000000 0370 0118","20130902 163803 186 000000 0370 0118.bmp","20130902_163803_186_000000_0370_0118-Prosome_mask.png","20130902_163803_186_000000_0370_0118.bmp-Lipid_mask.png","MlongFdors","ArcticNet2013","Peelsound 1",1,"9/2/2013",144,220,"False",0.74580579562786,1924,0.201854319334285,1510,0.144485159209879,31680
"1490",2110,"20130902 163803 492 000000 0685 0218","20130902 163803 492 000000 0685 0218.bmp","20130902_163803_492_000000_0685_0218-Prosome_mask.png","20130902_163803_492_000000_0685_0218.bmp-Lipid_mask.png","ChypIVlat","ArcticNet2013","Peelsound 1",1,"9/2/2013",106,324,"False",0.868868382710053,1911,0.199974583858144,1937,0.203738887389386,34344
"1491",2113,"20130902 163812 816 000000 0514 0238","20130902 163812 816 000000 0514 0238.bmp","20130902_163812_816_000000_0514_0238-Prosome_mask.png","20130902_163812_816_000000_0514_0238.bmp-Lipid_mask.png","CglacFdorsL","ArcticNet2013","Peelsound 1",1,"9/2/2013",276,328,"False",0.824489795918367,2525,0.293735042869457,2392,0.272599763995734,90528
"1492",2115,"20130902 163813 205 000000 0025 0385","20130902 163813 205 000000 0025 0385.bmp","20130902_163813_205_000000_0025_0385-Prosome_mask.png","20130902_163813_205_000000_0025_0385.bmp-Lipid_mask.png","MlongFlat","ArcticNet2013","Peelsound 1",1,"9/2/2013",208,222,"False",0.625502008032129,1771,0.180043177090807,1467,0.138838083681827,46176
"1493",2118,"20130902 163814 071 000000 0107 0374","20130902 163814 071 000000 0107 0374.bmp","20130902_163814_071_000000_0107_0374-Prosome_mask.png","20130902_163814_071_000000_0107_0374.bmp-Lipid_mask.png","CglacIVdors","ArcticNet2013","Peelsound 1",1,"9/2/2013",169,350,"False",0.504895104895105,812,0.061379362568528,1340,0.122529221816209,59150
"1494",2119,"20130902 163820 480 000000 0198 0306","20130902 163820 480 000000 0198 0306.bmp","20130902_163820_480_000000_0198_0306-Prosome_mask.png","20130902_163820_480_000000_0198_0306.bmp-Lipid_mask.png","MlongFlat","ArcticNet2013","Peelsound 1",1,"9/2/2013",240,192,"False",0.866620111731844,1308,0.118509656759397,1365,0.125695031884853,46080
"1495",2120,"20130902 163820 513 000000 0522 0350","20130902 163820 513 000000 0522 0350.bmp","20130902_163820_513_000000_0522_0350-Prosome_mask.png","20130902_163820_513_000000_0522_0350.bmp-Lipid_mask.png","MlongFdorsEx","ArcticNet2013","Peelsound 1",1,"9/2/2013",200,168,"False",0.632352941176471,1208,0.106190929657035,1456,0.137403485965711,33600
"1496",2121,"20130902 163821 013 000000 0098 0342","20130902 163821 013 000000 0098 0342.bmp","20130902_163821_013_000000_0098_0342-Prosome_mask.png","20130902_163821_013_000000_0098_0342.bmp-Lipid_mask.png","MlongFdorsEx","ArcticNet2013","Peelsound 1",1,"9/2/2013",176,196,"False",0.722261989978525,1176,0.102328629491813,1230,0.108868968305342,34496
"1497",2122,"20130902 163823 045 000000 0118 0178","20130902 163823 045 000000 0118 0178.bmp","20130902_163823_045_000000_0118_0178-Prosome_mask.png","20130902_163823_045_000000_0118_0178.bmp-Lipid_mask.png","CglacFlat","ArcticNet2013","Peelsound 1",1,"9/2/2013",184,244,"False",0.879931389365352,2307,0.259322819001286,2077,0.22433519770456,44896
"1498",2123,"20130902 163823 079 000000 0794 0174","20130902 163823 079 000000 0794 0174.bmp","20130902_163823_079_000000_0794_0174-Prosome_mask.png","20130902_163823_079_000000_0794_0174.bmp-Lipid_mask.png","CglacFlat","ArcticNet2013","Peelsound 1",1,"9/2/2013",168,244,"False",0.757415254237288,2285,0.255916339772229,2692,0.320877030752301,40992
"1499",2124,"20130902 163824 433 000000 0183 0205","20130902 163824 433 000000 0183 0205.bmp","20130902_163824_433_000000_0183_0205-Prosome_mask.png","20130902_163824_433_000000_0183_0205.bmp-Lipid_mask.png","MlongFlat","ArcticNet2013","Peelsound 1",1,"9/2/2013",252,154,"False",0.511182108626198,1036,0.085907586096297,856,0.066015945662154,38808
"1500",2126,"20130902 163825 799 000000 0903 0833","20130902 163825 799 000000 0903 0833.bmp","20130902_163825_799_000000_0903_0833-Prosome_mask.png","20130902_163825_799_000000_0903_0833.bmp-Lipid_mask.png","MlongFlat","ArcticNet2013","Peelsound 1",1,"9/2/2013",228,133,"False",0.490974729241877,2411,0.275592379065967,1719,0.172788869579559,30324
"1501",2127,"20130902 163826 166 000000 0025 0641","20130902 163826 166 000000 0025 0641.bmp","20130902_163826_166_000000_0025_0641-Prosome_mask.png","20130902_163826_166_000000_0025_0641.bmp-Lipid_mask.png","MlongFlat","ArcticNet2013","Peelsound 1",1,"9/2/2013",198,198,"False",0.603870233352305,1301,0.117635315830003,1517,0.145410294846313,39204
"1502",2128,"20130902 163826 266 000000 0099 0381","20130902 163826 266 000000 0099 0381.bmp","20130902_163826_266_000000_0099_0381-Prosome_mask.png","20130902_163826_266_000000_0099_0381.bmp-Lipid_mask.png","MlongFlat","ArcticNet2013","Peelsound 1",1,"9/2/2013",217,208,"False",0.465531561461794,1908,0.199541487176711,1621,0.159343962955344,45136
"1503",2129,"20130902 163826 333 000000 0175 0133","20130902 163826 333 000000 0175 0133.bmp","20130902_163826_333_000000_0175_0133-Prosome_mask.png","20130902_163826_333_000000_0175_0133.bmp-Lipid_mask.png","MlongFlat","ArcticNet2013","Peelsound 1",1,"9/2/2013",193,193,"False",0.442539388322521,1773,0.180323824051208,1340,0.122529221816209,37249
"1504",2130,"20130902 163826 777 000000 0402 0146","20130902 163826 777 000000 0402 0146.bmp","20130902_163826_777_000000_0402_0146-Prosome_mask.png","20130902_163826_777_000000_0402_0146.bmp-Lipid_mask.png","ChypFlat","ArcticNet2013","Peelsound 1",1,"9/2/2013",332,340,"False",0.853197933368965,5430,0.845004104339898,4972,0.748252194328026,112880
"1505",2132,"20130902 163828 449 000000 1005 0702","20130902 163828 449 000000 1005 0702.bmp","20130902_163828_449_000000_1005_0702-Prosome_mask.png","20130902_163828_449_000000_1005_0702.bmp-Lipid_mask.png","MlongVdorsEX","ArcticNet2013","Peelsound 1",1,"9/2/2013",204,131,"False",0.742351046698873,1164,0.100890474924001,1000,0.081815399162142,26724
"1506",2133,"20130902 163828 616 000001 0481 0294","20130902 163828 616 000001 0481 0294.bmp","20130902_163828_616_000001_0481_0294-Prosome_mask.png","20130902_163828_616_000001_0481_0294.bmp-Lipid_mask.png","ChypFlat","ArcticNet2013","Peelsound 1",1,"9/2/2013",466,298,"False",0.774432379072063,5428,0.844574629551001,5357,0.829367333244,138868
"1507",2134,"20130902 163828 649 000000 1057 0142","20130902 163828 649 000000 1057 0142.bmp","20130902_163828_649_000000_1057_0142-Prosome_mask.png","20130902_163828_649_000000_1057_0142.bmp-Lipid_mask.png","ChypFlat","ArcticNet2013","Peelsound 1",1,"9/2/2013",483,198,"False",0.728070175438597,9333,1.78428572272211,10170,2.00880586921428,95634
"1508",2136,"20130902 163828 849 000002 0977 0682","20130902 163828 849 000002 0977 0682.bmp","20130902_163828_849_000002_0977_0682-Prosome_mask.png","20130902_163828_849_000002_0977_0682.bmp-Lipid_mask.png","ChypIVdorsEX","ArcticNet2013","Peelsound 1",1,"9/2/2013",254,418,"False",0.79296875,1944,0.204755649397983,2187,0.240894216933644,106172
"1509",2137,"20130902 163830 032 000000 0971 0158","20130902 163830 032 000000 0971 0158.bmp","20130902_163830_032_000000_0971_0158-Prosome_mask.png","20130902_163830_032_000000_0971_0158.bmp-Lipid_mask.png","MlongFdorsEx","ArcticNet2013","Peelsound 1",1,"9/2/2013",214,192,"False",0.6296875,1194,0.104496326781025,892,0.069877692069865,41088
"1510",2138,"20130902 163833 275 000000 0154 0706","20130902 163833 275 000000 0154 0706.bmp","20130902_163833_275_000000_0154_0706-Prosome_mask.png","20130902_163833_275_000000_0154_0706.bmp-Lipid_mask.png","MlongFlat","ArcticNet2013","Peelsound 1",1,"9/2/2013",164,192,"False",0.535422343324251,1622,0.15947963256657,1759,0.178361826895598,31488
"1511",2139,"20130902 163833 308 000000 0646 0714","20130902 163833 308 000000 0646 0714.bmp","20130902_163833_308_000000_0646_0714-Prosome_mask.png","20130902_163833_308_000000_0646_0714.bmp-Lipid_mask.png","MlongFdorsEx","ArcticNet2013","Peelsound 1",1,"9/2/2013",164,204,"False",0.145454545454545,2021,0.216031243861084,877,0.068261290174438,33456
"1512",2142,"20130902 163834 707 000000 1002 0738","20130902 163834 707 000000 1002 0738.bmp","20130902_163834_707_000000_1002_0738-Prosome_mask.png","20130902_163834_707_000000_1002_0738.bmp-Lipid_mask.png","ChypIVlat","ArcticNet2013","Peelsound 1",1,"9/2/2013",188,180,"False",0.771614045441133,2641,0.312518295693466,3363,0.436232612903299,33840
"1513",2143,"20130902 163835 041 000000 0178 0630","20130902 163835 041 000000 0178 0630.bmp","20130902_163835_041_000000_0178_0630-Prosome_mask.png","20130902_163835_041_000000_0178_0630.bmp-Lipid_mask.png","CglacVlat","ArcticNet2013","Peelsound 1",1,"9/2/2013",180,164,"False",0.820073439412485,2188,0.241046234719428,2273,0.254063498946782,29520
"1514",2144,"20130902 163835 074 000000 0286 0482","20130902 163835 074 000000 0286 0482.bmp","20130902_163835_074_000000_0286_0482-Prosome_mask.png","20130902_163835_074_000000_0286_0482.bmp-Lipid_mask.png","CglacVdorsex","ArcticNet2013","Peelsound 1",1,"9/2/2013",192,352,"False",0.718838929994308,1421,0.132866312228719,1599,0.156367298663904,67584
"1515",2147,"20130902 163836 779 000000 0253 0582","20130902 163836 779 000000 0253 0582.bmp","20130902_163836_779_000000_0253_0582-Prosome_mask.png","20130902_163836_779_000000_0253_0582.bmp-Lipid_mask.png","MlongFlat","ArcticNet2013","Peelsound 1",1,"9/2/2013",110,271,"False",0.133333333333333,545,0.035404806627032,458,0.027850270213597,29810
"1516",2148,"20130902 163836 813 000000 0593 0574","20130902 163836 813 000000 0593 0574.bmp","20130902_163836_813_000000_0593_0574-Prosome_mask.png","20130902_163836_813_000000_0593_0574.bmp-Lipid_mask.png","MlongFlat","ArcticNet2013","Peelsound 1",1,"9/2/2013",106,267,"False",0.462655601659751,1424,0.133253565629429,1396,0.129651316435427,28302
"1517",2150,"20130902 163838 572 000000 0166 0506","20130902 163838 572 000000 0166 0506.bmp","20130902_163838_572_000000_0166_0506-Prosome_mask.png","20130902_163838_572_000000_0166_0506.bmp-Lipid_mask.png","ChypVdors","ArcticNet2013","Peelsound 1",1,"9/2/2013",156,324,"False",0.668654738237243,2141,0.233930071970875,2895,0.354739931231563,50544
"1518",2151,"20130902 163839 999 000000 0741 0398","20130902 163839 999 000000 0741 0398.bmp","20130902_163839_999_000000_0741_0398-Prosome_mask.png","20130902_163839_999_000000_0741_0398.bmp-Lipid_mask.png","ChypIVlat","ArcticNet2013","Peelsound 1",1,"9/2/2013",174,251,"False",0.859057832248181,2301,0.258392549673671,2553,0.298239510590877,43674
"1519",2152,"20130902 163841 999 000000 0335 0769","20130902 163841 999 000000 0335 0769.bmp","20130902_163841_999_000000_0335_0769-Prosome_mask.png","20130902_163841_999_000000_0335_0769.bmp-Lipid_mask.png","CglacFantF","ArcticNet2013","Peelsound 1",1,"9/2/2013",464,212,"False",0.824809268154846,3524,0.465312366907053,2934,0.361351618849022,98368
"1520",2154,"20130902 163843 804 000000 1042 0734","20130902 163843 804 000000 1042 0734.bmp","20130902_163843_804_000000_1042_0734-Prosome_mask.png","20130902_163843_804_000000_1042_0734.bmp-Lipid_mask.png","MlongFlat","ArcticNet2013","Peelsound 1",1,"9/2/2013",164,176,"False",0.535849056603774,746,0.054602765027228,882,0.068798932718131,28864
"1521",2155,"20130902 163843 976 000001 0917 0338","20130902 163843 976 000001 0917 0338.bmp","20130902_163843_976_000001_0917_0338-Prosome_mask.png","20130902_163843_976_000001_0917_0338.bmp-Lipid_mask.png","ChypIVdorsEX","ArcticNet2013","Peelsound 1",1,"9/2/2013",233,312,"False",0.82668793195109,1578,0.153540415672038,1858,0.192361490226022,72696
"1522",2156,"20130902 163844 337 000000 0510 0638","20130902 163844 337 000000 0510 0638.bmp","20130902_163844_337_000000_0510_0638-Prosome_mask.png","20130902_163844_337_000000_0510_0638.bmp-Lipid_mask.png","ChypFlat","ArcticNet2013","Peelsound 1",1,"9/2/2013",144,456,"False",0.900727802037845,6361,1.05123569599227,6697,1.12862551993505,65664
"1523",2157,"20130902 163844 737 000000 0562 0554","20130902 163844 737 000000 0562 0554.bmp","20130902_163844_737_000000_0562_0554-Prosome_mask.png","20130902_163844_737_000000_0562_0554.bmp-Lipid_mask.png","ChypFlat","ArcticNet2013","Peelsound 1",1,"9/2/2013",156,432,"False",0.908389450056117,6698,1.1288580938344,6905,1.17728317119539,67392
"1524",2158,"20130902 163846 669 000000 0186 0586","20130902 163846 669 000000 0186 0586.bmp","20130902_163846_669_000000_0186_0586-Prosome_mask.png","20130902_163846_669_000000_0186_0586.bmp-Lipid_mask.png","MlongFdorsEx","ArcticNet2013","Peelsound 1",1,"9/2/2013",236,200,"False",0.666164280331575,987,0.08035126608062,1224,0.108136774210028,47200
"1525",2160,"20130902 163846 999 000000 0759 0517","20130902 163846 999 000000 0759 0517.bmp","20130902_163846_999_000000_0759_0517-Prosome_mask.png","20130902_163846_999_000000_0759_0517.bmp-Lipid_mask.png","CglacIVdors","ArcticNet2013","Peelsound 1",1,"9/2/2013",380,193,"False",0.787788215200683,2245,0.249754665729837,1942,0.204465003769431,73340
"1526",2161,"20130902 163848 324 000000 0799 0229","20130902 163848 324 000000 0799 0229.bmp","20130902_163848_324_000000_0799_0229-Prosome_mask.png","20130902_163848_324_000000_0799_0229.bmp-Lipid_mask.png","MlongFdorsEx","ArcticNet2013","Peelsound 1",1,"9/2/2013",296,262,"False",0.529811715481172,1351,0.123919438022613,1574,0.153003574933896,77552
"1527",2163,"20130902 163848 375 000004 0913 0798","20130902 163848 375 000004 0913 0798.bmp","20130902_163848_375_000004_0913_0798-Prosome_mask.png","20130902_163848_375_000004_0913_0798.bmp-Lipid_mask.png","CglacVdors","ArcticNet2013","Peelsound 1",1,"9/2/2013",187,308,"False",0.764919941775837,2574,0.30163021406208,2276,0.25452636149815,57596
"1528",2166,"20130902 163850 840 000001 0201 0266","20130902 163850 840 000001 0201 0266.bmp","20130902_163850_840_000001_0201_0266-Prosome_mask.png","20130902_163850_840_000001_0201_0266.bmp-Lipid_mask.png","CglacVlat","ArcticNet2013","Peelsound 1",1,"9/2/2013",140,324,"False",0.89769696969697,4073,0.568220554351324,3755,0.50792170582329,45360
"1529",2167,"20130902 163850 874 000001 0437 0266","20130902 163850 874 000001 0437 0266.bmp","20130902_163850_874_000001_0437_0266-Prosome_mask.png","20130902_163850_874_000001_0437_0266.bmp-Lipid_mask.png","CglacVlat","ArcticNet2013","Peelsound 1",1,"9/2/2013",140,312,"False",0.911910669975186,3880,0.531401572094986,3825,0.521034451116776,43680
"1530",2168,"20130902 163852 740 000001 0393 0442","20130902 163852 740 000001 0393 0442.bmp","20130902_163852_740_000001_0393_0442-Prosome_mask.png","20130902_163852_740_000001_0393_0442.bmp-Lipid_mask.png","ChypIVlat","ArcticNet2013","Peelsound 1",1,"9/2/2013",178,459,"False",0.901715039577836,4529,0.657836938522833,4120,0.577288906178093,81702
"1531",2170,"20130902 163853 533 000000 0082 0722","20130902 163853 533 000000 0082 0722.bmp","20130902_163853_533_000000_0082_0722-Prosome_mask.png","20130902_163853_533_000000_0082_0722.bmp-Lipid_mask.png","MlongFdorsEx","ArcticNet2013","Peelsound 1",1,"9/2/2013",196,272,"False",0.696442687747035,1254,0.111811288930593,892,0.069877692069865,53312
"1532",2171,"20130902 163853 566 000000 0614 0786","20130902 163853 566 000000 0614 0786.bmp","20130902_163853_566_000000_0614_0786-Prosome_mask.png","20130902_163853_566_000000_0614_0786.bmp-Lipid_mask.png","MlongFdorsEx","ArcticNet2013","Peelsound 1",1,"9/2/2013",116,260,"False",0.475812846946868,666,0.046690603755778,1195,0.104617120645489,30160
"1533",2172,"20130902 163853 672 000003 0329 0454","20130902 163853 672 000003 0329 0454.bmp","20130902_163853_672_000003_0329_0454-Prosome_mask.png","20130902_163853_672_000003_0329_0454.bmp-Lipid_mask.png","ChypFlat","ArcticNet2013","Peelsound 1",1,"9/2/2013",161,532,"False",0.599680383539752,3922,0.53935601551951,4086,0.570724864337034,85652
"1534",2178,"20130902 163856 432 000000 0282 0338","20130902 163856 432 000000 0282 0338.bmp","20130902_163856_432_000000_0282_0338-Prosome_mask.png","20130902_163856_432_000000_0282_0338.bmp-Lipid_mask.png","MlongMdorsEx","ArcticNet2013","Peelsound 1",1,"9/2/2013",188,188,"False",0.684357541899441,925,0.073470102332519,884,0.069014314606891,35344
"1535",2179,"20130902 163903 563 000001 0722 0202","20130902 163903 563 000001 0722 0202.bmp","20130902_163903_563_000001_0722_0202-Prosome_mask.png","20130902_163903_563_000001_0722_0202.bmp-Lipid_mask.png","ChypFdorsEXT","ArcticNet2013","Peelsound 1",1,"9/2/2013",560,492,"False",0.844273186287536,7227,1.25371022842874,6653,1.11840535007604,275520
"1536",2180,"20130902 163903 762 000000 0266 0094","20130902 163903 762 000000 0266 0094.bmp","20130902_163903_762_000000_0266_0094-Prosome_mask.png","20130902_163903_762_000000_0266_0094.bmp-Lipid_mask.png","ChypVdorsext","ArcticNet2013","Peelsound 1",1,"9/2/2013",492,460,"False",0.596271826333176,3360,0.435695682526028,3405,0.443768706927377,226320
"1537",2182,"20130902 163907 999 000005 0465 0742","20130902 163907 999 000005 0465 0742.bmp","20130902_163907_999_000005_0465_0742-Prosome_mask.png","20130902_163907_999_000005_0465_0742.bmp-Lipid_mask.png","ChypIVlat","ArcticNet2013","Peelsound 1",1,"9/2/2013",254,214,"False",0.898709677419355,3081,0.386571290604004,2805,0.339611515710297,54356
"1538",2184,"20130902 163909 866 000001 0965 0858","20130902 163909 866 000001 0965 0858.bmp","20130902_163909_866_000001_0965_0858-Prosome_mask.png","20130902_163909_866_000001_0965_0858.bmp-Lipid_mask.png","ChypIIIdorEX","ArcticNet2013","Peelsound 1",1,"9/2/2013",123,231,"False",0.696594427244582,1077,0.090634329056293,1115,0.095076759347916,28413
"1539",2187,"20130902 163916 124 000000 0130 0450","20130902 163916 124 000000 0130 0450.bmp","20130902_163916_124_000000_0130_0450-Prosome_mask.png","20130902_163916_124_000000_0130_0450.bmp-Lipid_mask.png","CglacIVdors","ArcticNet2013","Peelsound 1",1,"9/2/2013",372,180,"False",0.523809523809524,814,0.061588089513763,1554,0.150327160255852,66960
"1540",2188,"20130902 163916 646 000000 0423 0397","20130902 163916 646 000000 0423 0397.bmp","20130902_163916_646_000000_0423_0397-Prosome_mask.png","20130902_163916_646_000000_0423_0397.bmp-Lipid_mask.png","MlongFdorsEx","ArcticNet2013","Peelsound 1",1,"9/2/2013",208,247,"False",0.6,785,0.05858078403129,1183,0.103170135554082,51376
"1541",2189,"20130902 163917 146 000000 0025 0389","20130902 163917 146 000000 0025 0389.bmp","20130902_163917_146_000000_0025_0389-Prosome_mask.png","20130902_163917_146_000000_0025_0389.bmp-Lipid_mask.png","MlongFdorsEx","ArcticNet2013","Peelsound 1",1,"9/2/2013",242,217,"False",0.7581317764804,931,0.074128568466076,1177,0.102448728403206,52514
"1542",2191,"20130902 163917 999 000000 0385 0198","20130902 163917 999 000000 0385 0198.bmp","20130902_163917_999_000000_0385_0198-Prosome_mask.png","20130902_163917_999_000000_0385_0198.bmp-Lipid_mask.png","CglacFantF","ArcticNet2013","Peelsound 1",1,"9/2/2013",148,470,"False",0.715290633098852,2440,0.280177343956671,2193,0.241806719557648,69560
"1543",2193,"20130902 163924 510 000001 0431 0142","20130902 163924 510 000001 0431 0142.bmp","20130902_163924_510_000001_0431_0142-Prosome_mask.png","20130902_163924_510_000001_0431_0142.bmp-Lipid_mask.png","ChypFlat","ArcticNet2013","Peelsound 1",1,"9/2/2013",214,414,"False",0.851288707583905,4842,0.721388570221408,5142,0.783785659840711,88596
"1544",2195,"20130902 163924 743 000002 0927 0530","20130902 163924 743 000002 0927 0530.bmp","20130902_163924_743_000002_0927_0530-Prosome_mask.png","20130902_163924_743_000002_0927_0530.bmp-Lipid_mask.png","ChypIVdorsEX","ArcticNet2013","Peelsound 1",1,"9/2/2013",301,226,"False",0.809947643979058,1698,0.169882662983146,1759,0.178361826895598,68026
"1545",2197,"20130902 163929 019 000000 0394 0290","20130902 163929 019 000000 0394 0290.bmp","20130902_163929_019_000000_0394_0290-Prosome_mask.png","20130902_163929_019_000000_0394_0290.bmp-Lipid_mask.png","ChypVlat","ArcticNet2013","Peelsound 1",1,"9/2/2013",132,340,"False",0.90167865707434,4055,0.564758060848333,3875,0.530456785280324,44880
"1546",2198,"20130902 163929 441 000000 0547 0761","20130902 163929 441 000000 0547 0761.bmp","20130902_163929_441_000000_0547_0761-Prosome_mask.png","20130902_163929_441_000000_0547_0761.bmp-Lipid_mask.png","MlongFdorsEx","ArcticNet2013","Peelsound 1",1,"9/2/2013",252,203,"False",0.673712021136063,1232,0.109113335095633,1302,0.117760112478721,51156
"1547",2199,"20130902 163930 607 000000 0303 0285","20130902 163930 607 000000 0303 0285.bmp","20130902_163930_607_000000_0303_0285-Prosome_mask.png","20130902_163930_607_000000_0303_0285.bmp-Lipid_mask.png","MlongFdorsEx","ArcticNet2013","Peelsound 1",1,"9/2/2013",322,143,"False",0.480295566502463,612,0.041548181116984,1191,0.104134175892521,46046
"1548",2200,"20130902 163930 640 000000 0943 0269","20130902 163930 640 000000 0943 0269.bmp","20130902_163930_640_000000_0943_0269-Prosome_mask.png","20130902_163930_640_000000_0943_0269.bmp-Lipid_mask.png","MlongFdorsEx","ArcticNet2013","Peelsound 1",1,"9/2/2013",247,158,"False",0.585955056179775,1195,0.104617120645489,1628,0.160294317361928,39026
"1549",2201,"20130902 163931 207 000000 0187 0529","20130902 163931 207 000000 0187 0529.bmp","20130902_163931_207_000000_0187_0529-Prosome_mask.png","20130902_163931_207_000000_0187_0529.bmp-Lipid_mask.png","CglacVdorsex","ArcticNet2013","Peelsound 1",1,"9/2/2013",436,238,"False",0.646185355862775,1689,0.168641311105801,1526,0.146602140024435,103768
"1550",2202,"20130902 163932 085 000000 0994 0234","20130902 163932 085 000000 0994 0234.bmp","20130902_163932_085_000000_0994_0234-Prosome_mask.png","20130902_163932_085_000000_0994_0234.bmp-Lipid_mask.png","MlongFdorsEx","ArcticNet2013","Peelsound 1",1,"9/2/2013",204,228,"False",0.598269468479604,1574,0.153003574933896,1012,0.083173343635993,46512
"1551",2203,"20130902 163932 740 000000 0911 0342","20130902 163932 740 000000 0911 0342.bmp","20130902_163932_740_000000_0911_0342-Prosome_mask.png","20130902_163932_740_000000_0911_0342.bmp-Lipid_mask.png","MlongFlat","ArcticNet2013","Peelsound 1",1,"9/2/2013",162,180,"False",0.572359843546284,1375,0.126967561001968,1037,0.086022039963792,29160
"1552",2205,"20130902 163939 870 000001 0867 0186","20130902 163939 870 000001 0867 0186.bmp","20130902_163939_870_000001_0867_0186-Prosome_mask.png","20130902_163939_870_000001_0867_0186.bmp-Lipid_mask.png","ChypIVdorsEX","ArcticNet2013","Peelsound 1",1,"9/2/2013",226,207,"False",0.800354400472534,1568,0.152199285657132,1480,0.140538793479672,46782
"1553",2206,"20130902 163942 580 000000 0378 0774","20130902 163942 580 000000 0378 0774.bmp","20130902_163942_580_000000_0378_0774-Prosome_mask.png","20130902_163942_580_000000_0378_0774.bmp-Lipid_mask.png","ChypIVlat","ArcticNet2013","Peelsound 1",1,"9/2/2013",196,140,"False",0.480073293632616,1091,0.092264197651635,2140,0.233779303709296,27440
"1554",2207,"20130902 163942 802 000000 0087 0633","20130902 163942 802 000000 0087 0633.bmp","20130902_163942_802_000000_0087_0633-Prosome_mask.png","20130902_163942_802_000000_0087_0633.bmp-Lipid_mask.png","MlongFdorsEx","ArcticNet2013","Peelsound 1",1,"9/2/2013",247,292,"False",0.587067209775967,1516,0.14527803309906,1601,0.156637265068331,72124
"1555",2208,"20130902 163944 235 000001 0267 0674","20130902 163944 235 000001 0267 0674.bmp","20130902_163944_235_000001_0267_0674-Prosome_mask.png","20130902_163944_235_000001_0267_0674.bmp-Lipid_mask.png","CglacVdorsex","ArcticNet2013","Peelsound 1",1,"9/2/2013",222,184,"False",0.704491725768322,1761,0.178641750127612,1844,0.190364130121949,40848
"1556",2210,"20130902 163944 602 000000 0107 0050","20130902 163944 602 000000 0107 0050.bmp","20130902_163944_602_000000_0107_0050-Prosome_mask.png","20130902_163944_602_000000_0107_0050.bmp-Lipid_mask.png","ChypIVlat","ArcticNet2013","Peelsound 1",1,"9/2/2013",139,203,"False",0.334832904884319,672,0.047272073299562,1405,0.130806215571174,28217
"1557",2211,"20130902 163945 001 000000 0091 0074","20130902 163945 001 000000 0091 0074.bmp","20130902_163945_001_000000_0091_0074-Prosome_mask.png","20130902_163945_001_000000_0091_0074.bmp-Lipid_mask.png","MlongMdorsEx","ArcticNet2013","Peelsound 1",1,"9/2/2013",196,229,"False",0.642335766423358,555,0.036304408917647,570,0.037665380093653,44884
"1558",2212,"20130902 163946 734 000001 0151 0114","20130902 163946 734 000001 0151 0114.bmp","20130902_163946_734_000001_0151_0114-Prosome_mask.png","20130902_163946_734_000001_0151_0114.bmp-Lipid_mask.png","CglacVlat","ArcticNet2013","Peelsound 1",1,"9/2/2013",233,124,"False",0.902609802673456,3075,0.38553278833909,2903,0.356093431718447,28892
"1559",2213,"20130902 163946 768 000001 0387 0114","20130902 163946 768 000001 0387 0114.bmp","20130902_163946_768_000001_0387_0114-Prosome_mask.png","20130902_163946_768_000001_0387_0114.bmp-Lipid_mask.png","CglacVlat","ArcticNet2013","Peelsound 1",1,"9/2/2013",226,124,"False",0.904791929382093,3023,0.376564778732809,3019,0.375877344113591,28024
"1560",2214,"20130902 163948 634 000001 0343 0290","20130902 163948 634 000001 0343 0290.bmp","20130902_163948_634_000001_0343_0290-Prosome_mask.png","20130902_163948_634_000001_0343_0290.bmp-Lipid_mask.png","ChypIVlat","ArcticNet2013","Peelsound 1",1,"9/2/2013",331,158,"False",0.840555555555556,3568,0.473348865590964,3058,0.382594548394557,52298
"1561",2215,"20130902 163948 878 000000 0778 0474","20130902 163948 878 000000 0778 0474.bmp","20130902_163948_878_000000_0778_0474-Prosome_mask.png","20130902_163948_878_000000_0778_0474.bmp-Lipid_mask.png","ChypFlat","ArcticNet2013","Peelsound 1",1,"9/2/2013",152,440,"False",0.725267379679144,4372,0.626575868985026,5952,0.959113241009442,66880
"1562",2216,"20130902 163949 001 000003 0067 0566","20130902 163949 001 000003 0067 0566.bmp","20130902_163949_001_000003_0067_0566-Prosome_mask.png","20130902_163949_001_000003_0067_0566.bmp-Lipid_mask.png","ChypIVdorsEX","ArcticNet2013","Peelsound 1",1,"9/2/2013",233,316,"False",0.778133333333333,1537,0.148062470221081,1797,0.183700949042939,73628
"1563",2219,"20130902 163951 066 000001 0599 0378","20130902 163951 066 000001 0599 0378.bmp","20130902_163951_066_000001_0599_0378-Prosome_mask.png","20130902_163951_066_000001_0599_0378.bmp-Lipid_mask.png","ChypIVdorsEX","ArcticNet2013","Peelsound 1",1,"9/2/2013",252,391,"False",0.769230769230769,1555,0.150460671737101,1757,0.17808202458214,98532
"1564",2220,"20130902 164003 927 000005 0415 0590","20130902 164003 927 000005 0415 0590.bmp","20130902_164003_927_000005_0415_0590-Prosome_mask.png","20130902_164003_927_000005_0415_0590.bmp-Lipid_mask.png","ChypIVlat","ArcticNet2013","Peelsound 1",1,"9/2/2013",154,226,"False",0.85054347826087,2397,0.273386421636758,2370,0.269145901631142,34804
"1565",2221,"20130902 164011 935 000001 0586 0770","20130902 164011 935 000001 0586 0770.bmp","20130902_164011_935_000001_0586_0770-Prosome_mask.png","20130902_164011_935_000001_0586_0770.bmp-Lipid_mask.png","CglacVlat","ArcticNet2013","Peelsound 1",1,"9/2/2013",112,272,"False",0.80391243595715,2083,0.225230004806092,1790,0.18271417290291,30464
"1566",2222,"20130902 164012 257 000000 0031 0497","20130902 164012 257 000000 0031 0497.bmp","20130902_164012_257_000000_0031_0497-Prosome_mask.png","20130902_164012_257_000000_0031_0497.bmp-Lipid_mask.png","CglacIVdors","ArcticNet2013","Peelsound 1",1,"9/2/2013",222,460,"False",0.573317998849914,1101,0.093433271096141,1635,0.161246225832011,102120
"1567",2224,"20130902 164013 924 000000 0335 0046","20130902 164013 924 000000 0335 0046.bmp","20130902_164013_924_000000_0335_0046-Prosome_mask.png","20130902_164013_924_000000_0335_0046.bmp-Lipid_mask.png","CglacFantF","ArcticNet2013","Peelsound 1",1,"9/2/2013",338,132,"False",0.5600624024961,1376,0.127095007868953,1624,0.159751067141542,44616
"1568",2225,"20130902 164014 325 000000 0112 0513","20130902 164014 325 000000 0112 0513.bmp","20130902_164014_325_000000_0112_0513-Prosome_mask.png","20130902_164014_325_000000_0112_0513.bmp-Lipid_mask.png","CglacFantF","ArcticNet2013","Peelsound 1",1,"9/2/2013",177,388,"False",0.776384535005225,2772,0.334110177701843,2328,0.262585995668035,68676
"1569",2226,"20130902 164023 853 000000 0025 0297","20130902 164023 853 000000 0025 0297.bmp","20130902_164023_853_000000_0025_0297-Prosome_mask.png","20130902_164023_853_000000_0025_0297.bmp-Lipid_mask.png","CglacVdorsex","ArcticNet2013","Peelsound 1",1,"9/2/2013",257,485,"False",0.811641067097817,3469,0.455320272769992,3254,0.416841807723332,124645
"1570",2227,"20130902 164026 563 000001 0454 0218","20130902 164026 563 000001 0454 0218.bmp","20130902_164026_563_000001_0454_0218-Prosome_mask.png","20130902_164026_563_000001_0454_0218.bmp-Lipid_mask.png","ChypFlat","ArcticNet2013","Peelsound 1",1,"9/2/2013",440,228,"False",0.793906810035842,5706,0.904842294740003,5305,0.818278026996358,100320
"1571",2228,"20130902 164026 596 000000 1030 0066","20130902 164026 596 000000 1030 0066.bmp","20130902_164026_596_000000_1030_0066-Prosome_mask.png","20130902_164026_596_000000_1030_0066.bmp-Lipid_mask.png","ChypFlat","ArcticNet2013","Peelsound 1",1,"9/2/2013",456,152,"False",0.505963183821623,4018,0.557659057362694,7599,1.34362769502264,69312
"1572",2229,"20130902 164026 796 000002 0950 0606","20130902 164026 796 000002 0950 0606.bmp","20130902_164026_796_000002_0950_0606-Prosome_mask.png","20130902_164026_796_000002_0950_0606.bmp-Lipid_mask.png","ChypIVdorsEX","ArcticNet2013","Peelsound 1",1,"9/2/2013",240,320,"False",0.795342588446037,1841,0.189936872093566,2168,0.238010905736494,76800
"1573",2230,"20130902 164034 793 000000 0934 0418","20130902 164034 793 000000 0934 0418.bmp","20130902_164034_793_000000_0934_0418-Prosome_mask.png","20130902_164034_793_000000_0934_0418.bmp-Lipid_mask.png","MlongFlat","ArcticNet2013","Peelsound 1",1,"9/2/2013",192,172,"False",0.368573079145003,1394,0.129395055548002,975,0.07900624537237,33024
"1574",2231,"20130902 164037 958 000000 0714 0322","20130902 164037 958 000000 0714 0322.bmp","20130902_164037_958_000000_0714_0322-Prosome_mask.png","20130902_164037_958_000000_0714_0322.bmp-Lipid_mask.png","ChypIVlat","ArcticNet2013","Peelsound 1",1,"9/2/2013",164,192,"False",0.775573192239859,1790,0.18271417290291,2237,0.248527305693906,31488
"1575",2232,"20130902 164041 923 000001 0890 0262","20130902 164041 923 000001 0890 0262.bmp","20130902_164041_923_000001_0890_0262-Prosome_mask.png","20130902_164041_923_000001_0890_0262.bmp-Lipid_mask.png","ChypIVdorsEX","ArcticNet2013","Peelsound 1",1,"9/2/2013",220,240,"False",0.707699852869053,1647,0.16288167262245,1835,0.189083149770238,52800
"1576",2233,"20130902 164046 288 000001 0290 0750","20130902 164046 288 000001 0290 0750.bmp","20130902_164046_288_000001_0290_0750-Prosome_mask.png","20130902_164046_288_000001_0290_0750.bmp-Lipid_mask.png","CglacVdorsex","ArcticNet2013","Peelsound 1",1,"9/2/2013",196,236,"False",0.707811348563007,2655,0.314806795548068,1980,0.210006634988563,46256
"1577",2234,"20130902 164046 322 000004 0886 0722","20130902 164046 322 000004 0886 0722.bmp","20130902_164046_322_000004_0886_0722-Prosome_mask.png","20130902_164046_322_000004_0886_0722.bmp-Lipid_mask.png","CglacVdors","ArcticNet2013","Peelsound 1",1,"9/2/2013",176,236,"False",0.740863787375415,2192,0.241654569827001,2000,0.212939606698769,41536
"1578",2235,"20130902 164046 655 000000 0130 0126","20130902 164046 655 000000 0130 0126.bmp","20130902_164046_655_000000_0130_0126-Prosome_mask.png","20130902_164046_655_000000_0130_0126.bmp-Lipid_mask.png","ChypIVlat","ArcticNet2013","Peelsound 1",1,"9/2/2013",216,148,"False",0.437408670238675,1155,0.099815547163999,1796,0.183559891445378,31968
"1579",2236,"20130902 164047 021 000000 0114 0150","20130902 164047 021 000000 0114 0150.bmp","20130902_164047_021_000000_0114_0150-Prosome_mask.png","20130902_164047_021_000000_0114_0150.bmp-Lipid_mask.png","MlongMdorsEx","ArcticNet2013","Peelsound 1",1,"9/2/2013",244,208,"False",0.769590643274854,715,0.051496461863472,798,0.059923758299271,50752
"1580",2237,"20130902 164048 787 000001 0174 0190","20130902 164048 787 000001 0174 0190.bmp","20130902_164048_787_000001_0174_0190-Prosome_mask.png","20130902_164048_787_000001_0174_0190.bmp-Lipid_mask.png","CglacVlat","ArcticNet2013","Peelsound 1",1,"9/2/2013",132,248,"False",0.908602150537634,3473,0.456044953776476,3272,0.420027185922272,32736
"1581",2238,"20130902 164048 821 000001 0410 0190","20130902 164048 821 000001 0410 0190.bmp","20130902_164048_821_000001_0410_0190-Prosome_mask.png","20130902_164048_821_000001_0410_0190.bmp-Lipid_mask.png","CglacVlat","ArcticNet2013","Peelsound 1",1,"9/2/2013",132,240,"False",0.915968732551647,3438,0.449714776276756,3425,0.447369784347656,31680
"1582",2240,"20130902 164051 053 000003 0090 0642","20130902 164051 053 000003 0090 0642.bmp","20130902_164051_053_000003_0090_0642-Prosome_mask.png","20130902_164051_053_000003_0090_0642.bmp-Lipid_mask.png","ChypIVdorsEX","ArcticNet2013","Peelsound 1",1,"9/2/2013",336,248,"False",0.903753609239653,1927,0.202288791464277,2029,0.217212232095263,83328
"1583",2242,"20130902 164053 119 000001 0622 0454","20130902 164053 119 000001 0622 0454.bmp","20130902_164053_119_000001_0622_0454-Prosome_mask.png","20130902_164053_119_000001_0622_0454.bmp-Lipid_mask.png","ChypIVdorsEX","ArcticNet2013","Peelsound 1",1,"9/2/2013",416,268,"False",0.764224473889322,2559,0.299207205574333,1968,0.208252240942332,111488
"1584",2243,"20130902 164105 947 000003 0510 0798","20130902 164105 947 000003 0510 0798.bmp","20130902_164105_947_000003_0510_0798-Prosome_mask.png","20130902_164105_947_000003_0510_0798.bmp-Lipid_mask.png","ChypIVlat","ArcticNet2013","Peelsound 1",1,"9/2/2013",148,184,"False",0.620489423475736,1612,0.158124368934161,2295,0.257463201669624,27232
"1585",2244,"20130902 164105 980 000005 0438 0666","20130902 164105 980 000005 0438 0666.bmp","20130902_164105_980_000005_0438_0666-Prosome_mask.png","20130902_164105_980_000005_0438_0666.bmp-Lipid_mask.png","ChypIVlat","ArcticNet2013","Peelsound 1",1,"9/2/2013",240,164,"False",0.853360488798371,2809,0.340280023141734,2651,0.314152469398862,39360
"1586",2246,"20130902 164115 743 000002 0282 0306","20130902 164115 743 000002 0282 0306.bmp","20130902_164115_743_000002_0282_0306-Prosome_mask.png","20130902_164115_743_000002_0282_0306.bmp-Lipid_mask.png","ChypIVdorsEX","ArcticNet2013","Peelsound 1",1,"9/2/2013",288,232,"False",0.534591194968553,1113,0.094841492629727,1815,0.186245077085809,66816
"1587",2247,"20130902 164115 977 000000 0358 0122","20130902 164115 977 000000 0358 0122.bmp","20130902_164115_977_000000_0358_0122-Prosome_mask.png","20130902_164115_977_000000_0358_0122.bmp-Lipid_mask.png","CglacFantF","ArcticNet2013","Peelsound 1",1,"9/2/2013",140,360,"False",0.716884593519045,1442,0.135583584963578,1578,0.153540415672038,50400
"1588",2248,"20130902 164115 998 000001 0212 0422","20130902 164115 998 000001 0212 0422.bmp","20130902_164115_998_000001_0212_0422-Prosome_mask.png","20130902_164115_998_000001_0212_0422.bmp-Lipid_mask.png","CglacFantF","ArcticNet2013","Peelsound 1",1,"9/2/2013",177,388,"False",0.691964285714286,2299,0.258082664562789,2628,0.310397383418768,68676
"1589",2250,"20130902 164137 999 000001 0791 0309","20130902 164137 999 000001 0791 0309.bmp","20130902_164137_999_000001_0791_0309-Prosome_mask.png","20130902_164137_999_000001_0791_0309.bmp-Lipid_mask.png","ChypIVdorsEX","ArcticNet2013","Peelsound 1",1,"9/2/2013",296,272,"False",0.713766233766234,1548,0.149526777340623,1751,0.177243344007092,80512
"1590",2252,"20130902 164203 913 000002 0027 0801","20130902 164203 913 000002 0027 0801.bmp","20130902_164203_913_000002_0027_0801-Prosome_mask.png","20130902_164203_913_000002_0027_0801.bmp-Lipid_mask.png","ChypIIIdorEX","ArcticNet2013","Peelsound 1",1,"9/2/2013",212,188,"False",0.700369913686806,1219,0.107527653182657,1539,0.148328412591792,39856
"1591",2255,"20130902 220553 114 000000 0881 0266","20130902 220553 114 000000 0881 0266.bmp","20130902_220553_114_000000_0881_0266-Prosome_mask.png","20130902_220553_114_000000_0881_0266.bmp-Lipid_mask.png","ChypVlat","ArcticNet2013","Peelsound 1",2,"9/2/2013",314,261,"True",0.881591562799616,4005,0.555170692671938,3845,0.524797803275089,81954
"1592",2256,"20130902 220554 513 000000 0705 0226","20130902 220554 513 000000 0705 0226.bmp","20130902_220554_513_000000_0705_0226-Prosome_mask.png","20130902_220554_513_000000_0705_0226.bmp-Lipid_mask.png","ChypFlat","ArcticNet2013","Peelsound 1",2,"9/2/2013",445,224,"True",0.892249215005784,5556,0.872181640949736,5894,0.946239416547058,99680
"1593",2258,"20130902 220603 743 000000 0101 0642","20130902 220603 743 000000 0101 0642.bmp","20130902_220603_743_000000_0101_0642-Prosome_mask.png","20130902_220603_743_000000_0101_0642.bmp-Lipid_mask.png","ChypVlat","ArcticNet2013","Peelsound 1",2,"9/2/2013",326,235,"True",0.812783505154639,4065,0.566680948926645,4727,0.697851770623384,76610
"1594",2259,"20130902 220604 309 000000 0357 0562","20130902 220604 309 000000 0357 0562.bmp","20130902_220604_309_000000_0357_0562-Prosome_mask.png","20130902_220604_309_000000_0357_0562.bmp-Lipid_mask.png","ChypFlat","ArcticNet2013","Peelsound 1",2,"9/2/2013",373,413,"True",0.814632430531129,8393,1.54113548917491,7084,1.21960572979598,154049
"1595",2260,"20130902 220614 472 000000 0473 0366","20130902 220614 472 000000 0473 0366.bmp","20130902_220614_472_000000_0473_0366-Prosome_mask.png","20130902_220614_472_000000_0473_0366.bmp-Lipid_mask.png","CglacFdorsS","ArcticNet2013","Peelsound 1",2,"9/2/2013",394,450,"True",0.795316341053176,6359,1.05077959833747,7517,1.32366026791003,177300
"1596",2263,"20130902 220643 001 000000 0187 0750","20130902 220643 001 000000 0187 0750.bmp","20130902_220643_001_000000_0187_0750-Prosome_mask.png","20130902_220643_001_000000_0187_0750.bmp-Lipid_mask.png","ChypVlat","ArcticNet2013","Peelsound 1",2,"9/2/2013",331,102,"True",0.692573402417962,2366,0.268519231256291,2534,0.295180848045686,33762
"1597",2264,"20130902 220643 310 000000 0099 0546","20130902 220643 310 000000 0099 0546.bmp","20130902_220643_310_000000_0099_0546-Prosome_mask.png","20130902_220643_310_000000_0099_0546.bmp-Lipid_mask.png","ChypVlat","ArcticNet2013","Peelsound 1",2,"9/2/2013",327,120,"True",0.884189031505251,3298,0.424640050053539,3161,0.400491089399009,39240
"1598",2265,"20130902 220649 008 000000 0831 0114","20130902 220649 008 000000 0831 0114.bmp","20130902_220649_008_000000_0831_0114-Prosome_mask.png","20130902_220649_008_000000_0831_0114.bmp-Lipid_mask.png","ChypVlat","ArcticNet2013","Peelsound 1",2,"9/2/2013",188,278,"True",0.87372525494901,3071,0.384840881064101,3176,0.403116091853546,52264
"1599",2266,"20130902 220650 407 000000 0655 0074","20130902 220650 407 000000 0655 0074.bmp","20130902_220650_407_000000_0655_0074-Prosome_mask.png","20130902_220650_407_000000_0655_0074.bmp-Lipid_mask.png","ChypFlat","ArcticNet2013","Peelsound 1",2,"9/2/2013",162,395,"True",0.842430278884462,4309,0.614150225169846,4940,0.741614552197091,63990
"1600",2267,"20130902 220659 286 000000 0469 0882","20130902 220659 286 000000 0469 0882.bmp","20130902_220659_286_000000_0469_0882-Prosome_mask.png","20130902_220659_286_000000_0469_0882.bmp-Lipid_mask.png","MlongFdors","ArcticNet2013","Peelsound 1",2,"9/2/2013",140,241,"True",0.001132075471698,953,0.07655670910926,1700,0.170158859128824,33740
"1601",2268,"20130902 220700 203 000000 0307 0410","20130902 220700 203 000000 0307 0410.bmp","20130902_220700_203_000000_0307_0410-Prosome_mask.png","20130902_220700_203_000000_0307_0410.bmp-Lipid_mask.png","ChypFlat","ArcticNet2013","Peelsound 1",2,"9/2/2013",297,331,"True",0.862248932468765,5706,0.904842294740003,6069,0.985227903346621,98307
"1602",2271,"20130902 220711 348 000000 0461 0530","20130902 220711 348 000000 0461 0530.bmp","20130902_220711_348_000000_0461_0530-Prosome_mask.png","20130902_220711_348_000000_0461_0530.bmp-Lipid_mask.png","MlongFlat","ArcticNet2013","Peelsound 1",2,"9/2/2013",106,282,"True",0.736206896551724,940,0.075119292949558,1074,0.090286114181454,29892
"1603",2272,"20130902 220717 212 000000 0761 0218","20130902 220717 212 000000 0761 0218.bmp","20130902_220717_212_000000_0761_0218-Prosome_mask.png","20130902_220717_212_000000_0761_0218.bmp-Lipid_mask.png","ChypFlat","ArcticNet2013","Peelsound 1",2,"9/2/2013",187,492,"True",0.792965398913354,5576,0.876517253825277,6964,1.19118755031866,92004
"1604",2273,"20130902 220717 846 000000 0225 0378","20130902 220717 846 000000 0225 0378.bmp","20130902_220717_846_000000_0225_0378-Prosome_mask.png","20130902_220717_846_000000_0225_0378.bmp-Lipid_mask.png","ChypFlat","ArcticNet2013","Peelsound 1",2,"9/2/2013",288,549,"True",0.575710479573712,7402,1.29579644764887,6792,1.15077878826113,158112
"1605",2274,"20130902 220725 476 000000 0753 0770","20130902 220725 476 000000 0753 0770.bmp","20130902_220725_476_000000_0753_0770-Prosome_mask.png","20130902_220725_476_000000_0753_0770.bmp-Lipid_mask.png","MlongFlat","ArcticNet2013","Peelsound 1",2,"9/2/2013",174,214,"True",0.700176366843033,425,0.025119545488545,539,0.03486804112393,37236
"1606",2275,"20130902 220741 836 000000 0169 0262","20130902 220741 836 000000 0169 0262.bmp","20130902_220741_836_000000_0169_0262-Prosome_mask.png","20130902_220741_836_000000_0169_0262.bmp-Lipid_mask.png","MlongFlat","ArcticNet2013","Peelsound 1",2,"9/2/2013",136,256,"True",0.528258362168397,1389,0.1287550146744,1261,0.112673522814137,34816
"1607",2276,"20130902 220745 030 000000 0210 0826","20130902 220745 030 000000 0210 0826.bmp","20130902_220745_030_000000_0210_0826-Prosome_mask.png","20130902_220745_030_000000_0210_0826.bmp-Lipid_mask.png","ChypVlat","ArcticNet2013","Peelsound 1",2,"9/2/2013",108,352,"True",0.664065271372827,2331,0.263053079913774,2360,0.267579980448839,38016
"1608",2277,"20130902 220745 363 000000 0122 0622","20130902 220745 363 000000 0122 0622.bmp","20130902_220745_363_000000_0122_0622-Prosome_mask.png","20130902_220745_363_000000_0122_0622.bmp-Lipid_mask.png","ChypVlat","ArcticNet2013","Peelsound 1",2,"9/2/2013",128,348,"True",0.919756355932203,3748,0.506615504719439,3501,0.461126590751348,44544
"1609",2278,"20130902 220746 700 000000 0465 0274","20130902 220746 700 000000 0465 0274.bmp","20130902_220746_700_000000_0465_0274-Prosome_mask.png","20130902_220746_700_000000_0465_0274.bmp-Lipid_mask.png","CglacIVdors","ArcticNet2013","Peelsound 1",2,"9/2/2013",178,161,"True",0.692635163899532,2325,0.262119140093175,1651,0.163427830189685,28658
"1610",2279,"20130902 220750 066 000001 0797 0414","20130902 220750 066 000001 0797 0414.bmp","20130902_220750_066_000001_0797_0414-Prosome_mask.png","20130902_220750_066_000001_0797_0414.bmp-Lipid_mask.png","CglacVdorsex","ArcticNet2013","Peelsound 1",2,"9/2/2013",310,444,"True",0.890606699461232,4097,0.572846262387516,3974,0.549249290007643,137640
"1611",2280,"20130902 220751 061 000000 0854 0190","20130902 220751 061 000000 0854 0190.bmp","20130902_220751_061_000000_0854_0190-Prosome_mask.png","20130902_220751_061_000000_0854_0190.bmp-Lipid_mask.png","ChypVlat","ArcticNet2013","Peelsound 1",2,"9/2/2013",296,200,"True",0.832899531494014,3530,0.466406019665517,3512,0.463127184206067,59200
"1612",2281,"20130902 220752 460 000000 0678 0150","20130902 220752 460 000000 0678 0150.bmp","20130902_220752_460_000000_0678_0150-Prosome_mask.png","20130902_220752_460_000000_0678_0150.bmp-Lipid_mask.png","ChypFlat","ArcticNet2013","Peelsound 1",2,"9/2/2013",420,172,"True",0.84805712387911,5794,0.924156177665343,5335,0.824670688066901,72240
"1613",2282,"20130902 220759 662 000000 0449 0362","20130902 220759 662 000000 0449 0362.bmp","20130902_220759_662_000000_0449_0362-Prosome_mask.png","20130902_220759_662_000000_0449_0362.bmp-Lipid_mask.png","MlongMdorsEx","ArcticNet2013","Peelsound 1",2,"9/2/2013",140,261,"True",0.664021164021164,895,0.070202219401012,992,0.080913532360535,36540
"1614",2283,"20130902 220759 728 000001 0165 0202","20130902 220759 728 000001 0165 0202.bmp","20130902_220759_728_000001_0165_0202-Prosome_mask.png","20130902_220759_728_000001_0165_0202.bmp-Lipid_mask.png","CglacFdorsS","ArcticNet2013","Peelsound 1",2,"9/2/2013",352,470,"True",0.735851262862488,7692,1.3663729440932,7153,1.2360294090957,165440
"1615",2284,"20130902 220801 690 000000 0074 0566","20130902 220801 690 000000 0074 0566.bmp","20130902_220801_690_000000_0074_0566-Prosome_mask.png","20130902_220801_690_000000_0074_0566.bmp-Lipid_mask.png","ChypVlat","ArcticNet2013","Peelsound 1",2,"9/2/2013",308,180,"True",0.878185745140389,4557,0.663455980148606,4139,0.580966033683766,55440
"1616",2285,"20130902 220802 256 000000 0330 0486","20130902 220802 256 000000 0330 0486.bmp","20130902_220802_256_000000_0330_0486-Prosome_mask.png","20130902_220802_256_000000_0330_0486.bmp-Lipid_mask.png","ChypFlat","ArcticNet2013","Peelsound 1",2,"9/2/2013",352,316,"True",0.906110067889643,6678,1.12420912453746,6518,1.08720856482505,111232
"1617",2286,"20130902 220804 643 000000 0527 0314","20130902 220804 643 000000 0527 0314.bmp","20130902_220804_643_000000_0527_0314-Prosome_mask.png","20130902_220804_643_000000_0527_0314.bmp-Lipid_mask.png","ChypFlat","ArcticNet2013","Peelsound 1",2,"9/2/2013",432,162,"True",0.903332719572823,5044,0.763246218161943,5293,0.815724802199883,69984
"1618",2287,"20130902 220810 557 000000 0469 0582","20130902 220810 557 000000 0469 0582.bmp","20130902_220810_557_000000_0469_0582-Prosome_mask.png","20130902_220810_557_000000_0469_0582.bmp-Lipid_mask.png","ChypFlat","ArcticNet2013","Peelsound 1",2,"9/2/2013",204,543,"True",0.680798390840167,6393,1.05854066284143,4470,0.646040040209491,110772
"1619",2288,"20130902 220812 419 000000 0446 0290","20130902 220812 419 000000 0446 0290.bmp","20130902_220812_419_000000_0446_0290-Prosome_mask.png","20130902_220812_419_000000_0446_0290.bmp-Lipid_mask.png","CglacFdorsS","ArcticNet2013","Peelsound 1",2,"9/2/2013",372,344,"True",0.872550464122587,6315,1.04075925921864,6394,1.058769167382,127968
"1620",2289,"20130902 220813 106 000000 0711 0066","20130902 220813 106 000000 0711 0066.bmp","20130902_220813_106_000000_0711_0066-Prosome_mask.png","20130902_220813_106_000000_0711_0066.bmp-Lipid_mask.png","ChypFlat","ArcticNet2013","Peelsound 1",2,"9/2/2013",353,165,"True",0.862043251304996,4753,0.703154300564912,5235,0.803415267112648,58245
"1621",2290,"20130902 220813 740 000000 0175 0226","20130902 220813 740 000000 0175 0226.bmp","20130902_220813_740_000000_0175_0226-Prosome_mask.png","20130902_220813_740_000000_0175_0226.bmp-Lipid_mask.png","ChypFlat","ArcticNet2013","Peelsound 1",2,"9/2/2013",395,256,"True",0.668239668239668,5693,0.901998649347666,5973,0.96378624520341,101120
"1622",2291,"20130902 220815 355 000000 0749 0250","20130902 220815 355 000000 0749 0250.bmp","20130902_220815_355_000000_0749_0250-Prosome_mask.png","20130902_220815_355_000000_0749_0250.bmp-Lipid_mask.png","MlongFlat","ArcticNet2013","Peelsound 1",2,"9/2/2013",119,287,"True",0.609695973705834,1067,0.089475050540512,892,0.069877692069865,34153
"1623",2292,"20130902 220817 254 000000 0613 0290","20130902 220817 254 000000 0613 0290.bmp","20130902_220817_254_000000_0613_0290-Prosome_mask.png","20130902_220817_254_000000_0613_0290.bmp-Lipid_mask.png","MlongFlat","ArcticNet2013","Peelsound 1",2,"9/2/2013",233,147,"True",0.264486754966887,2286,0.256070910412146,769,0.056939467657881,34251
"1624",2295,"20130902 220836 846 000000 0705 0658","20130902 220836 846 000000 0705 0658.bmp","20130902_220836_846_000000_0705_0658-Prosome_mask.png","20130902_220836_846_000000_0705_0658.bmp-Lipid_mask.png","ChypFlat","ArcticNet2013","Peelsound 1",2,"9/2/2013",93,361,"True",0.772032249096469,2911,0.357448350324817,3463,0.454233846571603,33573
"1625",2297,"20130902 220838 512 000000 0485 0198","20130902 220838 512 000000 0485 0198.bmp","20130902_220838_512_000000_0485_0198-Prosome_mask.png","20130902_220838_512_000000_0485_0198.bmp-Lipid_mask.png","ChypFlat","ArcticNet2013","Peelsound 1",2,"9/2/2013",157,575,"True",0.671931735657226,4555,0.663054183836114,4654,0.683023201679258,90275
"1626",2298,"20130902 220843 144 000000 0561 0758","20130902 220843 144 000000 0561 0758.bmp","20130902_220843_144_000000_0561_0758-Prosome_mask.png","20130902_220843_144_000000_0561_0758.bmp-Lipid_mask.png","ChypIVlat","ArcticNet2013","Peelsound 1",2,"9/2/2013",165,376,"True",0.775370581527936,2125,0.231520996488146,2546,0.297111624985432,62040
"1627",2299,"20130902 220846 001 000001 0747 0262","20130902 220846 001 000001 0747 0262.bmp","20130902_220846_001_000001_0747_0262-Prosome_mask.png","20130902_220846_001_000001_0747_0262.bmp-Lipid_mask.png","CglacVdorsex","ArcticNet2013","Peelsound 1",2,"9/2/2013",320,274,"True",0.832841110454814,3126,0.394384499255693,3080,0.386398153479452,87680
"1628",2303,"20130902 220852 706 000000 0517 0754","20130902 220852 706 000000 0517 0754.bmp","20130902_220852_706_000000_0517_0754-Prosome_mask.png","20130902_220852_706_000000_0517_0754.bmp-Lipid_mask.png","MlongFlat","ArcticNet2013","Peelsound 1",2,"9/2/2013",187,224,"True",0.151242728714966,1020,0.084082049795089,1157,0.100054145878684,41888
"1629",2304,"20130902 220852 773 000000 1025 0606","20130902 220852 773 000000 1025 0606.bmp","20130902_220852_773_000000_1025_0606-Prosome_mask.png","20130902_220852_773_000000_1025_0606.bmp-Lipid_mask.png","MlongFlat","ArcticNet2013","Peelsound 1",2,"9/2/2013",199,214,"True",0.409589597724502,1598,0.156232363561887,1871,0.194221310562872,42586
"1630",2306,"20130902 220856 205 000000 0113 0346","20130902 220856 205 000000 0113 0346.bmp","20130902_220856_205_000000_0113_0346-Prosome_mask.png","20130902_220856_205_000000_0113_0346.bmp-Lipid_mask.png","CglacVdorsex","ArcticNet2013","Peelsound 1",2,"9/2/2013",276,298,"True",0.753491981376099,3535,0.467317936767653,3244,0.415075041898757,82248
"1631",2307,"20130902 220856 238 000000 0997 0318","20130902 220856 238 000000 0997 0318.bmp","20130902_220856_238_000000_0997_0318-Prosome_mask.png","20130902_220856_238_000000_0997_0318.bmp-Lipid_mask.png","ChypVdorsext","ArcticNet2013","Peelsound 1",2,"9/2/2013",288,396,"True",0.735239423523942,4225,0.597689901222687,3240,0.414368914490679,114048
"1632",2309,"20130902 220856 622 000001 0115 0050","20130902 220856 622 000001 0115 0050.bmp","20130902_220856_622_000001_0115_0050-Prosome_mask.png","20130902_220856_622_000001_0115_0050.bmp-Lipid_mask.png","CglacFdorsS","ArcticNet2013","Peelsound 1",2,"9/2/2013",338,312,"True",0.860553177477774,5571,0.875432795710217,5730,0.910098569803143,105456
"1633",2311,"20130902 220906 451 000000 0419 0430","20130902 220906 451 000000 0419 0430.bmp","20130902_220906_451_000000_0419_0430-Prosome_mask.png","20130902_220906_451_000000_0419_0430.bmp-Lipid_mask.png","ChypFlat","ArcticNet2013","Peelsound 1",2,"9/2/2013",391,180,"True",0.833980582524272,4762,0.704992364344319,4683,0.688903500162285,70380
"1634",2312,"20130902 220906 696 000000 0550 0390","20130902 220906 696 000000 0550 0390.bmp","20130902_220906_696_000000_0550_0390-Prosome_mask.png","20130902_220906_696_000000_0550_0390.bmp-Lipid_mask.png","ChypFlat","ArcticNet2013","Peelsound 1",2,"9/2/2013",172,460,"True",0.891721854304636,5787,0.922615739468758,5639,0.89021302459715,79120
"1635",2315,"20130902 220923 423 000000 0726 0694","20130902 220923 423 000000 0726 0694.bmp","20130902_220923_423_000000_0726_0694-Prosome_mask.png","20130902_220923_423_000000_0726_0694.bmp-Lipid_mask.png","MlongFlat","ArcticNet2013","Peelsound 1",2,"9/2/2013",164,164,"True",0.570747217806041,464,0.028355014044745,524,0.03353607479798,26896
"1636",2316,"20130902 220932 707 000000 0139 0642","20130902 220932 707 000000 0139 0642.bmp","20130902_220932_707_000000_0139_0642-Prosome_mask.png","20130902_220932_707_000000_0139_0642.bmp-Lipid_mask.png","CglacFlat","ArcticNet2013","Peelsound 1",2,"9/2/2013",180,199,"True",0.791422287390029,2513,0.291810347537875,2374,0.269772974050236,35820
"1637",2317,"20130902 220933 007 000000 1015 0314","20130902 220933 007 000000 1015 0314.bmp","20130902_220933_007_000000_1015_0314-Prosome_mask.png","20130902_220933_007_000000_1015_0314.bmp-Lipid_mask.png","ChypIVlat","ArcticNet2013","Peelsound 1",2,"9/2/2013",203,162,"True",0.623003194888179,1320,0.120012664679942,1728,0.174038532323664,32886
"1638",2319,"20130902 220939 038 000000 0511 0606","20130902 220939 038 000000 0511 0606.bmp","20130902_220939_038_000000_0511_0606-Prosome_mask.png","20130902_220939_038_000000_0511_0606.bmp-Lipid_mask.png","ChypIVlat","ArcticNet2013","Peelsound 1",2,"9/2/2013",271,147,"True",0.78098556495769,1777,0.180885478865001,1801,0.18426547764731,39837
"1639",2320,"20130902 220943 719 000000 0761 0386","20130902 220943 719 000000 0761 0386.bmp","20130902_220943_719_000000_0761_0386-Prosome_mask.png","20130902_220943_719_000000_0761_0386.bmp-Lipid_mask.png","MlongFlat","ArcticNet2013","Peelsound 1",2,"9/2/2013",199,194,"True",0.351302241066021,850,0.065378231867843,1381,0.127732769901306,38606
"1640",2322,"20130902 220945 518 000002 0677 0526","20130902 220945 518 000002 0677 0526.bmp","20130902_220945_518_000002_0677_0526-Prosome_mask.png","20130902_220945_518_000002_0677_0526.bmp-Lipid_mask.png","CglacFdorsS","ArcticNet2013","Peelsound 1",2,"9/2/2013",187,245,"True",0.819638768761129,3715,0.500470199528646,3438,0.449714776276756,45815
"1641",2324,"20130902 220946 851 000000 0089 0306","20130902 220946 851 000000 0089 0306.bmp","20130902_220946_851_000000_0089_0306-Prosome_mask.png","20130902_220946_851_000000_0089_0306.bmp-Lipid_mask.png","CglacVdorsex","ArcticNet2013","Peelsound 1",2,"9/2/2013",373,418,"True",0.514077669902913,2917,0.358465468465779,3321,0.42873219941191,155914
"1642",2325,"20130902 220947 667 000001 0331 0626","20130902 220947 667 000001 0331 0626.bmp","20130902_220947_667_000001_0331_0626-Prosome_mask.png","20130902_220947_667_000001_0331_0626.bmp-Lipid_mask.png","ChypVlat","ArcticNet2013","Peelsound 1",2,"9/2/2013",320,139,"True",0.755741127348643,2787,0.336607718622748,3100,0.389864948620609,44480
"1643",2326,"20130902 220948 013 000001 0770 0338","20130902 220948 013 000001 0770 0338.bmp","20130902_220948_013_000001_0770_0338-Prosome_mask.png","20130902_220948_013_000001_0770_0338.bmp-Lipid_mask.png","CglacVdorsex","ArcticNet2013","Peelsound 1",2,"9/2/2013",292,340,"True",0.774167343623071,2935,0.361521590738696,3617,0.482343017160796,99280
"1644",2327,"20130902 220948 600 000000 0467 0602","20130902 220948 600 000000 0467 0602.bmp","20130902_220948_600_000000_0467_0602-Prosome_mask.png","20130902_220948_600_000000_0467_0602.bmp-Lipid_mask.png","MlongFlat","ArcticNet2013","Peelsound 1",2,"9/2/2013",162,165,"True",0.380348652931854,717,0.051695350994762,1025,0.084651369352026,26730
"1645",2328,"20130902 220951 449 000001 0857 0598","20130902 220951 449 000001 0857 0598.bmp","20130902_220951_449_000001_0857_0598-Prosome_mask.png","20130902_220951_449_000001_0857_0598.bmp-Lipid_mask.png","CglacFdorsS","ArcticNet2013","Peelsound 1",2,"9/2/2013",229,319,"True",0.799306959283858,3281,0.421622376158315,2950,0.36407380744656,73051
"1646",2329,"20130902 220952 099 000000 0063 0194","20130902 220952 099 000000 0063 0194.bmp","20130902_220952_099_000000_0063_0194-Prosome_mask.png","20130902_220952_099_000000_0063_0194.bmp-Lipid_mask.png","CglacVdorsex","ArcticNet2013","Peelsound 1",2,"9/2/2013",214,244,"True",0.680811232449298,2290,0.256689449865105,3097,0.38934438602298,52216
"1647",2330,"20130902 220952 132 000000 0947 0166","20130902 220952 132 000000 0947 0166.bmp","20130902_220952_132_000000_0947_0166-Prosome_mask.png","20130902_220952_132_000000_0947_0166.bmp-Lipid_mask.png","ChypVdorsext","ArcticNet2013","Peelsound 1",2,"9/2/2013",286,256,"True",0.65847211208036,2805,0.339611515710297,3469,0.455320272769992,73216
"1648",2332,"20130902 220958 675 000001 0138 0126","20130902 220958 675 000001 0138 0126.bmp","20130902_220958_675_000001_0138_0126-Prosome_mask.png","20130902_220958_675_000001_0138_0126.bmp-Lipid_mask.png","CglacFdorsS","ArcticNet2013","Peelsound 1",2,"9/2/2013",332,360,"True",0.805412760810402,5340,0.825737462351185,6601,1.10636004871878,119520
"1649",2334,"20130902 220959 999 000000 0149 0310","20130902 220959 999 000000 0149 0310.bmp","20130902_220959_999_000000_0149_0310-Prosome_mask.png","20130902_220959_999_000000_0149_0310.bmp-Lipid_mask.png","MlongFlat","ArcticNet2013","Peelsound 1",2,"9/2/2013",225,172,"True",0.362913096695226,902,0.070961056914271,1325,0.120640454749976,38700
"1650",2335,"20130902 221000 001 000007 0119 0626","20130902 221000 001 000007 0119 0626.bmp","20130902_221000_001_000007_0119_0626-Prosome_mask.png","20130902_221000_001_000007_0119_0626.bmp-Lipid_mask.png","ChypIVlat","ArcticNet2013","Peelsound 1",2,"9/2/2013",158,211,"True",0.609815950920245,1434,0.134546647962492,1190,0.104013535897982,33338
"1651",2337,"20130902 221000 672 000005 0783 0626","20130902 221000 672 000005 0783 0626.bmp","20130902_221000_672_000005_0783_0626-Prosome_mask.png","20130902_221000_672_000005_0783_0626.bmp-Lipid_mask.png","ChypIVlat","ArcticNet2013","Peelsound 1",2,"9/2/2013",207,135,"True",0.787043664996421,2512,0.291650113622096,2481,0.28669491379133,27945
"1652",2339,"20130902 221002 999 000004 0225 0766","20130902 221002 999 000004 0225 0766.bmp","20130902_221002_999_000004_0225_0766-Prosome_mask.png","20130902_221002_999_000004_0225_0766.bmp-Lipid_mask.png","ChypIVlat","ArcticNet2013","Peelsound 1",2,"9/2/2013",136,256,"True",0.721158566519391,1679,0.167264976648689,1827,0.187946502753515,34816
"1653",2340,"20130902 221002 999 000005 0901 0782","20130902 221002 999 000005 0901 0782.bmp","20130902_221002_999_000005_0901_0782-Prosome_mask.png","20130902_221002_999_000005_0901_0782.bmp-Lipid_mask.png","ChypIVlat","ArcticNet2013","Peelsound 1",2,"9/2/2013",153,287,"True",0.475830407777478,1928,0.202433672654719,3537,0.467682840908513,43911
"1654",2341,"20130902 221003 077 000007 0169 0778","20130902 221003 077 000007 0169 0778.bmp","20130902_221003_077_000007_0169_0778-Prosome_mask.png","20130902_221003_077_000007_0169_0778.bmp-Lipid_mask.png","ChypIVlat","ArcticNet2013","Peelsound 1",2,"9/2/2013",237,220,"True",0.794299876084263,1346,0.12328698620215,1550,0.149793440897285,52140
"1655",2343,"20130902 221003 377 000005 0485 0834","20130902 221003 377 000005 0485 0834.bmp","20130902_221003_377_000005_0485_0834-Prosome_mask.png","20130902_221003_377_000005_0485_0834.bmp-Lipid_mask.png","ChypIIIdorEX","ArcticNet2013","Peelsound 1",2,"9/2/2013",225,157,"True",0.671418873048201,1026,0.084765360122343,1436,0.134805676640914,35325
"1656",2344,"20130902 221003 444 000004 0181 0770","20130902 221003 444 000004 0181 0770.bmp","20130902_221003_444_000004_0181_0770-Prosome_mask.png","20130902_221003_444_000004_0181_0770.bmp-Lipid_mask.png","MlongFdorsEx","ArcticNet2013","Peelsound 1",2,"9/2/2013",131,256,"True",0.145299145299145,1151,0.099338820748688,859,0.066335440842723,33536
"1657",2345,"20130902 221003 477 000003 0901 0774","20130902 221003 477 000003 0901 0774.bmp","20130902_221003_477_000003_0901_0774-Prosome_mask.png","20130902_221003_477_000003_0901_0774.bmp-Lipid_mask.png","MlongFlat","ArcticNet2013","Peelsound 1",2,"9/2/2013",119,271,"True",0.061106523534269,721,0.052093761680145,564,0.037119337557234,32249
"1658",2347,"20130902 221004 610 000000 0161 0566","20130902 221004 610 000000 0161 0566.bmp","20130902_221004_610_000000_0161_0566-Prosome_mask.png","20130902_221004_610_000000_0161_0566.bmp-Lipid_mask.png","CglacVdors","ArcticNet2013","Peelsound 1",2,"9/2/2013",267,278,"True",0.72212389380531,2756,0.331451789294116,3082,0.386744449084014,74226
"1659",2348,"20130902 221005 443 000000 0565 0230","20130902 221005 443 000000 0565 0230.bmp","20130902_221005_443_000000_0565_0230-Prosome_mask.png","20130902_221005_443_000000_0565_0230.bmp-Lipid_mask.png","MlongFlat","ArcticNet2013","Peelsound 1",2,"9/2/2013",114,298,"True",0.294921875,1499,0.143034666233415,490,0.030570718358608,33972
"1660",2349,"20130902 221006 543 000002 0209 0806","20130902 221006 543 000002 0209 0806.bmp","20130902_221006_543_000002_0209_0806-Prosome_mask.png","20130902_221006_543_000002_0209_0806.bmp-Lipid_mask.png","CglacIVdors","ArcticNet2013","Peelsound 1",2,"9/2/2013",233,329,"True",0.852631578947368,2229,0.247301612464781,2171,0.23846552941874,76657
"1661",2350,"20130902 221006 999 000001 0937 0534","20130902 221006 999 000001 0937 0534.bmp","20130902_221006_999_000001_0937_0534-Prosome_mask.png","20130902_221006_999_000001_0937_0534.bmp-Lipid_mask.png","MlongFlat","ArcticNet2013","Peelsound 1",2,"9/2/2013",140,245,"True",0.586934673366834,860,0.066442033568723,719,0.051894451054975,34300
"1662",2351,"20130902 221007 176 000000 0093 0826","20130902 221007 176 000000 0093 0826.bmp","20130902_221007_176_000000_0093_0826-Prosome_mask.png","20130902_221007_176_000000_0093_0826.bmp-Lipid_mask.png","ChypFlat","ArcticNet2013","Peelsound 1",2,"9/2/2013",119,513,"True",0.079749478079332,6234,1.02238209419094,4110,0.575356160753552,61047
"1663",2353,"20130902 221007 542 000001 0817 0262","20130902 221007 542 000001 0817 0262.bmp","20130902_221007_542_000001_0817_0262-Prosome_mask.png","20130902_221007_542_000001_0817_0262.bmp-Lipid_mask.png","CglacVlat","ArcticNet2013","Peelsound 1",2,"9/2/2013",246,157,"True",0.833538083538084,3023,0.376564778732809,2947,0.363562968711906,38622
"1664",2354,"20130902 221008 109 000000 0653 0846","20130902 221008 109 000000 0653 0846.bmp","20130902_221008_109_000000_0653_0846-Prosome_mask.png","20130902_221008_109_000000_0653_0846.bmp-Lipid_mask.png","MlongFdorsEx","ArcticNet2013","Peelsound 1",2,"9/2/2013",140,245,"True",0.707109004739336,822,0.062424944049961,979,0.079453890636317,34300
"1665",2355,"20130902 221008 504 000000 0442 0506","20130902 221008 504 000000 0442 0506.bmp","20130902_221008_504_000000_0442_0506-Prosome_mask.png","20130902_221008_504_000000_0442_0506.bmp-Lipid_mask.png","ChypFlat","ArcticNet2013","Peelsound 1",2,"9/2/2013",192,416,"True",0.8281079110463,4826,0.718101033584148,5203,0.796645914594769,79872
"1666",2356,"20130902 221008 575 000001 1069 0674","20130902 221008 575 000001 1069 0674.bmp","20130902_221008_575_000001_1069_0674-Prosome_mask.png","20130902_221008_575_000001_1069_0674.bmp-Lipid_mask.png","MlongFlat","ArcticNet2013","Peelsound 1",2,"9/2/2013",153,261,"True",0.460895975702354,751,0.055108446264401,1173,0.101968565646779,39933
"1667",2359,"20130902 221009 608 000001 0629 0758","20130902 221009 608 000001 0629 0758.bmp","20130902_221009_608_000001_0629_0758-Prosome_mask.png","20130902_221009_608_000001_0629_0758.bmp-Lipid_mask.png","ChypVlat","ArcticNet2013","Peelsound 1",2,"9/2/2013",250,386,"True",0.616887491578711,3142,0.397172877133552,4058,0.565334738279066,96500
"1668",2360,"20130902 221010 308 000000 0881 0282","20130902 221010 308 000000 0881 0282.bmp","20130902_221010_308_000000_0881_0282-Prosome_mask.png","20130902_221010_308_000000_0881_0282.bmp-Lipid_mask.png","CglacIVdors","ArcticNet2013","Peelsound 1",2,"9/2/2013",229,340,"True",0.666781887314207,2626,0.310071442443402,2196,0.242263326919268,77860
"1669",2361,"20130902 221010 974 000002 0113 0686","20130902 221010 974 000002 0113 0686.bmp","20130902_221010_974_000002_0113_0686-Prosome_mask.png","20130902_221010_974_000002_0113_0686.bmp-Lipid_mask.png","ChypIVlat","ArcticNet2013","Peelsound 1",2,"9/2/2013",170,261,"True",0.367509025270758,1550,0.149793440897285,2238,0.248680634620678,44370
"1670",2362,"20130902 221011 507 000004 1021 0750","20130902 221011 507 000004 1021 0750.bmp","20130902_221011_507_000004_1021_0750-Prosome_mask.png","20130902_221011_507_000004_1021_0750.bmp-Lipid_mask.png","ChypIVlat","ArcticNet2013","Peelsound 1",2,"9/2/2013",148,251,"True",0.576905929558627,1454,0.137143091310941,2083,0.225230004806092,37148
"1671",2363,"20130902 221011 907 000000 0445 0246","20130902 221011 907 000000 0445 0246.bmp","20130902_221011_907_000000_0445_0246-Prosome_mask.png","20130902_221011_907_000000_0445_0246.bmp-Lipid_mask.png","ChypIVlat","ArcticNet2013","Peelsound 1",2,"9/2/2013",110,278,"True",0.845501363223266,2822,0.342455169594852,3270,0.419672925414477,30580
"1672",2364,"20130902 221013 606 000002 0445 0642","20130902 221013 606 000002 0445 0642.bmp","20130902_221013_606_000002_0445_0642-Prosome_mask.png","20130902_221013_606_000002_0445_0642.bmp-Lipid_mask.png","ChypIVlat","ArcticNet2013","Peelsound 1",2,"9/2/2013",237,168,"True",0.844382691544264,2214,0.245007943145786,2432,0.278910446544925,39816
"1673",2366,"20130902 221034 760 000000 0162 0718","20130902 221034 760 000000 0162 0718.bmp","20130902_221034_760_000000_0162_0718-Prosome_mask.png","20130902_221034_760_000000_0162_0718.bmp-Lipid_mask.png","CglacFlat","ArcticNet2013","Peelsound 1",2,"9/2/2013",212,192,"True",0.773026315789474,2393,0.272757045581378,2458,0.283033632994577,40704
"1674",2368,"20130902 221036 459 000000 0458 0122","20130902 221036 459 000000 0458 0122.bmp","20130902_221036_459_000000_0458_0122-Prosome_mask.png","20130902_221036_459_000000_0458_0122.bmp-Lipid_mask.png","ChypFlat","ArcticNet2013","Peelsound 1",2,"9/2/2013",148,440,"True",0.783620288506282,3803,0.516903392658825,3863,0.528191187229864,65120
"1675",2369,"20130902 221040 312 000000 0295 0190","20130902 221040 312 000000 0295 0190.bmp","20130902_221040_312_000000_0295_0190-Prosome_mask.png","20130902_221040_312_000000_0295_0190.bmp-Lipid_mask.png","ChypFlat","ArcticNet2013","Peelsound 1",2,"9/2/2013",440,267,"True",0.838339920948616,4469,0.645840600084547,4833,0.719538822051544,117480
"1676",2370,"20130902 221041 091 000000 0534 0682","20130902 221041 091 000000 0534 0682.bmp","20130902_221041_091_000000_0534_0682-Prosome_mask.png","20130902_221041_091_000000_0534_0682.bmp-Lipid_mask.png","ChypIVlat","ArcticNet2013","Peelsound 1",2,"9/2/2013",156,288,"True",0.872222222222222,2212,0.244702565621837,2169,0.238162420419354,44928
"1677",2371,"20130902 221041 412 000002 0627 0374","20130902 221041 412 000002 0627 0374.bmp","20130902_221041_412_000002_0627_0374-Prosome_mask.png","20130902_221041_412_000002_0627_0374.bmp-Lipid_mask.png","CglacFdorsS","ArcticNet2013","Peelsound 1",2,"9/2/2013",177,165,"True",0.807092632222562,2856,0.348162004313553,3055,0.382076678502605,29205
"1678",2372,"20130902 221042 145 000000 0147 0698","20130902 221042 145 000000 0147 0698.bmp","20130902_221042_145_000000_0147_0698-Prosome_mask.png","20130902_221042_145_000000_0147_0698.bmp-Lipid_mask.png","ChypVdors","ArcticNet2013","Peelsound 1",2,"9/2/2013",199,184,"True",0.763454317897372,3430,0.448271304774173,3615,0.48197499757295,36616
"1679",2373,"20130902 221042 745 000000 0039 0154","20130902 221042 745 000000 0039 0154.bmp","20130902_221042_745_000000_0039_0154-Prosome_mask.png","20130902_221042_745_000000_0039_0154.bmp-Lipid_mask.png","CglacVdorsex","ArcticNet2013","Peelsound 1",2,"9/2/2013",301,331,"True",0.407502863688431,2571,0.301145182014659,2344,0.265079749619717,99631
"1680",2374,"20130902 221047 343 000001 0807 0446","20130902 221047 343 000001 0807 0446.bmp","20130902_221047_343_000001_0807_0446-Prosome_mask.png","20130902_221047_343_000001_0807_0446.bmp-Lipid_mask.png","CglacFdorsS","ArcticNet2013","Peelsound 1",2,"9/2/2013",229,203,"True",0.761413383364603,2987,0.370390347901035,2646,0.313335089185299,46487
"1681",2375,"20130902 221049 720 000001 0354 0702","20130902 221049 720 000001 0354 0702.bmp","20130902_221049_720_000001_0354_0702-Prosome_mask.png","20130902_221049_720_000001_0354_0702.bmp-Lipid_mask.png","ChypVlat","ArcticNet2013","Peelsound 1",2,"9/2/2013",148,340,"True",0.7527972937809,2980,0.369193033923431,3756,0.50810838156728,50320
"1682",2376,"20130902 221049 820 000000 0110 0578","20130902 221049 820 000000 0110 0578.bmp","20130902_221049_820_000000_0110_0578-Prosome_mask.png","20130902_221049_820_000000_0110_0578.bmp-Lipid_mask.png","MlongFlat","ArcticNet2013","Peelsound 1",2,"9/2/2013",148,196,"True",0.645043731778426,1173,0.101968565646779,1084,0.091448263475575,29008
"1683",2378,"20130902 221050 720 000000 0998 0530","20130902 221050 720 000000 0998 0530.bmp","20130902_221050_720_000000_0998_0530-Prosome_mask.png","20130902_221050_720_000000_0998_0530.bmp-Lipid_mask.png","MlongFlat","ArcticNet2013","Peelsound 1",2,"9/2/2013",188,164,"True",0.745521927115503,1256,0.112057455311407,1570,0.152467252369044,30832
"1684",2379,"20130902 221054 152 000000 0086 0270","20130902 221054 152 000000 0086 0270.bmp","20130902_221054_152_000000_0086_0270-Prosome_mask.png","20130902_221054_152_000000_0086_0270.bmp-Lipid_mask.png","CglacVdorsex","ArcticNet2013","Peelsound 1",2,"9/2/2013",260,228,"True",0.804044008325899,2837,0.34496968884385,3230,0.412605045490821,59280
"1685",2381,"20130902 221054 552 000000 0822 0142","20130902 221054 552 000000 0822 0142.bmp","20130902_221054_552_000000_0822_0142-Prosome_mask.png","20130902_221054_552_000000_0822_0142.bmp-Lipid_mask.png","MlongFdorsEx","ArcticNet2013","Peelsound 1",2,"9/2/2013",120,244,"True",0.448685326547922,680,0.048050438255009,1028,0.084993468317365,29280
"1686",2383,"20130902 221100 504 000000 0111 0414","20130902 221100 504 000000 0111 0414.bmp","20130902_221100_504_000000_0111_0414-Prosome_mask.png","20130902_221100_504_000000_0111_0414.bmp-Lipid_mask.png","CglacVdors","ArcticNet2013","Peelsound 1",2,"9/2/2013",199,237,"True",0.845590925722649,2355,0.266797964209574,2689,0.320383661672599,47163
"1687",2384,"20130902 221102 437 000002 0159 0654","20130902 221102 437 000002 0159 0654.bmp","20130902_221102_437_000002_0159_0654-Prosome_mask.png","20130902_221102_437_000002_0159_0654.bmp-Lipid_mask.png","CglacIVdors","ArcticNet2013","Peelsound 1",2,"9/2/2013",237,207,"True",0.833740831295843,1880,0.195511760132928,1870,0.194078072621879,49059
"1688",2385,"20130902 221103 070 000000 0043 0674","20130902 221103 070 000000 0043 0674.bmp","20130902_221103_070_000000_0043_0674-Prosome_mask.png","20130902_221103_070_000000_0043_0674.bmp-Lipid_mask.png","ChypFlat","ArcticNet2013","Peelsound 1",2,"9/2/2013",368,105,"True",0.598595213319459,2454,0.282398212968976,3691,0.496013887285842,38640
"1689",2386,"20130902 221103 103 000001 0575 0634","20130902 221103 103 000001 0575 0634.bmp","20130902_221103_103_000001_0575_0634-Prosome_mask.png","20130902_221103_103_000001_0575_0634.bmp-Lipid_mask.png","ChypFlat","ArcticNet2013","Peelsound 1",2,"9/2/2013",380,139,"True",0.179533462926965,5838,0.933855108083382,2657,0.315134099161603,52820
"1690",2388,"20130902 221106 202 000000 0831 0130","20130902 221106 202 000000 0831 0130.bmp","20130902_221106_202_000000_0831_0130-Prosome_mask.png","20130902_221106_202_000000_0831_0130.bmp-Lipid_mask.png","CglacIVdors","ArcticNet2013","Peelsound 1",2,"9/2/2013",244,203,"True",0.796774193548387,1574,0.153003574933896,1768,0.179622432445169,49532
"1691",2389,"20130902 221106 868 000002 0063 0534","20130902 221106 868 000002 0063 0534.bmp","20130902_221106_868_000002_0063_0534-Prosome_mask.png","20130902_221106_868_000002_0063_0534.bmp-Lipid_mask.png","ChypIVlat","ArcticNet2013","Peelsound 1",2,"9/2/2013",188,150,"True",0.433015554440542,1220,0.107649401571551,1636,0.161382339377546,28200
"1692",2391,"20130902 221141 666 000000 0734 0310","20130902 221141 666 000000 0734 0310.bmp","20130902_221141_666_000000_0734_0310-Prosome_mask.png","20130902_221141_666_000000_0734_0310.bmp-Lipid_mask.png","MlongFlat","ArcticNet2013","Peelsound 1",2,"9/2/2013",188,148,"True",0.150255288110868,1193,0.104375571354055,384,0.021837963873229,27824
"1693",2392,"20130902 221142 365 000000 0318 0266","20130902 221142 365 000000 0318 0266.bmp","20130902_221142_365_000000_0318_0266-Prosome_mask.png","20130902_221142_365_000000_0318_0266.bmp-Lipid_mask.png","ChypFlat","ArcticNet2013","Peelsound 1",2,"9/2/2013",284,468,"True",0.819921407825047,5281,0.813173776099685,5371,0.832359927781701,132912
"1694",2393,"20130902 221143 465 000002 0650 0450","20130902 221143 465 000002 0650 0450.bmp","20130902_221143_465_000002_0650_0450-Prosome_mask.png","20130902_221143_465_000002_0650_0450.bmp-Lipid_mask.png","CglacFdorsS","ArcticNet2013","Peelsound 1",2,"9/2/2013",176,188,"True",0.807271652379545,2872,0.350856538727984,3242,0.414721936811555,33088
"1695",2394,"20130902 221144 198 000000 0170 0774","20130902 221144 198 000000 0170 0774.bmp","20130902_221144_198_000000_0170_0774-Prosome_mask.png","20130902_221144_198_000000_0170_0774.bmp-Lipid_mask.png","ChypVdors","ArcticNet2013","Peelsound 1",2,"9/2/2013",196,212,"True",0.856295944984586,3876,0.530645705604162,3952,0.545057632047863,41552
"1696",2395,"20130902 221144 798 000000 0062 0230","20130902 221144 798 000000 0062 0230.bmp","20130902_221144_798_000000_0062_0230-Prosome_mask.png","20130902_221144_798_000000_0062_0230.bmp-Lipid_mask.png","CglacVdorsex","ArcticNet2013","Peelsound 1",2,"9/2/2013",352,320,"True",0.489586388970372,2337,0.263987933688228,2741,0.328964870217415,112640
"1697",2396,"20130902 221149 396 000001 0830 0522","20130902 221149 396 000001 0830 0522.bmp","20130902_221149_396_000001_0830_0522-Prosome_mask.png","20130902_221149_396_000001_0830_0522.bmp-Lipid_mask.png","CglacFdorsS","ArcticNet2013","Peelsound 1",2,"9/2/2013",216,244,"True",0.767456556082148,2745,0.329627544213955,2849,0.34698494620763,52704
"1698",2397,"20130902 221158 292 000001 0938 0266","20130902 221158 292 000001 0938 0266.bmp","20130902_221158_292_000001_0938_0266-Prosome_mask.png","20130902_221158_292_000001_0938_0266.bmp-Lipid_mask.png","CglacIVdors","ArcticNet2013","Peelsound 1",2,"9/2/2013",324,236,"True",0.821677162744448,2968,0.367142981895901,2528,0.294216760702057,76464
"1699",2398,"20130902 221158 992 000000 0122 0234","20130902 221158 992 000000 0122 0234.bmp","20130902_221158_992_000000_0122_0234-Prosome_mask.png","20130902_221158_992_000000_0122_0234.bmp-Lipid_mask.png","MlongFlat","ArcticNet2013","Peelsound 1",2,"9/2/2013",212,132,"True",0.414634146341463,954,0.076667589819797,1018,0.083854618455637,27984
"1700",2399,"20130902 221200 725 000005 0806 0702","20130902 221200 725 000005 0806 0702.bmp","20130902_221200_725_000005_0806_0702-Prosome_mask.png","20130902_221200_725_000005_0806_0702.bmp-Lipid_mask.png","ChypIVlat","ArcticNet2013","Peelsound 1",2,"9/2/2013",144,220,"True",0.454149829033261,1872,0.194364577598438,2806,0.339778608628245,31680
"1701",2400,"20130902 221201 024 000007 0142 0702","20130902 221201 024 000007 0142 0702.bmp","20130902_221201_024_000007_0142_0702-Prosome_mask.png","20130902_221201_024_000007_0142_0702.bmp-Lipid_mask.png","ChypIVlat","ArcticNet2013","Peelsound 1",2,"9/2/2013",224,168,"True",0.83004455760662,1457,0.137533734283756,1418,0.132479369378399,37632
"1702",2403,"20130902 221202 124 000005 0298 0790","20130902 221202 124 000005 0298 0790.bmp","20130902_221202_124_000005_0298_0790-Prosome_mask.png","20130902_221202_124_000005_0298_0790.bmp-Lipid_mask.png","MlongFlat","ArcticNet2013","Peelsound 1",2,"9/2/2013",88,204,"True",0.343256379100851,1082,0.091215506377139,1129,0.096728108080671,17952
"1703",2404,"20130902 221202 257 000000 0114 0486","20130902 221202 257 000000 0114 0486.bmp","20130902_221202_257_000000_0114_0486-Prosome_mask.png","20130902_221202_257_000000_0114_0486.bmp-Lipid_mask.png","MlongVdorsEX","ArcticNet2013","Peelsound 1",2,"9/2/2013",176,152,"True",0.702127659574468,1154,0.099696306651787,846,0.064954037927483,26752
"1704",2405,"20130902 221202 257 000003 0118 0730","20130902 221202 257 000003 0118 0730.bmp","20130902_221202_257_000003_0118_0730-Prosome_mask.png","20130902_221202_257_000003_0118_0730.bmp-Lipid_mask.png","ChypIIIlat","ArcticNet2013","Peelsound 1",2,"9/2/2013",128,108,"True",0.731045490822027,997,0.081476876597438,1172,0.101848622063146,13824
"1705",2406,"20130902 221202 290 000005 0770 0718","20130902 221202 290 000005 0770 0718.bmp","20130902_221202_290_000005_0770_0718-Prosome_mask.png","20130902_221202_290_000005_0770_0718.bmp-Lipid_mask.png","cglac3hyp2lat","ArcticNet2013","Peelsound 1",2,"9/2/2013",140,100,"True",0.717647058823529,1222,0.107893012112694,1114,0.094959105925679,14000
"1706",2407,"20130902 221202 557 000000 0134 0490","20130902 221202 557 000000 0134 0490.bmp","20130902_221202_557_000000_0134_0490-Prosome_mask.png","20130902_221202_557_000000_0134_0490.bmp-Lipid_mask.png","CglacVdors","ArcticNet2013","Peelsound 1",2,"9/2/2013",252,212,"True",0.792,3049,0.381041518471404,2775,0.334609276006193,53424
"1707",2409,"20130902 221204 490 000002 0182 0730","20130902 221204 490 000002 0182 0730.bmp","20130902_221204_490_000002_0182_0730-Prosome_mask.png","20130902_221204_490_000002_0182_0730.bmp-Lipid_mask.png","CglacIVdors","ArcticNet2013","Peelsound 1",2,"9/2/2013",220,252,"True",0.840159045725646,2449,0.281604491280368,2179,0.239679026087816,55440
"1708",2410,"20130902 221205 123 000000 0066 0750","20130902 221205 123 000000 0066 0750.bmp","20130902_221205_123_000000_0066_0750-Prosome_mask.png","20130902_221205_123_000000_0066_0750.bmp-Lipid_mask.png","ChypFlat","ArcticNet2013","Peelsound 1",2,"9/2/2013",112,392,"True",0.108368103847937,5897,0.946904128117064,3666,0.491383590372067,43904
"1709",2412,"20130902 221205 489 000001 0790 0186","20130902 221205 489 000001 0790 0186.bmp","20130902_221205_489_000001_0790_0186-Prosome_mask.png","20130902_221205_489_000001_0790_0186.bmp-Lipid_mask.png","CglacVlat","ArcticNet2013","Peelsound 1",2,"9/2/2013",232,120,"True",0.807329842931937,2599,0.305680488898367,2579,0.302439078206,27840
"1710",2413,"20130902 221206 056 000000 0626 0770","20130902 221206 056 000000 0626 0770.bmp","20130902_221206_056_000000_0626_0770-Prosome_mask.png","20130902_221206_056_000000_0626_0770.bmp-Lipid_mask.png","MlongFdorsEx","ArcticNet2013","Peelsound 1",2,"9/2/2013",132,188,"True",0.616382806163828,1098,0.093082123619622,895,0.070202219401012,24816
"1711",2414,"20130902 221206 522 000001 1042 0598","20130902 221206 522 000001 1042 0598.bmp","20130902_221206_522_000001_1042_0598-Prosome_mask.png","20130902_221206_522_000001_1042_0598.bmp-Lipid_mask.png","MlongFlat","ArcticNet2013","Peelsound 1",2,"9/2/2013",144,200,"True",0.334690553745928,890,0.069661570734796,749,0.054906019755414,28800
"1712",2415,"20130902 221207 455 000001 0518 0626","20130902 221207 455 000001 0518 0626.bmp","20130902_221207_455_000001_0518_0626-Prosome_mask.png","20130902_221207_455_000001_0518_0626.bmp-Lipid_mask.png","cglac3hyp2dors","ArcticNet2013","Peelsound 1",2,"9/2/2013",132,152,"True",0.67644726407613,1066,0.089359348967624,1048,0.087283795603685,20064
"1713",2416,"20130902 221207 522 000000 0558 0622","20130902 221207 522 000000 0558 0622.bmp","20130902_221207_522_000000_0558_0622-Prosome_mask.png","20130902_221207_522_000000_0558_0622.bmp-Lipid_mask.png","cglac3hyp2dors","ArcticNet2013","Peelsound 1",2,"9/2/2013",152,148,"True",0.474219810040706,1099,0.093199132321098,1074,0.090286114181454,22496
"1714",2417,"20130902 221207 555 000001 0602 0682","20130902 221207 555 000001 0602 0682.bmp","20130902_221207_555_000001_0602_0682-Prosome_mask.png","20130902_221207_555_000001_0602_0682.bmp-Lipid_mask.png","ChypVlat","ArcticNet2013","Peelsound 1",2,"9/2/2013",236,296,"True",0.79900549594347,3278,0.421090461091052,3596,0.478482673701904,69856
"1715",2418,"20130902 221208 155 000000 0906 0114","20130902 221208 155 000000 0906 0114.bmp","20130902_221208_155_000000_0906_0114-Prosome_mask.png","20130902_221208_155_000000_0906_0114.bmp-Lipid_mask.png","CglacIVdors","ArcticNet2013","Peelsound 1",2,"9/2/2013",68,212,"True",0.737619047619048,1971,0.208690459393091,1678,0.167127514144981,14416
"1716",2419,"20130902 221208 255 000000 0854 0206","20130902 221208 255 000000 0854 0206.bmp","20130902_221208_255_000000_0854_0206-Prosome_mask.png","20130902_221208_255_000000_0854_0206.bmp-Lipid_mask.png","CglacIVdors","ArcticNet2013","Peelsound 1",2,"9/2/2013",216,260,"True",0.66203007518797,2381,0.270871316939585,2040,0.218838981379404,56160
"1717",2421,"20130902 221209 454 000004 0994 0674","20130902 221209 454 000004 0994 0674.bmp","20130902_221209_454_000004_0994_0674-Prosome_mask.png","20130902_221209_454_000004_0994_0674.bmp-Lipid_mask.png","ChypIVlat","ArcticNet2013","Peelsound 1",2,"9/2/2013",140,192,"True",0.102448210922787,1333,0.121646791806857,1594,0.155692944112251,26880
"1718",2423,"20130902 221211 553 000002 0418 0566","20130902 221211 553 000002 0418 0566.bmp","20130902_221211_553_000002_0418_0566-Prosome_mask.png","20130902_221211_553_000002_0418_0566.bmp-Lipid_mask.png","ChypIVlat","ArcticNet2013","Peelsound 1",2,"9/2/2013",224,128,"True",0.541856392294221,2195,0.242111098111231,2207,0.243939580894595,28672
